turno,replica,braco,veiculos,dist_km,tempo_min,custo_brl,servidas,demanda_total,cobertura,custo_por_pass,pico,pico_repositorio,superlotados,desconforto,acima_tempo,paradas_repetidas
manha_1,0,cw1,4,166.4,362.0,404.12,178,198,89.8989898989899,2.270337078651685,46,68,0,30,2,4
manha_1,0,cw13,4,165.6,360.0,402.18,178,198,89.8989898989899,2.259438202247191,47,68,0,31,2,4
manha_1,0,multi,5,202.2,430.0,491.06,178,198,89.8989898989899,2.7587640449438204,43,43,0,10,0,0
manha_1,1,cw1,4,173.0,366.0,420.15,173,198,87.37373737373737,2.4286127167630056,46,55,0,20,1,5
manha_1,1,cw13,4,159.95,334.0,388.46,173,198,87.37373737373737,2.2454335260115608,46,55,0,20,0,5
manha_1,1,multi,6,233.15,491.0,566.22,173,198,87.37373737373737,3.272947976878613,42,42,0,6,0,1
manha_1,2,cw1,4,165.15,366.0,401.08,178,198,89.8989898989899,2.253258426966292,47,57,0,29,3,4
manha_1,2,cw13,4,164.05,359.0,398.41,178,198,89.8989898989899,2.238258426966292,46,58,0,29,2,4
manha_1,2,multi,6,245.35,522.0,595.86,178,198,89.8989898989899,3.3475280898876405,48,48,0,19,0,0
manha_1,3,cw1,5,194.65,417.0,472.72,184,198,92.92929292929293,2.569130434782609,43,49,0,19,2,2
manha_1,3,cw13,5,188.25,398.0,457.18,184,198,92.92929292929293,2.4846739130434785,43,44,0,15,1,1
manha_1,3,multi,6,230.85,500.0,560.64,184,198,92.92929292929293,3.0469565217391303,47,47,0,15,0,0
manha_1,4,cw1,4,170.0,369.0,412.86,178,198,89.8989898989899,2.319438202247191,47,58,0,30,2,3
manha_1,4,cw13,4,162.15,351.0,393.79,178,198,89.8989898989899,2.212303370786517,47,49,0,30,2,2
manha_1,4,multi,6,242.05,506.0,587.85,178,198,89.8989898989899,3.3025280898876406,43,43,0,12,0,0
manha_1,5,cw1,4,175.8,380.0,426.95,177,198,89.39393939393939,2.4121468926553673,48,60,0,32,3,1
manha_1,5,cw13,4,170.9,367.0,415.05,177,198,89.39393939393939,2.3449152542372884,48,53,0,32,2,2
manha_1,5,multi,6,230.15,487.0,558.94,177,198,89.39393939393939,3.157853107344633,48,48,0,23,0,0
manha_1,6,cw1,4,165.7,365.0,402.42,178,198,89.8989898989899,2.2607865168539325,46,61,0,28,3,5
manha_1,6,cw13,4,162.5,354.0,394.65,178,198,89.8989898989899,2.2171348314606742,46,61,0,30,2,4
manha_1,6,multi,5,203.9,439.0,495.2,178,198,89.8989898989899,2.7820224719101123,37,37,0,1,0,2
manha_1,7,cw1,4,161.45,346.0,392.1,171,198,86.36363636363636,2.292982456140351,45,48,0,23,2,4
manha_1,7,cw13,4,162.25,349.0,394.04,171,198,86.36363636363636,2.3043274853801172,44,48,0,23,2,4
manha_1,7,multi,6,238.7,507.0,579.7,171,198,86.36363636363636,3.390058479532164,44,44,0,11,0,1
manha_1,8,cw1,5,181.5,385.0,440.79,177,198,89.39393939393939,2.4903389830508478,48,48,0,19,1,2
manha_1,8,cw13,5,186.3,402.0,452.44,177,198,89.39393939393939,2.5561581920903955,47,47,0,12,1,1
manha_1,8,multi,6,242.05,529.0,587.84,177,198,89.39393939393939,3.321129943502825,44,44,0,11,0,0
manha_1,9,cw1,4,163.0,347.0,395.86,179,198,90.4040404040404,2.211508379888268,48,61,0,30,2,2
manha_1,9,cw13,4,159.2,338.0,386.64,179,198,90.4040404040404,2.16,48,60,0,30,1,2
manha_1,9,multi,6,244.45,525.0,593.67,179,198,90.4040404040404,3.3165921787709496,48,48,0,26,0,1
manha_1,10,cw1,4,161.2,347.0,391.49,173,198,87.37373737373737,2.2629479768786127,48,48,0,33,2,2
manha_1,10,cw13,4,159.25,341.0,386.75,173,198,87.37373737373737,2.235549132947977,48,48,0,33,2,1
manha_1,10,multi,6,249.5,525.0,605.94,173,198,87.37373737373737,3.5025433526011565,47,47,0,12,1,8
manha_1,11,cw1,5,184.85,395.0,448.94,182,198,91.91919191919192,2.466703296703297,45,49,0,22,2,3
manha_1,11,cw13,5,186.35,401.0,452.57,182,198,91.91919191919192,2.4866483516483515,45,49,0,19,2,3
manha_1,11,multi,6,231.9,502.0,563.19,182,198,91.91919191919192,3.0944505494505496,41,41,0,8,1,0
manha_1,12,cw1,5,182.05,390.0,442.14,183,198,92.42424242424242,2.4160655737704917,43,43,0,21,2,2
manha_1,12,cw13,5,187.65,397.0,455.73,183,198,92.42424242424242,2.490327868852459,42,42,0,11,1,2
manha_1,12,multi,6,242.7,526.0,589.42,183,198,92.42424242424242,3.2208743169398906,46,46,0,10,0,0
manha_1,13,cw1,5,198.85,427.0,482.94,187,198,94.44444444444444,2.582566844919786,48,64,0,22,2,1
manha_1,13,cw13,5,185.15,399.0,449.65,187,198,94.44444444444444,2.4045454545454543,48,48,0,22,0,2
manha_1,13,multi,6,225.65,479.0,548.0,187,198,94.44444444444444,2.93048128342246,38,38,0,4,0,0
manha_1,14,cw1,4,181.35,394.0,440.43,181,198,91.41414141414141,2.433314917127072,48,58,0,33,4,5
manha_1,14,cw13,4,174.45,378.0,423.67,181,198,91.41414141414141,2.340718232044199,47,53,0,33,2,3
manha_1,14,multi,6,244.65,521.0,594.16,181,198,91.41414141414141,3.2826519337016573,40,40,0,6,0,0
manha_1,15,cw1,4,156.8,340.0,380.81,176,198,88.88888888888889,2.1636931818181817,47,47,0,32,2,1
manha_1,15,cw13,4,157.4,331.0,382.26,176,198,88.88888888888889,2.171931818181818,46,46,0,32,1,1
manha_1,15,multi,6,230.65,497.0,560.17,176,198,88.88888888888889,3.1827840909090908,48,48,0,16,0,0
manha_1,16,cw1,5,185.3,399.0,450.02,179,198,90.4040404040404,2.5140782122905025,42,55,0,9,2,3
manha_1,16,cw13,5,184.8,401.0,448.81,179,198,90.4040404040404,2.50731843575419,44,55,0,17,2,2
manha_1,16,multi,5,200.35,432.0,486.56,179,198,90.4040404040404,2.7182122905027932,43,43,0,14,0,0
manha_1,17,cw1,5,185.4,397.0,450.26,184,198,92.92929292929293,2.4470652173913043,43,59,0,19,2,3
manha_1,17,cw13,5,184.7,395.0,448.57,184,198,92.92929292929293,2.437880434782609,45,57,0,16,1,2
manha_1,17,multi,6,244.7,520.0,594.28,184,198,92.92929292929293,3.229782608695652,48,48,0,18,0,0
manha_1,18,cw1,4,161.35,347.0,391.85,176,198,88.88888888888889,2.2264204545454547,47,51,0,27,2,4
manha_1,18,cw13,4,162.15,350.0,393.8,176,198,88.88888888888889,2.2375000000000003,45,54,0,27,2,4
manha_1,18,multi,6,247.65,535.0,601.44,176,198,88.88888888888889,3.4172727272727275,39,39,0,5,1,8
manha_1,19,cw1,4,156.85,337.0,380.93,176,198,88.88888888888889,2.164375,48,56,0,31,1,2
manha_1,19,cw13,4,157.65,340.0,382.87,176,198,88.88888888888889,2.175397727272727,47,57,0,31,1,2
manha_1,19,multi,6,215.9,458.0,524.34,176,198,88.88888888888889,2.9792045454545457,48,48,0,22,0,0
manha_1,20,cw1,4,166.1,364.0,403.39,179,198,90.4040404040404,2.2535754189944135,47,53,0,34,2,2
manha_1,20,cw13,4,165.2,354.0,401.2,179,198,90.4040404040404,2.2413407821229048,47,52,0,33,2,2
manha_1,20,multi,6,240.75,510.0,584.67,179,198,90.4040404040404,3.266312849162011,40,40,0,6,1,0
manha_1,21,cw1,4,165.25,355.0,401.32,178,198,89.8989898989899,2.2546067415730335,48,55,0,34,3,2
manha_1,21,cw13,4,161.45,348.0,392.1,178,198,89.8989898989899,2.202808988764045,48,55,0,34,2,2
manha_1,21,multi,6,225.7,490.0,548.13,178,198,89.8989898989899,3.07938202247191,48,48,0,12,0,0
manha_1,22,cw1,5,188.7,392.0,458.27,182,198,91.91919191919192,2.5179670329670327,47,48,0,21,0,2
manha_1,22,cw13,5,182.55,381.0,443.34,182,198,91.91919191919192,2.435934065934066,47,47,0,27,0,0
manha_1,22,multi,6,232.2,509.0,563.92,182,198,91.91919191919192,3.0984615384615384,43,43,0,7,0,10
manha_1,23,cw1,4,174.9,373.0,424.76,177,198,89.39393939393939,2.399774011299435,46,57,0,31,2,3
manha_1,23,cw13,4,159.95,340.0,388.45,177,198,89.39393939393939,2.194632768361582,46,57,0,31,2,4
manha_1,23,multi,5,202.95,436.0,492.89,177,198,89.39393939393939,2.784689265536723,46,46,0,14,0,1
manha_1,24,cw1,4,159.15,336.0,386.51,179,198,90.4040404040404,2.15927374301676,46,60,0,31,1,3
manha_1,24,cw13,4,158.75,338.0,385.54,179,198,90.4040404040404,2.153854748603352,47,47,0,32,1,2
manha_1,24,multi,5,205.4,441.0,498.84,179,198,90.4040404040404,2.7868156424581003,47,47,0,21,0,0
manha_1,25,cw1,4,168.65,361.0,409.58,181,198,91.41414141414141,2.2628729281767956,47,63,0,34,2,3
manha_1,25,cw13,4,155.15,334.0,376.79,181,198,91.41414141414141,2.0817127071823207,47,63,0,33,1,4
manha_1,25,multi,6,207.85,448.0,504.78,181,198,91.41414141414141,2.788839779005525,48,48,0,18,0,0
manha_1,26,cw1,4,170.4,371.0,413.83,176,198,88.88888888888889,2.351306818181818,48,48,0,29,3,3
manha_1,26,cw13,4,169.4,370.0,411.4,176,198,88.88888888888889,2.3375,48,48,0,30,3,3
manha_1,26,multi,5,188.45,400.0,457.67,176,198,88.88888888888889,2.6003977272727274,48,48,0,21,0,1
manha_1,27,cw1,5,195.0,416.0,473.58,181,198,91.41414141414141,2.61646408839779,46,46,0,16,1,2
manha_1,27,cw13,5,195.2,410.0,474.06,181,198,91.41414141414141,2.6191160220994476,46,46,0,24,0,0
manha_1,27,multi,6,224.45,469.0,545.1,181,198,91.41414141414141,3.0116022099447517,39,39,0,7,0,0
manha_1,28,cw1,5,192.7,417.0,468.0,181,198,91.41414141414141,2.585635359116022,47,50,0,24,2,2
manha_1,28,cw13,5,182.0,388.0,442.0,181,198,91.41414141414141,2.4419889502762433,47,47,0,13,1,2
manha_1,28,multi,5,199.45,426.0,484.39,181,198,91.41414141414141,2.6761878453038674,47,47,0,16,0,0
manha_1,29,cw1,4,163.6,353.0,397.32,177,198,89.39393939393939,2.2447457627118643,48,67,0,30,2,3
manha_1,29,cw13,4,160.65,347.0,390.16,177,198,89.39393939393939,2.2042937853107345,47,49,0,30,2,2
manha_1,29,multi,6,239.15,507.0,580.81,177,198,89.39393939393939,3.281412429378531,38,38,0,2,0,0
manha_1,30,cw1,5,193.2,413.0,469.21,182,198,91.91919191919192,2.578076923076923,42,43,0,15,1,2
manha_1,30,cw13,5,183.7,398.0,446.14,182,198,91.91919191919192,2.451318681318681,41,41,0,9,1,2
manha_1,30,multi,6,247.0,529.0,599.86,182,198,91.91919191919192,3.295934065934066,38,38,0,2,0,0
manha_1,31,cw1,4,163.05,354.0,395.98,175,198,88.38383838383838,2.2627428571428574,44,62,0,19,1,5
manha_1,31,cw13,4,165.05,363.0,400.84,175,198,88.38383838383838,2.2905142857142855,44,62,0,19,2,5
manha_1,31,multi,7,269.75,581.0,655.12,175,198,88.38383838383838,3.7435428571428573,37,37,0,1,0,0
manha_1,32,cw1,4,162.05,351.0,393.56,173,198,87.37373737373737,2.274913294797688,48,57,0,33,1,3
manha_1,32,cw13,4,161.05,348.0,391.13,173,198,87.37373737373737,2.2608670520231215,48,56,0,33,1,3
manha_1,32,multi,6,235.15,486.0,571.08,173,198,87.37373737373737,3.301040462427746,46,46,0,11,0,0
manha_1,33,cw1,5,182.15,390.0,442.38,182,198,91.91919191919192,2.4306593406593406,47,49,0,17,2,3
manha_1,33,cw13,5,188.55,408.0,457.91,182,198,91.91919191919192,2.5159890109890113,39,43,0,7,2,3
manha_1,33,multi,6,244.4,526.0,593.55,182,198,91.91919191919192,3.2612637362637362,40,40,0,4,0,11
manha_1,34,cw1,5,188.35,407.0,457.44,184,198,92.92929292929293,2.486086956521739,46,46,0,17,2,1
manha_1,34,cw13,5,181.6,389.0,441.02,184,198,92.92929292929293,2.3968478260869563,43,44,0,9,1,1
manha_1,34,multi,6,205.3,452.0,498.59,184,198,92.92929292929293,2.709728260869565,36,36,0,0,0,0
manha_1,35,cw1,4,155.55,338.0,377.77,171,198,86.36363636363636,2.2091812865497076,47,50,0,26,1,3
manha_1,35,cw13,4,156.05,337.0,378.99,171,198,86.36363636363636,2.2163157894736845,47,55,0,26,1,3
manha_1,35,multi,6,248.15,528.0,602.66,171,198,86.36363636363636,3.524327485380117,42,42,0,8,0,0
manha_1,36,cw1,5,185.85,396.0,451.36,175,198,88.38383838383838,2.5792,45,49,0,17,1,2
manha_1,36,cw13,5,175.0,369.0,424.99,175,198,88.38383838383838,2.428514285714286,45,45,0,18,1,1
manha_1,36,multi,5,199.2,403.0,483.78,175,198,88.38383838383838,2.7644571428571427,48,48,0,16,0,0
manha_1,37,cw1,5,188.3,399.0,457.32,172,198,86.86868686868686,2.6588372093023254,48,48,0,19,1,1
manha_1,37,cw13,5,182.45,391.0,443.1,172,198,86.86868686868686,2.5761627906976745,48,48,0,18,0,0
manha_1,37,multi,6,242.75,508.0,589.54,172,198,86.86868686868686,3.4275581395348835,47,47,0,20,0,0
manha_1,38,cw1,4,161.0,343.0,391.0,181,198,91.41414141414141,2.160220994475138,48,61,0,32,3,3
manha_1,38,cw13,4,157.4,331.0,382.26,181,198,91.41414141414141,2.1119337016574584,48,61,0,32,1,3
manha_1,38,multi,5,203.45,434.0,494.1,181,198,91.41414141414141,2.7298342541436464,48,48,0,21,0,4
manha_1,39,cw1,4,160.55,347.0,389.92,173,198,87.37373737373737,2.253872832369942,48,51,0,27,2,3
manha_1,39,cw13,4,157.65,341.0,382.87,173,198,87.37373737373737,2.213121387283237,48,51,0,27,2,3
manha_1,39,multi,5,204.15,418.0,495.8,173,198,87.37373737373737,2.8658959537572253,47,47,0,11,0,1
manha_1,40,cw1,4,166.45,360.0,404.25,181,198,91.41414141414141,2.233425414364641,47,60,0,29,2,5
manha_1,40,cw13,4,163.25,350.0,396.48,181,198,91.41414141414141,2.190497237569061,47,60,0,29,2,5
manha_1,40,multi,6,244.8,528.0,594.52,181,198,91.41414141414141,3.2846408839779007,48,48,0,12,0,0
manha_1,41,cw1,4,161.8,352.0,392.95,171,198,86.36363636363636,2.297953216374269,47,53,0,25,2,3
manha_1,41,cw13,4,161.55,348.0,392.33,171,198,86.36363636363636,2.294327485380117,47,53,0,25,2,3
manha_1,41,multi,6,242.95,521.0,590.04,171,198,86.36363636363636,3.4505263157894737,42,42,0,9,0,0
manha_1,42,cw1,4,164.45,351.0,399.38,184,198,92.92929292929293,2.1705434782608695,48,54,0,39,2,1
manha_1,42,cw13,4,161.7,345.0,392.71,184,198,92.92929292929293,2.1342934782608696,47,56,0,39,2,1
manha_1,42,multi,5,187.4,400.0,455.13,184,198,92.92929292929293,2.473532608695652,47,47,0,19,0,0
manha_1,43,cw1,4,180.8,380.0,439.09,178,198,89.8989898989899,2.4667977528089886,46,58,0,33,3,2
manha_1,43,cw13,4,176.65,369.0,429.02,178,198,89.8989898989899,2.4102247191011235,46,65,0,33,3,3
manha_1,43,multi,5,209.5,440.0,508.8,178,198,89.8989898989899,2.858426966292135,48,48,0,13,0,0
manha_1,44,cw1,4,174.95,382.0,424.89,182,198,91.91919191919192,2.3345604395604393,48,49,0,30,4,5
manha_1,44,cw13,4,174.65,382.0,424.16,182,198,91.91919191919192,2.3305494505494506,48,49,0,30,4,5
manha_1,44,multi,6,238.35,510.0,578.86,182,198,91.91919191919192,3.1805494505494507,48,48,0,22,0,8
manha_1,45,cw1,5,193.05,409.0,468.85,179,198,90.4040404040404,2.61927374301676,45,53,0,18,1,1
manha_1,45,cw13,5,186.1,389.0,451.96,179,198,90.4040404040404,2.5249162011173185,43,43,0,16,0,1
manha_1,45,multi,5,203.3,423.0,493.74,179,198,90.4040404040404,2.7583240223463688,44,44,0,13,0,0
manha_1,46,cw1,4,175.05,386.0,425.13,175,198,88.38383838383838,2.4293142857142858,47,62,0,30,4,5
manha_1,46,cw13,4,168.75,365.0,409.83,175,198,88.38383838383838,2.341885714285714,47,58,0,28,2,4
manha_1,46,multi,6,223.35,486.0,542.42,175,198,88.38383838383838,3.0995428571428567,46,46,0,10,1,2
manha_1,47,cw1,4,162.2,349.0,393.92,176,198,88.88888888888889,2.2381818181818183,46,51,0,27,2,3
manha_1,47,cw13,4,162.9,348.0,395.61,176,198,88.88888888888889,2.247784090909091,46,52,0,27,2,3
manha_1,47,multi,6,231.9,473.0,563.18,176,198,88.88888888888889,3.1998863636363635,48,48,0,12,0,0
manha_1,48,cw1,4,160.15,342.0,388.94,177,198,89.39393939393939,2.197401129943503,45,56,0,28,2,3
manha_1,48,cw13,4,160.15,344.0,388.94,177,198,89.39393939393939,2.197401129943503,45,56,0,28,2,3
manha_1,48,multi,5,185.2,393.0,449.77,177,198,89.39393939393939,2.5410734463276836,43,43,0,15,0,0
manha_1,49,cw1,5,204.9,434.0,497.62,176,198,88.88888888888889,2.827386363636364,47,62,0,11,3,2
manha_1,49,cw13,5,188.1,399.0,456.82,176,198,88.88888888888889,2.595568181818182,47,62,0,20,1,2
manha_1,49,multi,7,282.75,604.0,686.7,176,198,88.88888888888889,3.9017045454545456,46,46,0,14,0,0
manha_1,50,cw1,4,166.05,353.0,403.27,173,198,87.37373737373737,2.3310404624277457,47,59,0,26,2,3
manha_1,50,cw13,4,161.6,346.0,392.46,173,198,87.37373737373737,2.2685549132947975,47,59,0,28,2,2
manha_1,50,multi,5,203.2,435.0,493.49,173,198,87.37373737373737,2.852543352601156,47,47,0,23,0,12
manha_1,51,cw1,4,171.1,373.0,415.53,174,198,87.87878787878788,2.388103448275862,48,58,0,29,3,3
manha_1,51,cw13,4,172.65,374.0,419.29,174,198,87.87878787878788,2.409712643678161,48,57,0,25,2,4
manha_1,51,multi,5,205.7,435.0,499.57,174,198,87.87878787878788,2.8710919540229884,47,47,0,19,0,0
manha_1,52,cw1,4,168.3,363.0,408.73,177,198,89.39393939393939,2.3092090395480227,47,51,0,32,2,2
manha_1,52,cw13,4,162.85,346.0,395.5,177,198,89.39393939393939,2.2344632768361583,47,51,0,32,2,2
manha_1,52,multi,6,237.55,502.0,576.92,177,198,89.39393939393939,3.2594350282485873,46,46,0,10,0,0
manha_1,53,cw1,5,184.95,397.0,449.17,174,198,87.87878787878788,2.5814367816091957,46,48,0,14,2,1
manha_1,53,cw13,5,176.3,379.0,428.17,174,198,87.87878787878788,2.4607471264367815,41,41,0,5,0,1
manha_1,53,multi,6,238.4,513.0,578.97,174,198,87.87878787878788,3.3274137931034486,46,46,0,10,0,0
manha_1,54,cw1,4,157.25,336.0,381.9,172,198,86.86868686868686,2.2203488372093023,48,48,0,30,2,0
manha_1,54,cw13,4,155.95,331.0,378.74,172,198,86.86868686868686,2.2019767441860467,48,48,0,35,1,1
manha_1,54,multi,6,223.25,476.0,542.18,172,198,86.86868686868686,3.152209302325581,39,39,0,5,2,1
manha_1,55,cw1,4,163.6,349.0,397.32,179,198,90.4040404040404,2.2196648044692737,48,48,0,35,2,0
manha_1,55,cw13,4,163.3,347.0,396.59,179,198,90.4040404040404,2.215586592178771,48,48,0,35,2,0
manha_1,55,multi,6,216.35,474.0,525.42,179,198,90.4040404040404,2.935307262569832,47,47,0,11,1,0
manha_1,56,cw1,4,164.3,357.0,399.02,176,198,88.88888888888889,2.267159090909091,48,55,0,34,3,3
manha_1,56,cw13,4,161.3,351.0,391.73,176,198,88.88888888888889,2.2257386363636367,48,55,0,34,3,3
manha_1,56,multi,6,227.8,487.0,553.25,176,198,88.88888888888889,3.143465909090909,40,40,0,4,1,0
manha_1,57,cw1,4,163.95,353.0,398.18,174,198,87.87878787878788,2.288390804597701,44,53,0,28,2,3
manha_1,57,cw13,4,161.75,346.0,392.82,174,198,87.87878787878788,2.2575862068965518,47,57,0,26,2,3
manha_1,57,multi,5,208.3,431.0,505.89,174,198,87.87878787878788,2.9074137931034483,47,47,0,19,0,0
manha_1,58,cw1,4,165.8,357.0,402.67,173,198,87.37373737373737,2.3275722543352604,45,51,0,17,1,4
manha_1,58,cw13,4,163.4,348.0,396.83,173,198,87.37373737373737,2.293815028901734,45,51,0,17,1,4
manha_1,58,multi,5,204.3,446.0,496.17,173,198,87.37373737373737,2.868034682080925,48,48,0,15,0,0
manha_1,59,cw1,4,157.2,335.0,381.78,161,198,81.31313131313131,2.371304347826087,48,48,0,31,1,0
manha_1,59,cw13,4,156.85,331.0,380.92,161,198,81.31313131313131,2.3659627329192547,46,46,0,25,0,1
manha_1,59,multi,5,207.95,431.0,505.02,161,198,81.31313131313131,3.136770186335404,36,36,0,0,0,0
manha_1,60,cw1,4,159.85,349.0,388.21,174,198,87.87878787878788,2.2310919540229883,47,47,0,29,2,1
manha_1,60,cw13,4,160.15,338.0,388.94,174,198,87.87878787878788,2.235287356321839,45,46,0,29,1,1
manha_1,60,multi,6,244.45,513.0,593.67,174,198,87.87878787878788,3.4118965517241375,39,39,0,5,0,1
manha_1,61,cw1,4,161.2,349.0,391.48,180,198,90.9090909090909,2.174888888888889,47,56,0,35,2,1
manha_1,61,cw13,4,160.75,346.0,390.39,180,198,90.9090909090909,2.168833333333333,47,56,0,35,2,2
manha_1,61,multi,5,185.0,391.0,449.3,180,198,90.9090909090909,2.4961111111111114,48,48,0,20,0,0
manha_1,62,cw1,4,163.85,344.0,397.93,177,198,89.39393939393939,2.2481920903954804,48,60,0,31,1,2
manha_1,62,cw13,4,155.35,323.0,377.28,177,198,89.39393939393939,2.1315254237288133,48,62,0,32,0,1
manha_1,62,multi,5,203.8,436.0,494.95,177,198,89.39393939393939,2.7963276836158193,45,45,0,9,0,0
manha_1,63,cw1,5,188.7,400.0,458.27,183,198,92.42424242424242,2.504207650273224,45,63,0,24,1,3
manha_1,63,cw13,5,189.15,391.0,459.37,183,198,92.42424242424242,2.5102185792349725,45,45,0,18,0,0
manha_1,63,multi,5,207.15,440.0,503.09,183,198,92.42424242424242,2.749125683060109,47,47,0,19,1,1
manha_1,64,cw1,5,200.3,428.0,486.44,180,198,90.9090909090909,2.7024444444444446,44,60,0,14,1,2
manha_1,64,cw13,5,192.3,413.0,467.01,180,198,90.9090909090909,2.5945,46,51,0,23,2,2
manha_1,64,multi,6,240.45,507.0,583.96,180,198,90.9090909090909,3.2442222222222226,41,41,0,9,0,0
manha_1,65,cw1,4,162.1,349.0,393.68,178,198,89.8989898989899,2.211685393258427,48,61,0,32,2,3
manha_1,65,cw13,4,161.7,348.0,392.7,178,198,89.8989898989899,2.2061797752808987,47,53,0,33,2,2
manha_1,65,multi,5,206.9,441.0,502.47,178,198,89.8989898989899,2.822865168539326,43,43,0,18,0,0
manha_1,66,cw1,4,157.15,343.0,381.65,173,198,87.37373737373737,2.2060693641618494,48,51,0,28,3,2
manha_1,66,cw13,4,156.85,341.0,380.92,173,198,87.37373737373737,2.201849710982659,48,51,0,28,3,2
manha_1,66,multi,6,240.65,525.0,584.44,173,198,87.37373737373737,3.3782658959537577,39,39,0,3,0,0
manha_1,67,cw1,5,199.35,424.0,484.14,179,198,90.4040404040404,2.7046927374301677,47,48,0,21,2,1
manha_1,67,cw13,5,192.0,412.0,466.29,179,198,90.4040404040404,2.6049720670391063,47,48,0,11,1,3
manha_1,67,multi,5,197.5,414.0,479.64,179,198,90.4040404040404,2.679553072625698,47,47,0,27,0,0
manha_1,68,cw1,4,159.85,346.0,388.21,177,198,89.39393939393939,2.193276836158192,45,47,0,32,2,3
manha_1,68,cw13,4,160.5,346.0,389.78,177,198,89.39393939393939,2.202146892655367,45,47,0,32,2,3
manha_1,68,multi,5,189.0,409.0,459.01,177,198,89.39393939393939,2.593276836158192,46,46,0,21,0,1
manha_1,69,cw1,4,169.4,362.0,411.41,178,198,89.8989898989899,2.311292134831461,48,66,0,29,3,3
manha_1,69,cw13,4,167.8,352.0,407.52,178,198,89.8989898989899,2.289438202247191,47,63,0,29,2,3
manha_1,69,multi,6,236.7,500.0,574.86,178,198,89.8989898989899,3.229550561797753,41,41,0,10,0,0
manha_1,70,cw1,4,175.4,375.0,425.98,171,198,86.36363636363636,2.491111111111111,44,61,0,17,1,5
manha_1,70,cw13,4,166.55,359.0,404.49,171,198,86.36363636363636,2.365438596491228,44,61,0,19,2,5
manha_1,70,multi,6,238.95,509.0,580.31,171,198,86.36363636363636,3.3936257309941515,46,46,0,10,0,1
manha_1,71,cw1,4,167.3,364.0,406.31,176,198,88.88888888888889,2.3085795454545455,48,48,0,31,2,1
manha_1,71,cw13,4,165.25,355.0,401.33,176,198,88.88888888888889,2.280284090909091,48,48,0,31,2,1
manha_1,71,multi,5,202.15,427.0,490.95,176,198,88.88888888888889,2.7894886363636364,45,45,0,15,0,0
manha_1,72,cw1,5,193.3,420.0,469.46,177,198,89.39393939393939,2.6523163841807906,45,49,0,18,2,2
manha_1,72,cw13,5,183.95,398.0,446.74,177,198,89.39393939393939,2.523954802259887,46,46,0,10,2,3
manha_1,72,multi,6,253.25,533.0,615.03,177,198,89.39393939393939,3.4747457627118643,46,46,0,12,0,1
manha_1,73,cw1,4,172.4,371.0,418.69,180,198,90.9090909090909,2.3260555555555555,46,57,0,33,2,3
manha_1,73,cw13,4,166.75,358.0,404.97,180,198,90.9090909090909,2.2498333333333336,48,55,0,34,2,2
manha_1,73,multi,7,262.5,546.0,637.5,180,198,90.9090909090909,3.5416666666666665,41,41,0,8,0,0
manha_1,74,cw1,4,169.05,361.0,410.55,182,198,91.91919191919192,2.2557692307692307,46,47,0,28,1,4
manha_1,74,cw13,4,166.15,354.0,403.52,182,198,91.91919191919192,2.217142857142857,47,47,0,32,1,4
manha_1,74,multi,6,236.8,520.0,575.1,182,198,91.91919191919192,3.15989010989011,42,42,0,6,0,0
manha_1,75,cw1,5,192.55,414.0,467.63,181,198,91.41414141414141,2.5835911602209944,46,46,0,23,1,1
manha_1,75,cw13,5,195.85,419.0,475.64,181,198,91.41414141414141,2.6278453038674034,44,44,0,15,2,1
manha_1,75,multi,7,275.4,577.0,668.83,181,198,91.41414141414141,3.6951933701657462,41,41,0,5,0,0
manha_1,76,cw1,4,161.3,349.0,391.74,179,198,90.4040404040404,2.1884916201117317,46,52,0,31,2,3
manha_1,76,cw13,4,160.5,347.0,389.79,179,198,90.4040404040404,2.1775977653631284,47,52,0,34,2,3
manha_1,76,multi,6,242.25,516.0,588.33,179,198,90.4040404040404,3.286759776536313,45,45,0,11,0,7
manha_1,77,cw1,5,178.3,382.0,433.02,181,198,91.41414141414141,2.392375690607735,47,47,0,24,1,1
manha_1,77,cw13,5,184.7,398.0,448.56,181,198,91.41414141414141,2.478232044198895,44,44,0,17,1,1
manha_1,77,multi,5,206.25,436.0,500.9,181,198,91.41414141414141,2.767403314917127,48,48,0,30,0,0
manha_1,78,cw1,5,194.35,416.0,471.99,183,198,92.42424242424242,2.5791803278688525,45,45,0,18,2,1
manha_1,78,cw13,5,176.95,377.0,429.73,183,198,92.42424242424242,2.348251366120219,45,45,0,16,0,2
manha_1,78,multi,6,233.6,484.0,567.32,183,198,92.42424242424242,3.1001092896174867,48,48,0,32,0,1
manha_1,79,cw1,4,160.75,349.0,390.4,180,198,90.9090909090909,2.1688888888888886,48,53,0,32,2,2
manha_1,79,cw13,4,156.5,330.0,380.07,180,198,90.9090909090909,2.1115,48,58,0,32,1,2
manha_1,79,multi,5,206.55,443.0,501.63,180,198,90.9090909090909,2.7868333333333335,47,47,0,21,1,0
manha_1,80,cw1,4,168.7,361.0,409.71,182,198,91.91919191919192,2.251153846153846,47,49,0,38,2,2
manha_1,80,cw13,4,169.2,360.0,410.91,182,198,91.91919191919192,2.257747252747253,47,50,0,38,2,2
manha_1,80,multi,6,257.95,534.0,626.46,182,198,91.91919191919192,3.442087912087912,42,42,0,9,1,0
manha_1,81,cw1,4,162.7,352.0,395.13,176,198,88.88888888888889,2.2450568181818182,48,64,0,31,2,2
manha_1,81,cw13,4,162.1,350.0,393.68,176,198,88.88888888888889,2.236818181818182,48,64,0,31,2,2
manha_1,81,multi,5,206.1,456.0,500.53,176,198,88.88888888888889,2.8439204545454544,48,48,0,12,1,12
manha_1,82,cw1,5,186.75,397.0,453.54,183,198,92.42424242424242,2.478360655737705,48,48,0,20,1,2
manha_1,82,cw13,5,184.8,383.0,448.81,183,198,92.42424242424242,2.4525136612021856,44,58,0,8,0,1
manha_1,82,multi,5,194.65,429.0,472.73,183,198,92.42424242424242,2.583224043715847,48,48,0,12,0,1
manha_1,83,cw1,4,156.75,339.0,380.69,173,198,87.37373737373737,2.200520231213873,48,52,0,28,2,3
manha_1,83,cw13,4,156.45,337.0,379.96,173,198,87.37373737373737,2.196300578034682,48,52,0,28,2,3
manha_1,83,multi,5,195.1,409.0,473.81,173,198,87.37373737373737,2.73878612716763,45,45,0,19,0,0
manha_1,84,cw1,4,167.35,363.0,406.43,177,198,89.39393939393939,2.2962146892655366,48,57,0,30,2,2
manha_1,84,cw13,4,154.55,331.0,375.34,177,198,89.39393939393939,2.120564971751412,45,60,0,30,2,2
manha_1,84,multi,5,193.05,412.0,468.85,177,198,89.39393939393939,2.6488700564971754,47,47,0,20,0,0
manha_1,85,cw1,5,180.85,382.0,439.22,184,198,92.92929292929293,2.3870652173913043,45,47,0,24,1,3
manha_1,85,cw13,5,187.55,404.0,455.49,184,198,92.92929292929293,2.4754891304347826,45,49,0,19,2,3
manha_1,85,multi,5,209.05,433.0,507.69,184,198,92.92929292929293,2.7591847826086955,48,48,0,15,0,1
manha_1,86,cw1,4,161.2,348.0,391.49,180,198,90.9090909090909,2.1749444444444443,48,55,0,35,1,2
manha_1,86,cw13,4,161.2,350.0,391.49,180,198,90.9090909090909,2.1749444444444443,48,55,0,35,1,2
manha_1,86,multi,6,235.6,494.0,572.17,180,198,90.9090909090909,3.178722222222222,48,48,0,20,0,1
manha_1,87,cw1,4,165.0,358.0,400.72,172,198,86.86868686868686,2.3297674418604655,47,61,0,27,3,4
manha_1,87,cw13,4,160.0,350.0,388.57,172,198,86.86868686868686,2.2591279069767443,46,56,0,28,3,3
manha_1,87,multi,6,257.2,546.0,624.63,172,198,86.86868686868686,3.6315697674418606,39,39,0,6,2,11
manha_1,88,cw1,4,162.45,348.0,394.52,174,198,87.87878787878788,2.26735632183908,46,53,0,24,1,3
manha_1,88,cw13,4,162.45,348.0,394.53,174,198,87.87878787878788,2.267413793103448,48,48,0,32,1,3
manha_1,88,multi,6,233.9,494.0,568.05,174,198,87.87878787878788,3.264655172413793,41,41,0,5,0,0
manha_1,89,cw1,4,158.55,344.0,385.05,186,198,93.93939393939394,2.070161290322581,48,55,0,42,1,1
manha_1,89,cw13,4,162.15,353.0,393.8,186,198,93.93939393939394,2.117204301075269,48,55,0,42,3,1
manha_1,89,multi,5,193.15,418.0,469.09,186,198,93.93939393939394,2.521989247311828,48,48,0,21,0,0
manha_1,90,cw1,4,169.4,365.0,411.4,181,198,91.41414141414141,2.27292817679558,48,48,0,37,2,1
manha_1,90,cw13,4,169.6,357.0,411.89,181,198,91.41414141414141,2.275635359116022,48,48,0,37,1,1
manha_1,90,multi,6,229.7,487.0,557.85,181,198,91.41414141414141,3.082044198895028,43,43,0,13,0,0
manha_1,91,cw1,4,161.8,354.0,392.95,177,198,89.39393939393939,2.220056497175141,46,54,0,30,2,3
manha_1,91,cw13,4,161.0,351.0,391.01,177,198,89.39393939393939,2.20909604519774,46,53,0,30,1,3
manha_1,91,multi,6,249.2,522.0,605.21,177,198,89.39393939393939,3.419265536723164,48,48,0,15,0,0
manha_1,92,cw1,4,171.35,375.0,416.13,175,198,88.38383838383838,2.377885714285714,47,62,0,32,3,3
manha_1,92,cw13,4,174.75,386.0,424.4,175,198,88.38383838383838,2.425142857142857,47,54,0,31,4,4
manha_1,92,multi,6,237.9,517.0,577.77,175,198,88.38383838383838,3.301542857142857,43,43,0,7,2,0
manha_1,93,cw1,4,157.25,345.0,381.9,182,198,91.91919191919192,2.0983516483516484,48,48,0,38,2,0
manha_1,93,cw13,4,155.65,339.0,378.01,182,198,91.91919191919192,2.076978021978022,48,48,0,38,1,0
manha_1,93,multi,6,240.0,500.0,582.86,182,198,91.91919191919192,3.2025274725274726,44,44,0,13,0,0
manha_1,94,cw1,4,175.05,376.0,425.13,178,198,89.8989898989899,2.388370786516854,48,60,0,30,2,2
manha_1,94,cw13,4,157.75,336.0,383.11,178,198,89.8989898989899,2.152303370786517,48,51,0,30,2,2
manha_1,94,multi,6,223.65,476.0,543.16,178,198,89.8989898989899,3.0514606741573034,44,44,0,19,1,1
manha_1,95,cw1,4,167.25,355.0,406.18,181,198,91.41414141414141,2.244088397790055,48,56,0,34,1,2
manha_1,95,cw13,4,162.75,352.0,395.25,181,198,91.41414141414141,2.1837016574585637,48,56,0,36,1,1
manha_1,95,multi,6,242.0,503.0,587.72,181,198,91.41414141414141,3.2470718232044202,45,45,0,17,0,0
manha_1,96,cw1,4,164.6,357.0,399.75,177,198,89.39393939393939,2.2584745762711864,45,62,0,21,2,5
manha_1,96,cw13,4,162.0,353.0,393.44,177,198,89.39393939393939,2.222824858757062,45,62,0,21,3,5
manha_1,96,multi,6,244.1,513.0,592.82,177,198,89.39393939393939,3.349265536723164,44,44,0,11,0,0
manha_1,97,cw1,5,177.15,381.0,430.23,180,198,90.9090909090909,2.3901666666666666,44,57,0,16,2,5
manha_1,97,cw13,5,194.35,420.0,472.0,180,198,90.9090909090909,2.6222222222222222,44,57,0,20,2,4
manha_1,97,multi,6,233.3,509.0,566.59,180,198,90.9090909090909,3.1477222222222223,48,48,0,19,1,1
manha_1,98,cw1,4,177.65,381.0,431.44,172,198,86.86868686868686,2.508372093023256,48,50,0,31,2,1
manha_1,98,cw13,4,162.3,350.0,394.17,172,198,86.86868686868686,2.291686046511628,48,50,0,34,2,2
manha_1,98,multi,6,227.8,479.0,553.24,172,198,86.86868686868686,3.2165116279069768,44,44,0,11,0,0
manha_1,99,cw1,4,162.95,345.0,395.75,178,198,89.8989898989899,2.223314606741573,47,47,0,23,1,3
manha_1,99,cw13,4,162.55,343.0,394.78,178,198,89.8989898989899,2.217865168539326,48,48,0,23,1,3
manha_1,99,multi,6,231.35,486.0,561.85,178,198,89.8989898989899,3.1564606741573034,41,41,0,8,0,0
manha_1,100,cw1,5,192.1,409.0,466.54,172,198,86.86868686868686,2.7124418604651166,42,65,0,10,1,3
manha_1,100,cw13,5,184.2,397.0,447.35,172,198,86.86868686868686,2.600872093023256,43,43,0,8,1,1
manha_1,100,multi,6,251.75,528.0,611.4,172,198,86.86868686868686,3.5546511627906976,42,42,0,10,0,0
manha_1,101,cw1,4,168.15,364.0,408.37,179,198,90.4040404040404,2.2813966480446926,47,53,0,34,2,1
manha_1,101,cw13,4,163.65,353.0,397.44,179,198,90.4040404040404,2.2203351955307262,47,53,0,34,2,1
manha_1,101,multi,5,200.75,444.0,487.54,179,198,90.4040404040404,2.7236871508379887,46,46,0,20,0,0
manha_1,102,cw1,4,161.45,349.0,392.09,166,198,83.83838383838383,2.3619879518072286,48,48,0,23,1,0
manha_1,102,cw13,4,155.15,333.0,376.8,166,198,83.83838383838383,2.269879518072289,48,48,0,29,1,1
manha_1,102,multi,6,217.4,467.0,527.98,166,198,83.83838383838383,3.180602409638554,38,38,0,4,0,0
manha_1,103,cw1,4,160.95,350.0,390.88,177,198,89.39393939393939,2.208361581920904,45,49,0,32,2,1
manha_1,103,cw13,4,158.0,340.0,383.71,177,198,89.39393939393939,2.1678531073446328,47,47,0,32,1,1
manha_1,103,multi,5,193.45,424.0,469.82,177,198,89.39393939393939,2.6543502824858756,44,44,0,22,0,0
manha_1,104,cw1,4,172.9,370.0,419.91,181,198,91.41414141414141,2.3199447513812155,48,68,0,36,2,2
manha_1,104,cw13,4,165.6,356.0,402.19,181,198,91.41414141414141,2.2220441988950275,48,68,0,36,2,1
manha_1,104,multi,5,202.6,431.0,492.03,181,198,91.41414141414141,2.7183977900552483,48,48,0,14,0,0
manha_1,105,cw1,4,156.65,349.0,380.44,186,198,93.93939393939394,2.0453763440860215,47,58,0,38,2,3
manha_1,105,cw13,4,156.35,347.0,379.71,186,198,93.93939393939394,2.041451612903226,47,58,0,38,2,3
manha_1,105,multi,5,193.1,412.0,468.97,186,198,93.93939393939394,2.5213440860215055,48,48,0,18,0,1
manha_1,106,cw1,4,161.5,353.0,392.22,181,198,91.41414141414141,2.166961325966851,48,56,0,36,2,2
manha_1,106,cw13,4,158.85,345.0,385.79,181,198,91.41414141414141,2.131436464088398,47,55,0,36,2,2
manha_1,106,multi,5,201.95,435.0,490.45,181,198,91.41414141414141,2.709668508287293,40,40,0,9,0,1
manha_1,107,cw1,4,161.85,346.0,393.07,176,198,88.88888888888889,2.2333522727272728,48,56,0,29,2,3
manha_1,107,cw13,4,160.05,339.0,388.69,176,198,88.88888888888889,2.208465909090909,47,56,0,31,2,3
manha_1,107,multi,6,229.35,495.0,556.99,176,198,88.88888888888889,3.164715909090909,47,47,0,15,0,0
manha_1,108,cw1,5,186.4,399.0,452.69,180,198,90.9090909090909,2.5149444444444446,47,55,0,12,2,3
manha_1,108,cw13,5,185.4,403.0,450.25,180,198,90.9090909090909,2.501388888888889,45,45,0,10,0,2
manha_1,108,multi,5,215.65,449.0,523.72,180,198,90.9090909090909,2.909555555555556,39,39,0,4,0,0
manha_1,109,cw1,4,163.85,363.0,397.93,179,198,90.4040404040404,2.223072625698324,46,56,0,30,3,3
manha_1,109,cw13,4,161.3,352.0,391.73,179,198,90.4040404040404,2.1884357541899444,45,55,0,30,3,3
manha_1,109,multi,6,225.3,476.0,547.16,179,198,90.4040404040404,3.0567597765363126,44,44,0,8,0,0
manha_1,110,cw1,4,180.7,393.0,438.85,179,198,90.4040404040404,2.451675977653631,48,70,0,34,3,4
manha_1,110,cw13,4,172.55,378.0,419.05,179,198,90.4040404040404,2.3410614525139666,48,56,0,26,2,4
manha_1,110,multi,6,236.7,510.0,574.87,179,198,90.4040404040404,3.211564245810056,44,44,0,13,0,0
manha_1,111,cw1,4,169.7,364.0,412.13,184,198,92.92929292929293,2.239836956521739,48,65,0,39,1,3
manha_1,111,cw13,4,161.5,342.0,392.22,184,198,92.92929292929293,2.131630434782609,46,63,0,37,1,3
manha_1,111,multi,7,264.3,560.0,641.88,184,198,92.92929292929293,3.4884782608695653,45,45,0,13,0,0
manha_1,112,cw1,4,171.9,371.0,417.48,171,198,86.36363636363636,2.44140350877193,46,55,0,22,2,4
manha_1,112,cw13,4,166.55,353.0,404.48,171,198,86.36363636363636,2.3653801169590642,45,53,0,22,1,3
manha_1,112,multi,6,227.15,487.0,551.66,171,198,86.36363636363636,3.226081871345029,44,44,0,13,0,0
manha_1,113,cw1,5,187.45,398.0,455.24,174,198,87.87878787878788,2.61632183908046,40,41,0,7,2,2
manha_1,113,cw13,5,184.95,388.0,449.16,174,198,87.87878787878788,2.5813793103448277,41,43,0,7,1,2
manha_1,113,multi,6,239.6,514.0,581.9,174,198,87.87878787878788,3.344252873563218,47,47,0,17,2,11
manha_1,114,cw1,5,188.85,406.0,458.64,180,198,90.9090909090909,2.548,48,48,0,15,2,1
manha_1,114,cw13,5,188.1,409.0,456.82,180,198,90.9090909090909,2.537888888888889,48,49,0,24,2,1
manha_1,114,multi,6,216.3,469.0,525.3,180,198,90.9090909090909,2.918333333333333,43,43,0,12,0,1
manha_1,115,cw1,5,207.95,449.0,505.02,184,198,92.92929292929293,2.7446739130434783,43,47,0,19,2,1
manha_1,115,cw13,5,194.1,415.0,471.39,184,198,92.92929292929293,2.5619021739130434,46,46,0,16,1,1
manha_1,115,multi,6,223.15,465.0,541.94,184,198,92.92929292929293,2.945326086956522,46,46,0,18,0,0
manha_1,116,cw1,4,158.75,336.0,385.55,178,198,89.8989898989899,2.166011235955056,48,48,0,34,1,0
manha_1,116,cw13,4,157.25,330.0,381.91,178,198,89.8989898989899,2.145561797752809,48,48,0,34,1,0
manha_1,116,multi,5,192.05,408.0,466.42,178,198,89.8989898989899,2.6203370786516853,46,46,0,23,1,0
manha_1,117,cw1,5,189.2,391.0,459.49,178,198,89.8989898989899,2.5814044943820225,44,59,0,14,2,2
manha_1,117,cw13,5,182.65,388.0,443.59,178,198,89.8989898989899,2.492078651685393,44,59,0,9,1,2
manha_1,117,multi,6,249.15,528.0,605.09,178,198,89.8989898989899,3.3993820224719102,39,39,0,4,0,0
manha_1,118,cw1,4,159.4,342.0,387.12,175,198,88.38383838383838,2.2121142857142857,48,56,0,30,3,3
manha_1,118,cw13,4,157.4,336.0,382.26,175,198,88.38383838383838,2.184342857142857,48,56,0,31,2,3
manha_1,118,multi,5,179.55,389.0,436.05,175,198,88.38383838383838,2.491714285714286,44,44,0,10,0,0
manha_1,119,cw1,5,190.25,398.0,462.04,177,198,89.39393939393939,2.6103954802259888,47,53,0,19,0,2
manha_1,119,cw13,5,183.85,392.0,446.5,177,198,89.39393939393939,2.522598870056497,47,47,0,23,0,0
manha_1,119,multi,6,241.45,529.0,586.39,177,198,89.39393939393939,3.3129378531073446,45,45,0,9,1,12
manha_1,120,cw1,4,176.5,384.0,428.66,181,198,91.41414141414141,2.36828729281768,48,54,0,34,3,3
manha_1,120,cw13,4,176.7,384.0,429.13,181,198,91.41414141414141,2.3708839779005526,48,55,0,34,3,3
manha_1,120,multi,6,227.95,485.0,553.59,181,198,91.41414141414141,3.0585082872928178,47,47,0,17,0,0
manha_1,121,cw1,4,168.1,365.0,408.25,169,198,85.35353535353535,2.415680473372781,48,51,0,30,2,2
manha_1,121,cw13,4,167.8,363.0,407.52,169,198,85.35353535353535,2.411360946745562,48,51,0,30,2,2
manha_1,121,multi,5,187.0,388.0,454.14,169,198,85.35353535353535,2.6872189349112423,46,46,0,15,0,0
manha_1,122,cw1,4,161.8,344.0,392.94,179,198,90.4040404040404,2.195195530726257,46,53,0,34,2,2
manha_1,122,cw13,4,161.5,342.0,392.22,179,198,90.4040404040404,2.191173184357542,46,53,0,34,2,2
manha_1,122,multi,6,236.05,492.0,573.28,179,198,90.4040404040404,3.2026815642458097,47,47,0,14,0,0
manha_1,123,cw1,4,156.15,335.0,379.22,176,198,88.88888888888889,2.154659090909091,47,54,0,31,1,1
manha_1,123,cw13,4,155.85,333.0,378.49,176,198,88.88888888888889,2.1505113636363635,47,54,0,31,1,1
manha_1,123,multi,5,204.0,431.0,495.42,176,198,88.88888888888889,2.8148863636363637,45,45,0,12,0,0
manha_1,124,cw1,4,163.6,350.0,397.32,180,198,90.9090909090909,2.207333333333333,48,65,0,34,2,2
manha_1,124,cw13,4,162.8,348.0,395.37,180,198,90.9090909090909,2.1965,48,65,0,35,2,2
manha_1,124,multi,6,226.95,479.0,551.16,180,198,90.9090909090909,3.062,47,47,0,11,0,0
manha_1,125,cw1,4,160.35,349.0,389.43,173,198,87.37373737373737,2.2510404624277456,44,52,0,23,1,4
manha_1,125,cw13,4,160.05,347.0,388.7,173,198,87.37373737373737,2.246820809248555,44,52,0,23,1,4
manha_1,125,multi,6,241.85,521.0,587.37,173,198,87.37373737373737,3.3952023121387285,43,43,0,7,1,0
manha_1,126,cw1,5,187.0,406.0,454.15,183,198,92.42424242424242,2.4816939890710383,46,57,0,24,3,3
manha_1,126,cw13,5,183.7,398.0,446.13,183,198,92.42424242424242,2.437868852459016,47,58,0,15,1,2
manha_1,126,multi,6,238.8,514.0,579.95,183,198,92.42424242424242,3.1691256830601096,45,45,0,17,0,0
manha_1,127,cw1,4,153.6,329.0,373.03,178,198,89.8989898989899,2.0956741573033706,47,53,0,34,1,1
manha_1,127,cw13,4,152.1,325.0,369.39,178,198,89.8989898989899,2.0752247191011235,48,52,0,34,1,1
manha_1,127,multi,5,190.85,412.0,463.5,178,198,89.8989898989899,2.603932584269663,45,45,0,17,0,0
manha_1,128,cw1,4,161.95,349.0,393.31,175,198,88.38383838383838,2.2474857142857143,48,55,0,32,3,3
manha_1,128,cw13,4,158.55,342.0,385.05,175,198,88.38383838383838,2.200285714285714,47,55,0,30,1,2
manha_1,128,multi,5,194.9,419.0,473.34,175,198,88.38383838383838,2.7047999999999996,48,48,0,24,0,8
manha_1,129,cw1,5,195.05,422.0,473.7,184,198,92.92929292929293,2.57445652173913,46,67,0,26,1,2
manha_1,129,cw13,5,188.65,408.0,458.15,184,198,92.92929292929293,2.4899456521739127,46,51,0,26,1,1
manha_1,129,multi,6,239.4,510.0,581.41,184,198,92.92929292929293,3.159836956521739,48,48,0,18,0,0
manha_1,130,cw1,4,159.2,348.0,386.63,179,198,90.4040404040404,2.1599441340782124,46,53,0,31,2,3
manha_1,130,cw13,4,158.75,345.0,385.54,179,198,90.4040404040404,2.153854748603352,47,52,0,31,2,4
manha_1,130,multi,6,243.5,519.0,591.37,179,198,90.4040404040404,3.3037430167597766,42,42,0,11,0,0
manha_1,131,cw1,5,180.75,383.0,438.98,180,198,90.9090909090909,2.4387777777777777,42,42,0,18,0,2
manha_1,131,cw13,5,188.05,404.0,456.69,180,198,90.9090909090909,2.537166666666667,41,44,0,13,1,2
manha_1,131,multi,5,220.35,467.0,535.15,180,198,90.9090909090909,2.9730555555555553,47,47,0,25,1,8
manha_1,132,cw1,4,165.45,363.0,401.81,176,198,88.88888888888889,2.283011363636364,47,59,0,30,3,3
manha_1,132,cw13,4,163.65,355.0,397.44,176,198,88.88888888888889,2.2581818181818183,47,57,0,30,3,3
manha_1,132,multi,5,201.05,418.0,488.27,176,198,88.88888888888889,2.7742613636363633,43,43,0,13,0,0
manha_1,133,cw1,4,159.8,346.0,388.09,173,198,87.37373737373737,2.243294797687861,44,46,0,22,1,3
manha_1,133,cw13,4,159.45,342.0,387.23,173,198,87.37373737373737,2.2383236994219655,45,52,0,22,1,4
manha_1,133,multi,5,189.0,405.0,459.0,173,198,87.37373737373737,2.653179190751445,46,46,0,14,0,1
manha_1,134,cw1,4,177.6,378.0,431.32,178,198,89.8989898989899,2.4231460674157304,47,60,0,33,3,2
manha_1,134,cw13,4,173.0,371.0,420.14,178,198,89.8989898989899,2.3603370786516855,48,48,0,34,2,1
manha_1,134,multi,6,240.9,515.0,585.06,178,198,89.8989898989899,3.286853932584269,48,48,0,21,0,0
manha_1,135,cw1,5,184.5,400.0,448.09,174,198,87.87878787878788,2.575229885057471,42,42,0,16,1,0
manha_1,135,cw13,5,185.7,392.0,451.01,174,198,87.87878787878788,2.5920114942528736,46,49,0,15,1,1
manha_1,135,multi,6,231.4,495.0,561.97,174,198,87.87878787878788,3.229712643678161,46,46,0,23,0,0
manha_1,136,cw1,4,168.55,368.0,409.35,178,198,89.8989898989899,2.299719101123596,43,49,0,21,3,4
manha_1,136,cw13,4,169.05,367.0,410.55,178,198,89.8989898989899,2.3064606741573033,46,50,0,21,3,4
manha_1,136,multi,6,242.4,512.0,588.69,178,198,89.8989898989899,3.3072471910112364,48,48,0,13,0,0
manha_1,137,cw1,4,166.25,360.0,403.76,178,198,89.8989898989899,2.268314606741573,48,53,0,33,2,1
manha_1,137,cw13,4,158.1,337.0,383.96,178,198,89.8989898989899,2.157078651685393,48,54,0,33,1,1
manha_1,137,multi,6,209.75,440.0,509.4,178,198,89.8989898989899,2.8617977528089886,48,48,0,20,0,0
manha_1,138,cw1,5,189.7,401.0,460.7,185,198,93.43434343434343,2.4902702702702704,45,62,0,26,1,4
manha_1,138,cw13,5,185.5,396.0,450.51,185,198,93.43434343434343,2.435189189189189,45,62,0,22,1,3
manha_1,138,multi,5,209.45,446.0,508.67,185,198,93.43434343434343,2.7495675675675675,47,47,0,17,0,1
manha_1,139,cw1,4,171.0,366.0,415.29,177,198,89.39393939393939,2.3462711864406782,47,61,0,32,2,1
manha_1,139,cw13,4,169.3,361.0,411.16,177,198,89.39393939393939,2.322937853107345,47,61,0,32,2,1
manha_1,139,multi,6,243.3,518.0,590.87,177,198,89.39393939393939,3.3382485875706216,39,39,0,7,0,6
manha_1,140,cw1,4,155.2,333.0,376.92,170,198,85.85858585858585,2.2171764705882353,47,48,0,24,2,3
manha_1,140,cw13,4,154.9,332.0,376.19,170,198,85.85858585858585,2.2128823529411763,46,48,0,24,2,3
manha_1,140,multi,5,189.6,411.0,460.47,170,198,85.85858585858585,2.7086470588235296,45,45,0,16,0,2
manha_1,141,cw1,5,188.85,406.0,458.65,184,198,92.92929292929293,2.492663043478261,46,57,0,20,1,2
manha_1,141,cw13,5,185.6,387.0,450.75,184,198,92.92929292929293,2.4497282608695654,46,46,0,12,1,1
manha_1,141,multi,5,197.85,415.0,480.5,184,198,92.92929292929293,2.6114130434782608,48,48,0,19,0,0
manha_1,142,cw1,4,172.9,376.0,419.91,175,198,88.38383838383838,2.3994857142857144,44,46,0,26,2,2
manha_1,142,cw13,4,169.35,361.0,411.29,175,198,88.38383838383838,2.3502285714285716,44,44,0,26,2,3
manha_1,142,multi,5,213.05,449.0,517.41,175,198,88.38383838383838,2.9566285714285714,48,48,0,23,2,1
manha_1,143,cw1,5,182.3,394.0,442.74,177,198,89.39393939393939,2.50135593220339,45,59,0,18,2,3
manha_1,143,cw13,5,180.9,392.0,439.33,177,198,89.39393939393939,2.482090395480226,46,50,0,19,1,3
manha_1,143,multi,6,225.55,482.0,547.78,177,198,89.39393939393939,3.0948022598870053,46,46,0,10,0,0
manha_1,144,cw1,5,175.75,374.0,426.84,180,198,90.9090909090909,2.3713333333333333,46,46,0,20,0,0
manha_1,144,cw13,5,182.75,385.0,443.82,180,198,90.9090909090909,2.4656666666666665,43,43,0,13,0,0
manha_1,144,multi,5,211.3,445.0,513.17,180,198,90.9090909090909,2.850944444444444,47,47,0,26,0,0
manha_1,145,cw1,4,161.3,353.0,391.73,176,198,88.88888888888889,2.2257386363636367,46,58,0,32,2,1
manha_1,145,cw13,4,160.65,349.0,390.15,176,198,88.88888888888889,2.2167613636363637,46,46,0,32,2,0
manha_1,145,multi,6,239.75,512.0,582.27,176,198,88.88888888888889,3.3083522727272725,48,48,0,12,1,0
manha_1,146,cw1,4,161.35,349.0,391.85,177,198,89.39393939393939,2.2138418079096045,48,52,0,30,1,2
manha_1,146,cw13,4,160.75,347.0,390.39,177,198,89.39393939393939,2.205593220338983,48,52,0,30,1,2
manha_1,146,multi,6,240.3,519.0,583.6,177,198,89.39393939393939,3.297175141242938,48,48,0,12,0,10
manha_1,147,cw1,5,188.2,399.0,457.07,186,198,93.93939393939394,2.4573655913978496,44,54,0,19,1,3
manha_1,147,cw13,5,187.2,395.0,454.62,186,198,93.93939393939394,2.444193548387097,45,55,0,22,1,3
manha_1,147,multi,5,209.15,436.0,507.95,186,198,93.93939393939394,2.7309139784946237,46,46,0,20,0,0
manha_1,148,cw1,4,171.2,369.0,415.78,177,198,89.39393939393939,2.3490395480225987,48,56,0,31,2,2
manha_1,148,cw13,4,161.65,344.0,392.58,177,198,89.39393939393939,2.2179661016949153,47,53,0,32,2,2
manha_1,148,multi,6,252.55,519.0,613.35,177,198,89.39393939393939,3.4652542372881356,46,46,0,10,0,0
manha_1,149,cw1,5,185.1,396.0,449.53,180,198,90.9090909090909,2.4973888888888887,45,57,0,17,2,3
manha_1,149,cw13,5,181.2,393.0,440.07,180,198,90.9090909090909,2.4448333333333334,45,57,0,14,0,3
manha_1,149,multi,6,241.4,521.0,586.26,180,198,90.9090909090909,3.257,48,48,0,15,0,5
manha_1,150,cw1,5,205.25,439.0,498.47,176,198,88.88888888888889,2.8322159090909094,45,52,0,18,2,1
manha_1,150,cw13,5,194.5,412.0,472.36,176,198,88.88888888888889,2.6838636363636366,40,52,0,7,2,2
manha_1,150,multi,6,238.0,519.0,578.0,176,198,88.88888888888889,3.284090909090909,37,37,0,1,0,8
manha_1,151,cw1,5,190.85,413.0,463.5,179,198,90.4040404040404,2.589385474860335,43,57,0,17,2,2
manha_1,151,cw13,5,184.3,398.0,447.6,179,198,90.4040404040404,2.500558659217877,43,57,0,13,1,2
manha_1,151,multi,6,235.4,509.0,571.69,179,198,90.4040404040404,3.1937988826815644,46,46,0,19,0,1
manha_1,152,cw1,5,182.2,391.0,442.49,180,198,90.9090909090909,2.458277777777778,40,49,0,4,1,3
manha_1,152,cw13,5,183.45,386.0,445.53,180,198,90.9090909090909,2.4751666666666665,40,49,0,4,0,2
manha_1,152,multi,5,186.3,395.0,452.45,180,198,90.9090909090909,2.513611111111111,46,46,0,20,0,0
manha_1,153,cw1,4,159.1,345.0,386.38,176,198,88.88888888888889,2.195340909090909,48,55,0,28,2,4
manha_1,153,cw13,4,160.5,345.0,389.78,176,198,88.88888888888889,2.2146590909090906,48,55,0,28,2,4
manha_1,153,multi,6,232.9,496.0,565.62,176,198,88.88888888888889,3.21375,41,41,0,5,0,0
manha_1,154,cw1,5,185.5,396.0,450.51,177,198,89.39393939393939,2.5452542372881357,45,51,0,16,1,2
manha_1,154,cw13,5,180.45,379.0,438.25,177,198,89.39393939393939,2.475988700564972,46,46,0,19,1,0
manha_1,154,multi,6,229.1,482.0,556.4,177,198,89.39393939393939,3.143502824858757,43,43,0,13,0,0
manha_1,155,cw1,5,189.2,403.0,459.49,179,198,90.4040404040404,2.566983240223464,46,50,0,17,2,2
manha_1,155,cw13,5,189.3,407.0,459.75,179,198,90.4040404040404,2.5684357541899443,47,53,0,15,0,2
manha_1,155,multi,6,233.75,508.0,567.69,179,198,90.4040404040404,3.171452513966481,48,48,0,19,0,0
manha_1,156,cw1,4,164.6,358.0,399.75,179,198,90.4040404040404,2.233240223463687,46,52,0,32,2,3
manha_1,156,cw13,4,164.6,356.0,399.75,179,198,90.4040404040404,2.233240223463687,46,52,0,32,2,3
manha_1,156,multi,7,260.75,564.0,633.25,179,198,90.4040404040404,3.537709497206704,37,37,0,2,0,0
manha_1,157,cw1,4,161.45,346.0,392.1,180,198,90.9090909090909,2.1783333333333337,48,49,0,32,2,4
manha_1,157,cw13,4,162.25,349.0,394.04,180,198,90.9090909090909,2.189111111111111,48,53,0,32,2,4
manha_1,157,multi,5,188.9,399.0,458.77,180,198,90.9090909090909,2.548722222222222,47,47,0,18,0,1
manha_1,158,cw1,4,169.15,367.0,410.8,181,198,91.41414141414141,2.269613259668508,46,57,0,28,2,5
manha_1,158,cw13,4,163.75,353.0,397.68,181,198,91.41414141414141,2.1971270718232043,45,55,0,28,1,5
manha_1,158,multi,5,193.6,418.0,470.18,181,198,91.41414141414141,2.5976795580110497,42,42,0,18,0,0
manha_1,159,cw1,4,157.85,338.0,383.35,180,198,90.9090909090909,2.1297222222222225,48,52,0,31,1,3
manha_1,159,cw13,4,158.45,339.0,384.81,180,198,90.9090909090909,2.1378333333333335,46,49,0,31,2,2
manha_1,159,multi,5,194.4,409.0,472.11,180,198,90.9090909090909,2.6228333333333333,47,47,0,26,0,0
manha_1,160,cw1,5,194.5,415.0,472.36,174,198,87.87878787878788,2.714712643678161,46,47,0,14,1,2
manha_1,160,cw13,5,191.45,404.0,464.96,174,198,87.87878787878788,2.672183908045977,46,46,0,13,1,1
manha_1,160,multi,6,242.05,523.0,587.83,174,198,87.87878787878788,3.3783333333333334,36,36,0,0,0,0
manha_1,161,cw1,5,189.0,405.0,459.01,182,198,91.91919191919192,2.522032967032967,44,48,0,22,2,3
manha_1,161,cw13,5,188.3,399.0,457.3,182,198,91.91919191919192,2.5126373626373626,44,47,0,19,1,3
manha_1,161,multi,6,235.3,509.0,571.46,182,198,91.91919191919192,3.13989010989011,48,48,0,12,0,0
manha_1,162,cw1,5,183.3,398.0,445.17,178,198,89.8989898989899,2.5009550561797753,42,50,0,11,2,2
manha_1,162,cw13,5,183.8,397.0,446.38,178,198,89.8989898989899,2.507752808988764,42,50,0,10,2,2
manha_1,162,multi,5,201.3,437.0,488.88,178,198,89.8989898989899,2.7465168539325844,42,42,0,11,0,0
manha_1,163,cw1,4,165.05,354.0,400.85,175,198,88.38383838383838,2.2905714285714285,48,48,0,29,2,1
manha_1,163,cw13,4,154.55,331.0,375.34,175,198,88.38383838383838,2.1448,48,48,0,28,1,1
manha_1,163,multi,4,163.3,350.0,396.59,175,198,88.38383838383838,2.2662285714285715,48,48,0,34,1,1
manha_1,164,cw1,4,162.15,345.0,393.8,178,198,89.8989898989899,2.2123595505617977,47,62,0,25,2,5
manha_1,164,cw13,4,159.75,337.0,387.97,178,198,89.8989898989899,2.179606741573034,47,62,0,26,1,5
manha_1,164,multi,6,245.55,515.0,596.34,178,198,89.8989898989899,3.350224719101124,47,47,0,16,0,0
manha_1,165,cw1,5,181.5,392.0,440.79,180,198,90.9090909090909,2.4488333333333334,44,44,0,25,3,3
manha_1,165,cw13,5,180.1,386.0,437.4,180,198,90.9090909090909,2.4299999999999997,43,47,0,25,3,2
manha_1,165,multi,6,246.8,525.0,599.38,180,198,90.9090909090909,3.3298888888888887,47,47,0,11,1,9
manha_1,166,cw1,4,161.5,355.0,392.22,178,198,89.8989898989899,2.203483146067416,48,57,0,31,3,3
manha_1,166,cw13,4,161.5,355.0,392.22,178,198,89.8989898989899,2.203483146067416,48,57,0,31,3,3
manha_1,166,multi,6,208.35,445.0,505.99,178,198,89.8989898989899,2.8426404494382025,47,47,0,23,0,0
manha_1,167,cw1,4,170.15,373.0,413.23,177,198,89.39393939393939,2.334632768361582,46,57,0,28,3,4
manha_1,167,cw13,4,169.85,371.0,412.5,177,198,89.39393939393939,2.330508474576271,46,57,0,28,3,4
manha_1,167,multi,5,208.05,449.0,505.27,177,198,89.39393939393939,2.854632768361582,38,38,0,3,1,1
manha_1,168,cw1,5,188.3,404.0,457.31,181,198,91.41414141414141,2.526574585635359,45,54,0,18,2,2
manha_1,168,cw13,5,186.1,398.0,451.95,181,198,91.41414141414141,2.4969613259668506,45,56,0,24,2,2
manha_1,168,multi,5,199.95,428.0,485.6,181,198,91.41414141414141,2.6828729281767956,45,45,0,17,0,1
manha_1,169,cw1,5,179.6,385.0,436.18,182,198,91.91919191919192,2.3965934065934067,47,51,0,26,2,3
manha_1,169,cw13,5,176.75,379.0,429.26,182,198,91.91919191919192,2.3585714285714285,47,47,0,26,2,2
manha_1,169,multi,5,204.2,432.0,495.92,182,198,91.91919191919192,2.7248351648351647,45,45,0,18,0,1
manha_1,170,cw1,4,162.5,355.0,394.65,169,198,85.35353535353535,2.335207100591716,48,55,0,25,2,3
manha_1,170,cw13,4,161.5,350.0,392.21,169,198,85.35353535353535,2.3207692307692307,48,51,0,25,3,2
manha_1,170,multi,6,238.45,506.0,579.1,169,198,85.35353535353535,3.4266272189349114,40,40,0,7,0,0
manha_1,171,cw1,4,162.75,353.0,395.25,178,198,89.8989898989899,2.220505617977528,48,51,0,33,2,2
manha_1,171,cw13,4,167.15,356.0,405.93,178,198,89.8989898989899,2.280505617977528,47,51,0,32,2,3
manha_1,171,multi,6,232.85,503.0,565.5,178,198,89.8989898989899,3.1769662921348316,41,41,0,5,0,0
manha_1,172,cw1,5,191.45,410.0,464.96,183,198,92.42424242424242,2.5407650273224043,47,47,0,27,2,0
manha_1,172,cw13,5,189.4,403.0,459.97,183,198,92.42424242424242,2.513497267759563,46,46,0,12,0,0
manha_1,172,multi,5,204.45,435.0,496.52,183,198,92.42424242424242,2.713224043715847,43,43,0,13,0,0
manha_1,173,cw1,4,172.95,375.0,420.03,177,198,89.39393939393939,2.373050847457627,48,54,0,30,3,4
manha_1,173,cw13,4,171.65,375.0,416.87,177,198,89.39393939393939,2.3551977401129944,46,48,0,26,2,4
manha_1,173,multi,6,240.15,516.0,583.23,177,198,89.39393939393939,3.295084745762712,48,48,0,16,0,0
manha_1,174,cw1,5,184.15,394.0,447.23,184,198,92.92929292929293,2.4305978260869567,45,50,0,20,1,2
manha_1,174,cw13,5,185.9,394.0,451.47,184,198,92.92929292929293,2.4536413043478262,44,51,0,18,1,1
manha_1,174,multi,5,196.35,416.0,476.86,184,198,92.92929292929293,2.591630434782609,48,48,0,14,0,0
manha_1,175,cw1,4,163.75,363.0,397.69,171,198,86.36363636363636,2.325672514619883,47,49,0,24,3,3
manha_1,175,cw13,4,158.2,343.0,384.2,171,198,86.36363636363636,2.246783625730994,47,57,0,25,2,3
manha_1,175,multi,6,226.15,482.0,549.23,171,198,86.36363636363636,3.2118713450292398,48,48,0,19,0,0
manha_1,176,cw1,5,181.75,383.0,441.4,182,198,91.91919191919192,2.425274725274725,46,56,0,24,1,2
manha_1,176,cw13,5,186.85,401.0,453.78,182,198,91.91919191919192,2.493296703296703,48,58,0,19,2,2
manha_1,176,multi,5,207.2,448.0,503.21,182,198,91.91919191919192,2.7648901098901097,48,48,0,17,0,0
manha_1,177,cw1,4,157.3,338.0,382.02,178,198,89.8989898989899,2.1461797752808986,47,47,0,34,1,1
manha_1,177,cw13,4,156.1,333.0,379.11,178,198,89.8989898989899,2.1298314606741573,47,47,0,34,1,1
manha_1,177,multi,4,167.6,356.0,407.03,178,198,89.8989898989899,2.286685393258427,48,48,0,33,0,0
manha_1,178,cw1,4,162.05,352.0,393.55,168,198,84.84848484848484,2.342559523809524,48,49,0,28,1,1
manha_1,178,cw13,4,160.7,347.0,390.27,168,198,84.84848484848484,2.323035714285714,48,49,0,24,2,1
manha_1,178,multi,5,207.05,444.0,502.84,168,198,84.84848484848484,2.993095238095238,39,39,0,4,0,0
manha_1,179,cw1,5,193.25,421.0,469.32,182,198,91.91919191919192,2.5786813186813187,45,50,0,11,1,3
manha_1,179,cw13,5,186.35,402.0,452.57,182,198,91.91919191919192,2.4866483516483515,39,53,0,5,0,3
manha_1,179,multi,6,248.3,532.0,603.02,182,198,91.91919191919192,3.3132967032967033,41,41,0,6,0,0
manha_1,180,cw1,5,181.9,391.0,441.77,181,198,91.41414141414141,2.440718232044199,44,54,0,21,1,2
manha_1,180,cw13,5,184.1,398.0,447.11,181,198,91.41414141414141,2.470220994475138,45,55,0,17,1,2
manha_1,180,multi,5,204.7,434.0,497.12,181,198,91.41414141414141,2.746519337016575,38,38,0,6,0,0
manha_1,181,cw1,5,202.35,429.0,491.42,178,198,89.8989898989899,2.7607865168539325,44,44,0,19,2,0
manha_1,181,cw13,5,193.5,409.0,469.93,178,198,89.8989898989899,2.640056179775281,39,39,0,7,2,1
manha_1,181,multi,6,231.35,492.0,561.86,178,198,89.8989898989899,3.1565168539325845,35,35,0,0,0,0
manha_1,182,cw1,4,157.2,338.0,381.78,180,198,90.9090909090909,2.121,47,47,0,36,1,1
manha_1,182,cw13,4,159.0,333.0,386.15,180,198,90.9090909090909,2.145277777777778,47,47,0,36,1,1
manha_1,182,multi,6,223.1,477.0,541.83,180,198,90.9090909090909,3.010166666666667,43,43,0,11,0,0
manha_1,183,cw1,4,165.1,359.0,400.97,175,198,88.38383838383838,2.291257142857143,45,55,0,27,2,3
manha_1,183,cw13,4,165.8,358.0,402.66,175,198,88.38383838383838,2.3009142857142857,47,57,0,27,2,3
manha_1,183,multi,5,193.85,413.0,470.79,175,198,88.38383838383838,2.6902285714285714,41,41,0,9,0,0
manha_1,184,cw1,4,174.35,379.0,423.43,180,198,90.9090909090909,2.352388888888889,48,65,0,35,2,3
manha_1,184,cw13,4,172.95,375.0,420.03,180,198,90.9090909090909,2.3335,48,61,0,35,2,3
manha_1,184,multi,6,238.3,507.0,578.75,180,198,90.9090909090909,3.2152777777777777,48,48,0,23,1,0
manha_1,185,cw1,4,164.8,355.0,400.24,173,198,87.37373737373737,2.3135260115606937,48,48,0,27,2,2
manha_1,185,cw13,4,163.8,352.0,397.81,173,198,87.37373737373737,2.299479768786127,48,48,0,27,2,2
manha_1,185,multi,5,208.05,446.0,505.28,173,198,87.37373737373737,2.920693641618497,43,43,0,7,1,9
manha_1,186,cw1,4,166.5,360.0,404.36,177,198,89.39393939393939,2.2845197740112995,48,50,0,32,2,2
manha_1,186,cw13,4,156.05,337.0,378.98,177,198,89.39393939393939,2.141129943502825,48,50,0,32,2,2
manha_1,186,multi,6,236.65,504.0,574.72,177,198,89.39393939393939,3.247005649717514,48,48,0,15,1,0
manha_1,187,cw1,5,199.85,428.0,485.35,183,198,92.42424242424242,2.652185792349727,47,56,0,29,2,2
manha_1,187,cw13,5,182.35,385.0,442.86,183,198,92.42424242424242,2.42,47,56,0,19,1,1
manha_1,187,multi,5,182.65,391.0,443.58,183,198,92.42424242424242,2.423934426229508,48,48,0,20,0,0
manha_1,188,cw1,4,168.2,360.0,408.49,177,198,89.39393939393939,2.307853107344633,47,59,0,25,3,5
manha_1,188,cw13,4,160.4,346.0,389.55,177,198,89.39393939393939,2.200847457627119,47,52,0,26,2,4
manha_1,188,multi,5,194.95,399.0,473.45,177,198,89.39393939393939,2.6748587570621467,43,43,0,16,0,0
manha_1,189,cw1,5,190.45,399.0,462.52,178,198,89.8989898989899,2.5984269662921347,45,45,0,11,2,1
manha_1,189,cw13,5,186.45,400.0,452.81,178,198,89.8989898989899,2.543876404494382,45,45,0,13,2,1
manha_1,189,multi,5,202.25,431.0,491.18,178,198,89.8989898989899,2.759438202247191,46,46,0,10,0,0
manha_1,190,cw1,5,184.45,389.0,447.96,180,198,90.9090909090909,2.4886666666666666,45,62,0,20,2,2
manha_1,190,cw13,5,183.35,395.0,445.29,180,198,90.9090909090909,2.4738333333333333,45,62,0,20,2,2
manha_1,190,multi,5,194.8,407.0,473.09,180,198,90.9090909090909,2.6282777777777775,47,47,0,11,0,0
manha_1,191,cw1,5,188.75,408.0,458.4,175,198,88.38383838383838,2.619428571428571,44,44,0,17,1,1
manha_1,191,cw13,5,182.65,385.0,443.59,175,198,88.38383838383838,2.5347999999999997,40,52,0,4,1,2
manha_1,191,multi,5,212.25,450.0,515.46,175,198,88.38383838383838,2.9454857142857147,42,42,0,11,1,1
manha_1,192,cw1,5,184.9,388.0,449.04,177,198,89.39393939393939,2.536949152542373,48,48,0,16,1,2
manha_1,192,cw13,5,185.95,386.0,451.6,177,198,89.39393939393939,2.5514124293785314,48,48,0,20,0,2
manha_1,192,multi,5,206.85,445.0,502.36,177,198,89.39393939393939,2.8381920903954803,48,48,0,27,0,0
manha_1,193,cw1,5,180.85,387.0,439.2,182,198,91.91919191919192,2.413186813186813,46,49,0,25,1,1
manha_1,193,cw13,5,182.85,397.0,444.07,182,198,91.91919191919192,2.439945054945055,46,46,0,16,1,1
manha_1,193,multi,6,221.25,469.0,537.33,182,198,91.91919191919192,2.9523626373626377,47,47,0,16,0,0
manha_1,194,cw1,4,162.9,356.0,395.62,175,198,88.38383838383838,2.260685714285714,46,58,0,26,3,4
manha_1,194,cw13,4,160.3,346.0,389.31,175,198,88.38383838383838,2.2246285714285716,48,56,0,27,1,4
manha_1,194,multi,5,193.85,403.0,470.78,175,198,88.38383838383838,2.6901714285714284,45,45,0,14,0,0
manha_1,195,cw1,4,154.05,327.0,374.13,183,198,92.42424242424242,2.0444262295081965,48,48,0,39,0,1
manha_1,195,cw13,4,155.25,324.0,377.05,183,198,92.42424242424242,2.060382513661202,48,48,0,39,0,1
manha_1,195,multi,5,204.75,435.0,497.25,183,198,92.42424242424242,2.7172131147540983,47,47,0,21,0,0
manha_1,196,cw1,4,159.2,341.0,386.63,179,198,90.4040404040404,2.1599441340782124,47,47,0,34,2,1
manha_1,196,cw13,4,157.3,337.0,382.01,179,198,90.4040404040404,2.1341340782122904,48,48,0,34,1,1
manha_1,196,multi,5,199.95,424.0,485.61,179,198,90.4040404040404,2.712905027932961,44,44,0,13,0,0
manha_1,197,cw1,4,168.4,366.0,408.98,180,198,90.9090909090909,2.272111111111111,48,69,0,35,2,2
manha_1,197,cw13,4,160.65,348.0,390.15,180,198,90.9090909090909,2.1675,47,51,0,35,2,1
manha_1,197,multi,5,189.0,398.0,459.02,180,198,90.9090909090909,2.550111111111111,48,48,0,13,0,1
manha_1,198,cw1,4,167.0,358.0,405.58,176,198,88.88888888888889,2.304431818181818,47,52,0,25,2,4
manha_1,198,cw13,4,161.2,348.0,391.49,176,198,88.88888888888889,2.224375,48,54,0,25,2,4
manha_1,198,multi,6,228.6,484.0,555.17,176,198,88.88888888888889,3.154375,48,48,0,14,0,0
manha_1,199,cw1,4,161.9,356.0,393.19,178,198,89.8989898989899,2.2089325842696628,47,60,0,32,2,2
manha_1,199,cw13,4,160.6,347.0,390.03,178,198,89.8989898989899,2.1911797752808986,47,60,0,31,2,2
manha_1,199,multi,6,228.5,486.0,554.94,178,198,89.8989898989899,3.1176404494382024,40,40,0,5,0,1
manha_1,200,cw1,4,155.2,340.0,376.92,176,198,88.88888888888889,2.141590909090909,47,53,0,29,2,3
manha_1,200,cw13,4,155.2,340.0,376.92,176,198,88.88888888888889,2.141590909090909,47,53,0,29,2,3
manha_1,200,multi,5,206.55,437.0,501.62,176,198,88.88888888888889,2.8501136363636363,44,44,0,11,0,0
manha_1,201,cw1,4,165.05,356.0,400.84,178,198,89.8989898989899,2.2519101123595506,48,48,0,34,2,0
manha_1,201,cw13,4,159.45,344.0,387.24,178,198,89.8989898989899,2.175505617977528,48,48,0,34,2,0
manha_1,201,multi,5,204.2,434.0,495.93,178,198,89.8989898989899,2.786123595505618,47,47,0,13,0,1
manha_1,202,cw1,4,169.9,362.0,412.62,176,198,88.88888888888889,2.344431818181818,46,64,0,29,3,4
manha_1,202,cw13,4,170.9,365.0,415.05,176,198,88.88888888888889,2.3582386363636365,46,64,0,29,3,4
manha_1,202,multi,6,228.7,481.0,555.42,176,198,88.88888888888889,3.1557954545454545,42,42,0,9,0,0
manha_1,203,cw1,4,173.95,381.0,422.46,182,198,91.91919191919192,2.3212087912087913,48,55,0,34,4,4
manha_1,203,cw13,4,172.65,378.0,419.3,182,198,91.91919191919192,2.303846153846154,46,55,0,33,3,4
manha_1,203,multi,6,228.4,491.0,554.7,182,198,91.91919191919192,3.047802197802198,46,46,0,22,0,0
manha_1,204,cw1,4,166.2,359.0,403.63,182,198,91.91919191919192,2.2177472527472526,47,49,0,35,2,2
manha_1,204,cw13,4,164.2,356.0,398.78,182,198,91.91919191919192,2.191098901098901,48,49,0,36,2,1
manha_1,204,multi,6,231.95,499.0,563.31,182,198,91.91919191919192,3.0951098901098897,44,44,0,9,0,1
manha_1,205,cw1,5,188.25,406.0,457.19,182,198,91.91919191919192,2.512032967032967,47,63,0,16,2,3
manha_1,205,cw13,5,187.15,406.0,454.51,182,198,91.91919191919192,2.4973076923076922,47,47,0,17,2,2
manha_1,205,multi,6,243.75,529.0,591.98,182,198,91.91919191919192,3.252637362637363,47,47,0,18,0,0
manha_1,206,cw1,5,183.3,394.0,445.16,182,198,91.91919191919192,2.445934065934066,45,50,0,18,1,3
manha_1,206,cw13,5,185.95,394.0,451.6,182,198,91.91919191919192,2.4813186813186814,42,44,0,13,0,2
manha_1,206,multi,6,241.9,504.0,587.47,182,198,91.91919191919192,3.227857142857143,46,46,0,21,0,0
manha_1,207,cw1,5,184.3,395.0,447.59,174,198,87.87878787878788,2.5723563218390804,47,47,0,12,1,2
manha_1,207,cw13,5,186.25,398.0,452.32,174,198,87.87878787878788,2.5995402298850574,47,47,0,11,0,1
manha_1,207,multi,5,211.1,445.0,512.68,174,198,87.87878787878788,2.946436781609195,48,48,0,21,0,0
manha_1,208,cw1,5,182.75,396.0,443.82,178,198,89.8989898989899,2.493370786516854,44,44,0,16,0,1
manha_1,208,cw13,5,182.45,394.0,443.09,178,198,89.8989898989899,2.489269662921348,44,44,0,16,0,1
manha_1,208,multi,6,232.55,507.0,564.78,178,198,89.8989898989899,3.1729213483146066,48,48,0,13,0,0
manha_1,209,cw1,5,189.5,399.0,460.21,184,198,92.92929292929293,2.501141304347826,45,55,0,25,1,4
manha_1,209,cw13,5,183.9,396.0,446.62,184,198,92.92929292929293,2.427282608695652,45,52,0,27,1,3
manha_1,209,multi,6,233.7,512.0,567.57,184,198,92.92929292929293,3.0846195652173916,46,46,0,15,0,0
manha_1,210,cw1,4,167.55,363.0,406.91,174,198,87.87878787878788,2.3385632183908047,48,52,0,30,1,2
manha_1,210,cw13,4,161.75,347.0,392.82,174,198,87.87878787878788,2.2575862068965518,48,52,0,33,1,3
manha_1,210,multi,5,174.55,378.0,423.9,174,198,87.87878787878788,2.436206896551724,45,45,0,19,0,0
manha_1,211,cw1,4,179.0,386.0,434.71,180,198,90.9090909090909,2.4150555555555555,47,66,0,34,2,3
manha_1,211,cw13,4,171.15,368.0,415.65,180,198,90.9090909090909,2.3091666666666666,48,48,0,34,2,2
manha_1,211,multi,6,236.35,504.0,573.99,180,198,90.9090909090909,3.188833333333333,45,45,0,17,0,1
manha_1,212,cw1,4,158.8,348.0,385.66,173,198,87.37373737373737,2.229248554913295,47,47,0,28,2,1
manha_1,212,cw13,4,157.55,339.0,382.62,173,198,87.37373737373737,2.2116763005780347,47,47,0,28,2,1
manha_1,212,multi,5,185.75,406.0,451.12,173,198,87.37373737373737,2.607630057803468,44,44,0,14,0,0
manha_1,213,cw1,4,162.6,353.0,394.9,170,198,85.85858585858585,2.322941176470588,48,48,0,26,3,2
manha_1,213,cw13,4,162.1,349.0,393.67,170,198,85.85858585858585,2.3157058823529413,48,49,0,26,2,1
manha_1,213,multi,5,206.7,437.0,502.0,170,198,85.85858585858585,2.9529411764705884,44,44,0,9,0,0
manha_1,214,cw1,5,184.0,395.0,446.86,180,198,90.9090909090909,2.482555555555556,44,52,0,20,2,3
manha_1,214,cw13,5,184.0,399.0,446.87,180,198,90.9090909090909,2.4826111111111113,44,46,0,9,2,3
manha_1,214,multi,5,203.55,440.0,494.34,180,198,90.9090909090909,2.7463333333333333,48,48,0,17,0,0
manha_1,215,cw1,4,171.0,375.0,415.29,182,198,91.91919191919192,2.281813186813187,46,57,0,25,3,5
manha_1,215,cw13,4,167.6,362.0,407.04,182,198,91.91919191919192,2.2364835164835166,47,58,0,26,2,5
manha_1,215,multi,6,223.3,487.0,542.31,182,198,91.91919191919192,2.9797252747252743,36,36,0,0,0,0
manha_1,216,cw1,4,164.25,354.0,398.9,179,198,90.4040404040404,2.2284916201117317,44,50,0,25,1,4
manha_1,216,cw13,4,163.15,341.0,396.23,179,198,90.4040404040404,2.2135754189944135,46,50,0,25,1,4
manha_1,216,multi,6,230.0,486.0,558.58,179,198,90.4040404040404,3.120558659217877,44,44,0,19,0,0
manha_1,217,cw1,4,162.0,348.0,393.43,180,198,90.9090909090909,2.185722222222222,48,54,0,36,2,1
manha_1,217,cw13,4,161.9,346.0,393.18,180,198,90.9090909090909,2.1843333333333335,48,54,0,36,2,1
manha_1,217,multi,6,237.05,504.0,575.71,180,198,90.9090909090909,3.198388888888889,48,48,0,12,0,1
manha_1,218,cw1,4,159.65,344.0,387.73,170,198,85.85858585858585,2.280764705882353,47,55,0,23,1,3
manha_1,218,cw13,4,159.65,346.0,387.73,170,198,85.85858585858585,2.280764705882353,47,55,0,23,1,3
manha_1,218,multi,6,237.6,509.0,577.04,170,198,85.85858585858585,3.3943529411764706,42,42,0,7,0,0
manha_1,219,cw1,5,186.3,397.0,452.46,175,198,88.38383838383838,2.5854857142857144,44,48,0,14,2,1
manha_1,219,cw13,5,182.8,389.0,443.96,175,198,88.38383838383838,2.5369142857142855,46,46,0,19,1,1
manha_1,219,multi,5,201.35,428.0,489.0,175,198,88.38383838383838,2.7942857142857145,44,44,0,16,0,0
manha_1,220,cw1,5,195.45,417.0,474.67,181,198,91.41414141414141,2.622486187845304,44,51,0,14,2,2
manha_1,220,cw13,5,179.0,386.0,434.72,181,198,91.41414141414141,2.401767955801105,48,51,0,26,1,1
manha_1,220,multi,5,207.0,437.0,502.72,181,198,91.41414141414141,2.777458563535912,46,46,0,11,0,10
manha_1,221,cw1,4,172.05,371.0,417.84,182,198,91.91919191919192,2.2958241758241758,48,58,0,37,3,4
manha_1,221,cw13,4,164.85,354.0,400.35,182,198,91.91919191919192,2.199725274725275,48,58,0,38,1,2
manha_1,221,multi,6,236.6,504.0,574.61,182,198,91.91919191919192,3.1571978021978024,48,48,0,23,1,0
manha_1,222,cw1,4,151.95,320.0,369.02,179,198,90.4040404040404,2.0615642458100556,47,50,0,34,1,1
manha_1,222,cw13,4,151.55,323.0,368.05,179,198,90.4040404040404,2.0561452513966483,47,50,0,34,1,2
manha_1,222,multi,5,203.0,436.0,493.01,179,198,90.4040404040404,2.754245810055866,48,48,0,15,0,0
manha_1,223,cw1,4,170.85,371.0,414.92,178,198,89.8989898989899,2.331011235955056,48,49,0,33,3,1
manha_1,223,cw13,4,159.55,342.0,387.49,178,198,89.8989898989899,2.1769101123595505,48,48,0,33,2,1
manha_1,223,multi,6,230.95,489.0,560.89,178,198,89.8989898989899,3.151067415730337,48,48,0,12,0,0
manha_1,224,cw1,4,162.45,352.0,394.52,174,198,87.87878787878788,2.26735632183908,46,50,0,26,2,2
manha_1,224,cw13,4,158.4,337.0,384.69,174,198,87.87878787878788,2.2108620689655174,45,53,0,26,2,2
manha_1,224,multi,7,267.0,576.0,648.44,174,198,87.87878787878788,3.726666666666667,46,46,0,10,0,0
manha_1,225,cw1,4,164.15,350.0,398.66,172,198,86.86868686868686,2.3177906976744187,46,57,0,25,2,3
manha_1,225,cw13,4,160.05,344.0,388.69,172,198,86.86868686868686,2.259825581395349,46,59,0,25,2,3
manha_1,225,multi,6,252.3,540.0,612.73,172,198,86.86868686868686,3.5623837209302325,40,40,0,4,2,12
manha_1,226,cw1,4,162.25,355.0,394.04,168,198,84.84848484848484,2.3454761904761905,43,52,0,20,2,3
manha_1,226,cw13,4,159.15,349.0,386.51,168,198,84.84848484848484,2.3006547619047617,44,52,0,22,2,3
manha_1,226,multi,6,229.7,487.0,557.85,168,198,84.84848484848484,3.3205357142857146,40,40,0,4,0,0
manha_1,227,cw1,4,171.2,357.0,415.78,177,198,89.39393939393939,2.3490395480225987,47,57,0,27,1,3
manha_1,227,cw13,4,159.95,335.0,388.46,177,198,89.39393939393939,2.194689265536723,47,57,0,27,1,3
manha_1,227,multi,6,227.3,492.0,552.01,177,198,89.39393939393939,3.118700564971751,43,43,0,15,1,0
manha_1,228,cw1,4,163.65,355.0,397.44,180,198,90.9090909090909,2.208,47,54,0,33,2,3
manha_1,228,cw13,4,160.8,351.0,390.52,180,198,90.9090909090909,2.1695555555555552,48,56,0,33,2,4
manha_1,228,multi,5,194.5,413.0,472.36,180,198,90.9090909090909,2.6242222222222225,45,45,0,16,0,0
manha_1,229,cw1,4,173.25,375.0,420.76,182,198,91.91919191919192,2.311868131868132,47,53,0,32,3,5
manha_1,229,cw13,4,171.55,370.0,416.63,182,198,91.91919191919192,2.289175824175824,46,51,0,27,1,4
manha_1,229,multi,6,244.5,529.0,593.8,182,198,91.91919191919192,3.2626373626373626,47,47,0,18,0,3
manha_1,230,cw1,5,199.65,427.0,484.87,175,198,88.38383838383838,2.7706857142857144,45,61,0,14,3,3
manha_1,230,cw13,5,186.1,400.0,451.96,175,198,88.38383838383838,2.5826285714285713,45,61,0,12,1,3
manha_1,230,multi,6,248.15,530.0,602.66,175,198,88.38383838383838,3.4437714285714285,44,44,0,16,0,0
manha_1,231,cw1,4,163.6,350.0,397.32,173,198,87.37373737373737,2.2966473988439304,46,60,0,26,2,2
manha_1,231,cw13,4,162.7,349.0,395.13,173,198,87.37373737373737,2.2839884393063583,47,48,0,29,2,1
manha_1,231,multi,6,246.75,529.0,599.25,173,198,87.37373737373737,3.463872832369942,42,42,0,6,0,0
manha_1,232,cw1,5,183.8,394.0,446.38,179,198,90.4040404040404,2.4937430167597765,46,46,0,21,2,1
manha_1,232,cw13,5,188.8,408.0,458.52,179,198,90.4040404040404,2.5615642458100556,45,45,0,18,2,1
manha_1,232,multi,7,266.45,566.0,647.1,179,198,90.4040404040404,3.6150837988826816,48,48,0,22,0,0
manha_1,233,cw1,4,162.1,352.0,393.67,179,198,90.4040404040404,2.19927374301676,48,56,0,29,2,3
manha_1,233,cw13,4,161.7,353.0,392.7,179,198,90.4040404040404,2.1938547486033517,48,53,0,32,2,3
manha_1,233,multi,5,199.75,437.0,485.12,179,198,90.4040404040404,2.710167597765363,47,47,0,15,1,10
manha_1,234,cw1,5,202.15,435.0,490.94,179,198,90.4040404040404,2.74268156424581,46,47,0,17,2,1
manha_1,234,cw13,5,188.0,405.0,456.58,179,198,90.4040404040404,2.55072625698324,47,47,0,11,1,2
manha_1,234,multi,5,196.3,424.0,476.74,179,198,90.4040404040404,2.6633519553072627,46,46,0,18,0,0
manha_1,235,cw1,4,178.85,381.0,434.36,179,198,90.4040404040404,2.42659217877095,45,67,0,27,2,4
manha_1,235,cw13,4,166.35,359.0,403.99,179,198,90.4040404040404,2.256927374301676,47,56,0,26,2,4
manha_1,235,multi,5,208.6,436.0,506.61,179,198,90.4040404040404,2.830223463687151,47,47,0,23,0,0
manha_1,236,cw1,4,165.05,354.0,400.84,176,198,88.88888888888889,2.2775,48,58,0,30,2,2
manha_1,236,cw13,4,161.45,344.0,392.1,176,198,88.88888888888889,2.2278409090909093,48,58,0,30,2,2
manha_1,236,multi,6,213.2,459.0,517.77,176,198,88.88888888888889,2.941875,46,46,0,20,1,0
manha_1,237,cw1,4,165.85,362.0,402.78,179,198,90.4040404040404,2.250167597765363,47,61,0,33,2,1
manha_1,237,cw13,4,157.3,338.0,382.01,179,198,90.4040404040404,2.1341340782122904,47,61,0,33,1,1
manha_1,237,multi,6,227.4,488.0,552.26,179,198,90.4040404040404,3.0852513966480446,34,34,0,0,0,0
manha_1,238,cw1,4,174.5,365.0,423.79,172,198,86.86868686868686,2.4638953488372093,47,54,0,24,2,3
manha_1,238,cw13,4,160.35,341.0,389.43,172,198,86.86868686868686,2.264127906976744,47,54,0,24,2,3
manha_1,238,multi,6,229.2,493.0,556.65,172,198,86.86868686868686,3.2363372093023255,43,43,0,11,0,0
manha_1,239,cw1,4,158.25,342.0,384.33,178,198,89.8989898989899,2.1591573033707863,48,56,0,33,1,2
manha_1,239,cw13,4,158.25,342.0,384.33,178,198,89.8989898989899,2.1591573033707863,48,56,0,33,1,2
manha_1,239,multi,5,202.9,432.0,492.76,178,198,89.8989898989899,2.768314606741573,39,39,0,6,0,1
manha_1,240,cw1,5,199.2,431.0,483.79,179,198,90.4040404040404,2.702737430167598,41,56,0,11,2,3
manha_1,240,cw13,5,184.45,397.0,447.96,179,198,90.4040404040404,2.5025698324022345,41,56,0,11,2,3
manha_1,240,multi,6,220.25,481.0,534.89,179,198,90.4040404040404,2.9882122905027932,43,43,0,12,0,1
manha_1,241,cw1,4,156.95,340.0,381.17,184,198,92.92929292929293,2.071576086956522,47,55,0,37,2,3
manha_1,241,cw13,4,157.85,340.0,383.35,184,198,92.92929292929293,2.0834239130434784,47,55,0,37,2,3
manha_1,241,multi,5,201.15,424.0,488.52,184,198,92.92929292929293,2.655,47,47,0,20,0,0
manha_1,242,cw1,4,155.7,333.0,378.13,177,198,89.39393939393939,2.136327683615819,46,46,0,33,0,0
manha_1,242,cw13,4,156.1,324.0,379.1,177,198,89.39393939393939,2.1418079096045197,47,47,0,33,0,0
manha_1,242,multi,5,200.8,425.0,487.65,177,198,89.39393939393939,2.7550847457627117,48,48,0,27,0,0
manha_1,243,cw1,4,157.35,338.0,382.15,175,198,88.38383838383838,2.1837142857142857,46,53,0,28,1,3
manha_1,243,cw13,4,156.55,336.0,380.21,175,198,88.38383838383838,2.172628571428571,47,53,0,31,1,3
manha_1,243,multi,6,238.85,508.0,580.08,175,198,88.38383838383838,3.3147428571428574,47,47,0,12,0,0
manha_1,244,cw1,4,167.9,369.0,407.76,177,198,89.39393939393939,2.303728813559322,48,65,0,33,2,3
manha_1,244,cw13,4,163.4,353.0,396.83,177,198,89.39393939393939,2.2419774011299434,48,62,0,29,2,3
manha_1,244,multi,5,204.5,430.0,496.66,177,198,89.39393939393939,2.805988700564972,41,41,0,13,0,12
manha_1,245,cw1,4,174.05,375.0,422.7,179,198,90.4040404040404,2.3614525139664804,47,50,0,33,2,1
manha_1,245,cw13,4,158.05,339.0,383.84,179,198,90.4040404040404,2.144357541899441,47,49,0,33,2,2
manha_1,245,multi,5,201.8,433.0,490.09,179,198,90.4040404040404,2.7379329608938545,48,48,0,18,0,1
manha_1,246,cw1,4,159.45,345.0,387.24,167,198,84.34343434343434,2.318802395209581,45,47,0,23,2,2
manha_1,246,cw13,4,155.75,339.0,378.25,167,198,84.34343434343434,2.2649700598802394,46,53,0,23,1,2
manha_1,246,multi,6,213.5,456.0,518.51,167,198,84.34343434343434,3.1048502994011975,44,44,0,15,0,0
manha_1,247,cw1,4,160.2,349.0,389.07,181,198,91.41414141414141,2.1495580110497237,45,48,0,32,2,2
manha_1,247,cw13,4,159.65,345.0,387.72,181,198,91.41414141414141,2.142099447513812,46,50,0,32,3,2
manha_1,247,multi,6,238.95,506.0,580.31,181,198,91.41414141414141,3.2061325966850824,45,45,0,14,0,0
manha_1,248,cw1,5,192.6,410.0,467.75,178,198,89.8989898989899,2.627808988764045,44,75,0,11,1,3
manha_1,248,cw13,5,185.05,390.0,449.41,178,198,89.8989898989899,2.5247752808988766,47,65,0,11,0,3
manha_1,248,multi,5,204.45,427.0,496.53,178,198,89.8989898989899,2.789494382022472,47,47,0,12,0,1
manha_1,249,cw1,5,184.9,393.0,449.05,177,198,89.39393939393939,2.537005649717514,48,64,0,18,1,3
manha_1,249,cw13,5,185.55,393.0,450.62,177,198,89.39393939393939,2.5458757062146895,48,48,0,20,1,2
manha_1,249,multi,5,205.8,443.0,499.8,177,198,89.39393939393939,2.823728813559322,47,47,0,18,1,13
manha_1,250,cw1,4,169.6,364.0,411.89,177,198,89.39393939393939,2.327062146892655,48,48,0,34,2,0
manha_1,250,cw13,4,169.3,362.0,411.16,177,198,89.39393939393939,2.322937853107345,48,48,0,34,2,0
manha_1,250,multi,6,217.0,468.0,527.0,177,198,89.39393939393939,2.977401129943503,46,46,0,13,0,0
manha_1,251,cw1,4,161.1,351.0,391.25,187,198,94.44444444444444,2.092245989304813,47,50,0,42,2,2
manha_1,251,cw13,4,161.6,350.0,392.47,187,198,94.44444444444444,2.098770053475936,47,51,0,42,2,2
manha_1,251,multi,5,196.75,426.0,477.83,187,198,94.44444444444444,2.55524064171123,48,48,0,22,0,0
manha_1,252,cw1,5,183.9,388.0,446.63,188,198,94.94949494949495,2.375691489361702,46,50,0,32,2,2
manha_1,252,cw13,5,180.45,391.0,438.24,188,198,94.94949494949495,2.331063829787234,46,46,0,25,2,2
manha_1,252,multi,5,199.4,422.0,484.27,188,198,94.94949494949495,2.575904255319149,46,46,0,28,0,0
manha_1,253,cw1,5,185.65,399.0,450.87,181,198,91.41414141414141,2.4909944751381214,46,58,0,21,1,2
manha_1,253,cw13,5,184.65,394.0,448.44,181,198,91.41414141414141,2.477569060773481,48,55,0,21,1,2
manha_1,253,multi,6,223.6,478.0,543.04,181,198,91.41414141414141,3.000220994475138,47,47,0,20,0,0
manha_1,254,cw1,4,164.0,359.0,398.29,176,198,88.88888888888889,2.263011363636364,45,58,0,29,3,4
manha_1,254,cw13,4,163.2,356.0,396.35,176,198,88.88888888888889,2.2519886363636363,46,56,0,29,3,4
manha_1,254,multi,6,233.05,496.0,565.98,176,198,88.88888888888889,3.2157954545454546,48,48,0,12,0,0
manha_1,255,cw1,4,158.95,342.0,386.03,187,198,94.44444444444444,2.0643315508021387,48,53,0,43,1,2
manha_1,255,cw13,4,159.75,345.0,387.97,187,198,94.44444444444444,2.074705882352941,48,55,0,43,1,2
manha_1,255,multi,5,198.4,432.0,481.82,187,198,94.44444444444444,2.576577540106952,48,48,0,25,1,10
manha_1,256,cw1,5,187.0,399.0,454.15,184,198,92.92929292929293,2.4682065217391305,45,48,0,22,2,2
manha_1,256,cw13,5,185.0,400.0,449.29,184,198,92.92929292929293,2.4417934782608697,46,52,0,13,2,2
manha_1,256,multi,6,236.1,493.0,573.39,184,198,92.92929292929293,3.11625,48,48,0,24,0,0
manha_1,257,cw1,5,202.35,427.0,491.43,179,198,90.4040404040404,2.745418994413408,44,44,0,13,1,1
manha_1,257,cw13,5,186.75,395.0,453.55,179,198,90.4040404040404,2.5337988826815643,48,48,0,17,0,0
manha_1,257,multi,5,201.0,426.0,488.15,179,198,90.4040404040404,2.727094972067039,43,43,0,17,0,0
manha_1,258,cw1,5,182.3,392.0,442.74,185,198,93.43434343434343,2.393189189189189,45,53,0,27,2,3
manha_1,258,cw13,5,186.1,406.0,451.97,185,198,93.43434343434343,2.4430810810810812,43,51,0,18,3,3
manha_1,258,multi,5,180.85,389.0,439.22,185,198,93.43434343434343,2.3741621621621625,43,43,0,21,0,0
manha_1,259,cw1,4,161.7,350.0,392.7,180,198,90.9090909090909,2.1816666666666666,48,65,0,34,3,3
manha_1,259,cw13,4,158.7,350.0,385.42,180,198,90.9090909090909,2.1412222222222224,48,65,0,33,3,3
manha_1,259,multi,6,235.55,509.0,572.05,180,198,90.9090909090909,3.1780555555555554,40,40,0,8,0,0
manha_1,260,cw1,4,161.3,353.0,391.73,180,198,90.9090909090909,2.176277777777778,48,61,0,36,2,1
manha_1,260,cw13,4,160.65,349.0,390.15,180,198,90.9090909090909,2.1675,48,48,0,36,2,0
manha_1,260,multi,6,245.3,518.0,595.74,180,198,90.9090909090909,3.3096666666666668,38,38,0,4,1,0
manha_1,261,cw1,4,167.2,366.0,406.06,176,198,88.88888888888889,2.307159090909091,47,58,0,23,2,4
manha_1,261,cw13,4,164.5,347.0,399.51,176,198,88.88888888888889,2.269943181818182,47,53,0,23,2,4
manha_1,261,multi,5,204.0,440.0,495.44,176,198,88.88888888888889,2.815,44,44,0,8,0,0
manha_1,262,cw1,4,164.4,359.0,399.26,175,198,88.38383838383838,2.281485714285714,47,49,0,29,2,2
manha_1,262,cw13,4,164.1,357.0,398.53,175,198,88.38383838383838,2.2773142857142856,47,49,0,29,2,2
manha_1,262,multi,5,199.5,433.0,484.51,175,198,88.38383838383838,2.768628571428571,45,45,0,22,0,0
manha_1,263,cw1,4,162.5,355.0,394.65,178,198,89.8989898989899,2.2171348314606742,47,60,0,32,2,3
manha_1,263,cw13,4,160.9,351.0,390.76,178,198,89.8989898989899,2.1952808988764043,47,60,0,32,2,3
manha_1,263,multi,6,246.5,529.0,598.65,178,198,89.8989898989899,3.363202247191011,35,35,0,0,0,0
manha_1,264,cw1,4,162.15,359.0,393.8,175,198,88.38383838383838,2.2502857142857144,48,52,0,32,3,1
manha_1,264,cw13,4,161.85,357.0,393.07,175,198,88.38383838383838,2.2461142857142855,48,52,0,32,3,1
manha_1,264,multi,6,247.2,517.0,600.35,175,198,88.38383838383838,3.4305714285714286,43,43,0,7,0,0
manha_1,265,cw1,4,163.2,355.0,396.34,173,198,87.37373737373737,2.2909826589595372,46,47,0,26,3,1
manha_1,265,cw13,4,161.45,349.0,392.09,173,198,87.37373737373737,2.266416184971098,46,46,0,26,3,1
manha_1,265,multi,6,230.35,485.0,559.42,173,198,87.37373737373737,3.2336416184971095,45,45,0,16,0,0
manha_1,266,cw1,4,166.6,358.0,404.61,174,198,87.87878787878788,2.325344827586207,47,49,0,29,1,1
manha_1,266,cw13,4,160.8,345.0,390.52,174,198,87.87878787878788,2.244367816091954,46,49,0,29,1,2
manha_1,266,multi,6,254.8,526.0,618.81,174,198,87.87878787878788,3.5563793103448273,48,48,0,12,1,0
manha_1,267,cw1,4,165.8,354.0,402.65,176,198,88.88888888888889,2.2877840909090907,46,46,0,30,2,2
manha_1,267,cw13,4,161.4,342.0,391.97,176,198,88.88888888888889,2.2271022727272727,46,46,0,30,2,2
manha_1,267,multi,5,200.7,419.0,487.43,176,198,88.88888888888889,2.7694886363636364,48,48,0,12,0,0
manha_1,268,cw1,5,193.85,406.0,470.79,173,198,87.37373737373737,2.7213294797687864,45,45,0,15,1,1
manha_1,268,cw13,5,181.7,388.0,441.28,173,198,87.37373737373737,2.5507514450867053,45,59,0,9,0,1
manha_1,268,multi,5,202.85,434.0,492.64,173,198,87.37373737373737,2.8476300578034683,45,45,0,14,0,0
manha_1,269,cw1,4,164.4,356.0,399.26,172,198,86.86868686868686,2.3212790697674417,44,72,0,26,2,3
manha_1,269,cw13,4,162.9,354.0,395.62,172,198,86.86868686868686,2.3001162790697673,45,53,0,26,2,2
manha_1,269,multi,5,203.1,443.0,493.25,172,198,86.86868686868686,2.8677325581395348,43,43,0,14,1,11
manha_1,270,cw1,4,165.95,369.0,403.03,183,198,92.42424242424242,2.202349726775956,47,56,0,35,3,2
manha_1,270,cw13,4,165.35,367.0,401.57,183,198,92.42424242424242,2.1943715846994536,47,56,0,35,3,2
manha_1,270,multi,5,192.05,417.0,466.41,183,198,92.42424242424242,2.548688524590164,46,46,0,20,0,0
manha_1,271,cw1,4,161.15,346.0,391.37,184,198,92.92929292929293,2.1270108695652175,47,52,0,38,1,4
manha_1,271,cw13,4,161.15,348.0,391.37,184,198,92.92929292929293,2.1270108695652175,47,52,0,38,1,4
manha_1,271,multi,6,235.9,498.0,572.91,184,198,92.92929292929293,3.113641304347826,43,43,0,20,1,0
manha_1,272,cw1,5,191.45,414.0,464.96,182,198,91.91919191919192,2.5547252747252744,47,64,0,17,2,2
manha_1,272,cw13,5,185.2,392.0,449.79,182,198,91.91919191919192,2.4713736263736266,41,57,0,9,1,3
manha_1,272,multi,5,197.25,417.0,479.04,182,198,91.91919191919192,2.632087912087912,48,48,0,24,0,0
manha_1,273,cw1,4,158.9,341.0,385.91,184,198,92.92929292929293,2.0973369565217395,48,67,0,39,1,1
manha_1,273,cw13,4,159.3,337.0,386.88,184,198,92.92929292929293,2.1026086956521737,48,48,0,40,1,0
manha_1,273,multi,5,211.4,463.0,513.42,184,198,92.92929292929293,2.7903260869565214,48,48,0,20,1,13
manha_1,274,cw1,5,181.95,380.0,441.88,177,198,89.39393939393939,2.496497175141243,47,51,0,15,2,1
manha_1,274,cw13,5,181.9,384.0,441.76,177,198,89.39393939393939,2.495819209039548,47,51,0,15,1,1
manha_1,274,multi,6,234.8,512.0,570.24,177,198,89.39393939393939,3.221694915254237,44,44,0,15,0,0
manha_1,275,cw1,5,176.25,371.0,428.05,179,198,90.4040404040404,2.391340782122905,44,51,0,16,0,1
manha_1,275,cw13,5,181.65,384.0,441.16,179,198,90.4040404040404,2.4645810055865924,44,53,0,14,0,1
manha_1,275,multi,5,196.0,407.0,476.01,179,198,90.4040404040404,2.65927374301676,44,44,0,14,0,0
manha_1,276,cw1,5,177.4,377.0,430.84,184,198,92.92929292929293,2.341521739130435,46,64,0,22,0,2
manha_1,276,cw13,5,181.1,374.0,439.82,184,198,92.92929292929293,2.3903260869565215,46,46,0,23,0,1
manha_1,276,multi,5,190.9,398.0,463.61,184,198,92.92929292929293,2.519619565217391,44,44,0,19,0,0
manha_1,277,cw1,5,174.4,375.0,423.55,182,198,91.91919191919192,2.3271978021978024,45,45,0,28,2,2
manha_1,277,cw13,5,173.2,369.0,420.63,182,198,91.91919191919192,2.311153846153846,48,48,0,28,2,1
manha_1,277,multi,5,207.45,438.0,503.82,182,198,91.91919191919192,2.768241758241758,48,48,0,13,0,0
manha_1,278,cw1,4,155.75,334.0,378.26,171,198,86.36363636363636,2.212046783625731,45,52,0,25,1,2
manha_1,278,cw13,4,157.95,335.0,383.59,171,198,86.36363636363636,2.243216374269006,45,52,0,25,1,2
manha_1,278,multi,5,211.85,455.0,514.49,171,198,86.36363636363636,3.008713450292398,42,42,0,6,1,12
manha_1,279,cw1,5,200.05,425.0,485.84,177,198,89.39393939393939,2.7448587570621465,45,45,0,16,2,0
manha_1,279,cw13,5,184.9,393.0,449.05,177,198,89.39393939393939,2.537005649717514,45,48,0,12,1,1
manha_1,279,multi,6,241.25,520.0,585.9,177,198,89.39393939393939,3.3101694915254236,39,39,0,3,0,0
manha_1,280,cw1,5,182.35,389.0,442.86,184,198,92.92929292929293,2.4068478260869566,48,55,0,24,2,2
manha_1,280,cw13,5,184.55,399.0,448.2,184,198,92.92929292929293,2.4358695652173914,48,54,0,15,1,2
manha_1,280,multi,6,219.0,473.0,531.86,184,198,92.92929292929293,2.8905434782608697,48,48,0,19,0,0
manha_1,281,cw1,4,159.5,338.0,387.36,187,198,94.44444444444444,2.0714438502673795,48,60,0,43,1,1
manha_1,281,cw13,4,159.2,336.0,386.64,187,198,94.44444444444444,2.0675935828877003,48,60,0,43,1,1
manha_1,281,multi,5,198.25,414.0,481.48,187,198,94.44444444444444,2.57475935828877,44,44,0,24,0,0
manha_1,282,cw1,4,161.0,350.0,391.01,175,198,88.38383838383838,2.234342857142857,48,48,0,28,2,2
manha_1,282,cw13,4,161.5,349.0,392.21,175,198,88.38383838383838,2.2412,47,48,0,28,2,2
manha_1,282,multi,5,209.6,440.0,509.03,175,198,88.38383838383838,2.908742857142857,41,41,0,6,1,0
manha_1,283,cw1,4,169.35,366.0,411.28,175,198,88.38383838383838,2.3501714285714286,47,50,0,29,2,2
manha_1,283,cw13,4,157.9,335.0,383.47,175,198,88.38383838383838,2.191257142857143,47,51,0,29,1,2
manha_1,283,multi,6,231.4,490.0,561.98,175,198,88.38383838383838,3.211314285714286,47,47,0,18,0,0
manha_1,284,cw1,4,168.1,361.0,408.24,174,198,87.87878787878788,2.346206896551724,48,61,0,32,2,5
manha_1,284,cw13,4,166.9,359.0,405.33,174,198,87.87878787878788,2.3294827586206894,48,61,0,30,2,4
manha_1,284,multi,6,230.25,483.0,559.18,174,198,87.87878787878788,3.2136781609195397,48,48,0,16,0,0
manha_1,285,cw1,5,189.9,405.0,461.19,184,198,92.92929292929293,2.506467391304348,41,43,0,11,1,2
manha_1,285,cw13,5,192.75,410.0,468.11,184,198,92.92929292929293,2.544076086956522,46,46,0,15,1,2
manha_1,285,multi,6,230.2,484.0,559.06,184,198,92.92929292929293,3.038369565217391,47,47,0,21,0,0
manha_1,286,cw1,4,162.2,354.0,393.92,183,198,92.42424242424242,2.152568306010929,46,52,0,37,2,2
manha_1,286,cw13,4,160.4,348.0,389.55,183,198,92.42424242424242,2.128688524590164,46,51,0,37,2,2
manha_1,286,multi,6,249.05,542.0,604.86,183,198,92.42424242424242,3.3052459016393443,46,46,0,18,2,11
manha_1,287,cw1,5,177.4,375.0,430.83,179,198,90.4040404040404,2.406871508379888,47,61,0,17,2,4
manha_1,287,cw13,5,185.0,397.0,449.29,179,198,90.4040404040404,2.5100000000000002,42,42,0,10,1,1
manha_1,287,multi,6,228.35,493.0,554.58,179,198,90.4040404040404,3.0982122905027936,42,42,0,13,1,0
manha_1,288,cw1,4,165.0,354.0,400.71,182,198,91.91919191919192,2.201703296703297,48,62,0,36,2,2
manha_1,288,cw13,4,164.0,352.0,398.29,182,198,91.91919191919192,2.1884065934065937,47,64,0,37,2,2
manha_1,288,multi,6,231.1,496.0,561.26,182,198,91.91919191919192,3.083846153846154,45,45,0,16,0,0
manha_1,289,cw1,5,188.8,403.0,458.53,187,198,94.44444444444444,2.452032085561497,44,49,0,24,1,2
manha_1,289,cw13,5,188.3,399.0,457.31,187,198,94.44444444444444,2.445508021390374,44,44,0,21,1,2
manha_1,289,multi,6,232.3,489.0,564.16,187,198,94.44444444444444,3.016898395721925,45,45,0,17,0,0
manha_1,290,cw1,4,163.9,351.0,398.05,180,198,90.9090909090909,2.211388888888889,48,79,0,32,2,3
manha_1,290,cw13,4,161.9,347.0,393.19,180,198,90.9090909090909,2.184388888888889,48,79,0,33,2,3
manha_1,290,multi,6,247.2,529.0,600.36,180,198,90.9090909090909,3.3353333333333333,45,45,0,13,0,0
manha_1,291,cw1,5,188.1,397.0,456.82,182,198,91.91919191919192,2.51,48,59,0,16,1,3
manha_1,291,cw13,5,185.55,392.0,450.62,182,198,91.91919191919192,2.475934065934066,48,48,0,22,1,2
manha_1,291,multi,6,246.95,520.0,599.74,182,198,91.91919191919192,3.295274725274725,42,42,0,11,0,1
manha_1,292,cw1,5,198.1,427.0,481.11,173,198,87.37373737373737,2.7809826589595374,47,53,0,17,2,1
manha_1,292,cw13,5,184.35,390.0,447.71,173,198,87.37373737373737,2.5879190751445087,47,52,0,27,1,1
manha_1,292,multi,6,230.2,483.0,559.06,173,198,87.37373737373737,3.2315606936416184,48,48,0,21,0,1
manha_1,293,cw1,5,185.2,392.0,449.78,179,198,90.4040404040404,2.5127374301675975,47,47,0,17,1,2
manha_1,293,cw13,5,180.55,385.0,438.48,179,198,90.4040404040404,2.449608938547486,47,47,0,16,0,2
manha_1,293,multi,5,210.4,438.0,510.97,179,198,90.4040404040404,2.854581005586592,47,47,0,12,0,0
manha_1,294,cw1,4,164.1,356.0,398.54,174,198,87.87878787878788,2.2904597701149427,47,56,0,27,2,3
manha_1,294,cw13,4,164.8,355.0,400.23,174,198,87.87878787878788,2.3001724137931037,48,57,0,27,2,3
manha_1,294,multi,6,250.05,531.0,607.27,174,198,87.87878787878788,3.4900574712643677,39,39,0,3,0,6
manha_1,295,cw1,4,164.25,349.0,398.9,181,198,91.41414141414141,2.203867403314917,47,57,0,32,0,3
manha_1,295,cw13,4,161.35,344.0,391.86,181,198,91.41414141414141,2.1649723756906076,48,56,0,33,1,3
manha_1,295,multi,5,207.1,439.0,502.96,181,198,91.41414141414141,2.7787845303867402,43,43,0,10,0,0
manha_1,296,cw1,5,189.15,399.0,459.38,180,198,90.9090909090909,2.552111111111111,47,57,0,22,1,2
manha_1,296,cw13,5,183.95,388.0,446.74,180,198,90.9090909090909,2.481888888888889,46,70,0,20,0,3
manha_1,296,multi,5,204.65,440.0,497.01,180,198,90.9090909090909,2.7611666666666665,47,47,0,14,0,0
manha_1,297,cw1,4,160.9,349.0,390.77,181,198,91.41414141414141,2.1589502762430937,48,48,0,35,2,1
manha_1,297,cw13,4,157.5,340.0,382.51,181,198,91.41414141414141,2.113314917127072,48,49,0,37,1,1
manha_1,297,multi,6,226.85,485.0,550.93,181,198,91.41414141414141,3.0438121546961323,48,48,0,16,0,0
manha_1,298,cw1,5,190.9,409.0,463.62,173,198,87.37373737373737,2.679884393063584,45,45,0,9,1,2
manha_1,298,cw13,5,188.55,401.0,457.91,173,198,87.37373737373737,2.646878612716763,45,45,0,12,0,1
manha_1,298,multi,6,236.95,511.0,575.46,173,198,87.37373737373737,3.3263583815028905,46,46,0,18,1,0
manha_1,299,cw1,4,163.45,365.0,396.97,173,198,87.37373737373737,2.2946242774566477,46,54,0,28,3,2
manha_1,299,cw13,4,158.65,349.0,385.3,173,198,87.37373737373737,2.2271676300578034,46,54,0,28,3,2
manha_1,299,multi,6,229.85,492.0,558.22,173,198,87.37373737373737,3.226705202312139,45,45,0,14,0,0
manha_1,300,cw1,5,185.6,394.0,450.75,175,198,88.38383838383838,2.5757142857142856,46,52,0,15,1,3
manha_1,300,cw13,5,192.55,400.0,467.62,175,198,88.38383838383838,2.6721142857142857,44,44,0,15,1,1
manha_1,300,multi,5,197.85,426.0,480.5,175,198,88.38383838383838,2.7457142857142856,48,48,0,15,0,5
manha_1,301,cw1,4,164.4,361.0,399.26,180,198,90.9090909090909,2.218111111111111,46,52,0,26,2,4
manha_1,301,cw13,4,159.9,347.0,388.34,180,198,90.9090909090909,2.1574444444444443,46,52,0,29,1,4
manha_1,301,multi,6,232.2,504.0,563.92,180,198,90.9090909090909,3.1328888888888886,43,43,0,7,0,0
manha_1,302,cw1,4,163.95,353.0,398.18,185,198,93.43434343434343,2.1523243243243244,48,53,0,37,2,3
manha_1,302,cw13,4,162.4,349.0,394.4,185,198,93.43434343434343,2.131891891891892,47,53,0,36,2,3
manha_1,302,multi,5,197.3,424.0,479.16,185,198,93.43434343434343,2.590054054054054,48,48,0,12,0,1
manha_1,303,cw1,5,183.45,392.0,445.53,177,198,89.39393939393939,2.5171186440677964,45,51,0,11,0,2
manha_1,303,cw13,5,187.75,396.0,455.96,177,198,89.39393939393939,2.576045197740113,38,44,0,4,0,2
manha_1,303,multi,6,215.45,453.0,523.24,177,198,89.39393939393939,2.9561581920903954,47,47,0,18,0,0
manha_1,304,cw1,4,166.75,367.0,404.97,176,198,88.88888888888889,2.3009659090909094,46,52,0,27,3,2
manha_1,304,cw13,4,159.85,348.0,388.21,176,198,88.88888888888889,2.205738636363636,46,52,0,27,2,2
manha_1,304,multi,5,204.65,422.0,497.01,176,198,88.88888888888889,2.8239204545454544,44,44,0,16,0,2
manha_1,305,cw1,5,180.65,385.0,438.73,180,198,90.9090909090909,2.437388888888889,47,50,0,23,1,3
manha_1,305,cw13,5,182.85,386.0,444.06,180,198,90.9090909090909,2.467,47,51,0,23,1,3
manha_1,305,multi,5,201.05,436.0,488.27,180,198,90.9090909090909,2.712611111111111,46,46,0,15,0,0
manha_1,306,cw1,4,164.65,359.0,399.87,175,198,88.38383838383838,2.2849714285714287,47,51,0,29,2,2
manha_1,306,cw13,4,156.2,340.0,379.35,175,198,88.38383838383838,2.1677142857142857,47,55,0,29,2,3
manha_1,306,multi,5,198.65,419.0,482.45,175,198,88.38383838383838,2.7568571428571427,47,47,0,21,0,0
manha_1,307,cw1,4,159.5,340.0,387.36,174,198,87.87878787878788,2.2262068965517243,48,49,0,32,1,1
manha_1,307,cw13,4,160.9,345.0,390.76,174,198,87.87878787878788,2.2457471264367816,48,49,0,32,1,1
manha_1,307,multi,5,203.2,439.0,493.49,174,198,87.87878787878788,2.8361494252873563,46,46,0,24,0,0
manha_1,308,cw1,4,167.1,354.0,405.82,178,198,89.8989898989899,2.2798876404494384,48,59,0,29,1,4
manha_1,308,cw13,4,162.3,347.0,394.17,178,198,89.8989898989899,2.214438202247191,48,63,0,30,1,4
manha_1,308,multi,6,244.4,519.0,593.56,178,198,89.8989898989899,3.3346067415730336,48,48,0,14,1,0
manha_1,309,cw1,4,159.05,339.0,386.27,174,198,87.87878787878788,2.2199425287356322,47,48,0,30,1,1
manha_1,309,cw13,4,157.75,331.0,383.11,174,198,87.87878787878788,2.2017816091954026,48,48,0,30,1,1
manha_1,309,multi,5,195.55,424.0,474.91,174,198,87.87878787878788,2.7293678160919543,47,47,0,29,0,0
manha_1,310,cw1,4,163.7,355.0,397.57,173,198,87.37373737373737,2.298092485549133,47,55,0,28,2,3
manha_1,310,cw13,4,163.4,353.0,396.84,173,198,87.37373737373737,2.293872832369942,47,55,0,28,2,3
manha_1,310,multi,5,206.9,441.0,502.49,173,198,87.37373737373737,2.904566473988439,45,45,0,22,0,10
manha_1,311,cw1,5,199.9,427.0,485.48,175,198,88.38383838383838,2.7741714285714285,45,45,0,14,1,0
manha_1,311,cw13,5,196.4,421.0,476.98,175,198,88.38383838383838,2.7256,45,45,0,14,1,1
manha_1,311,multi,6,246.45,525.0,598.52,175,198,88.38383838383838,3.4201142857142854,48,48,0,14,1,0
manha_1,312,cw1,4,163.6,357.0,397.32,178,198,89.8989898989899,2.232134831460674,46,69,0,31,2,4
manha_1,312,cw13,4,162.9,354.0,395.61,178,198,89.8989898989899,2.2225280898876405,46,69,0,31,3,4
manha_1,312,multi,6,232.4,490.0,564.4,178,198,89.8989898989899,3.1707865168539326,45,45,0,11,0,0
manha_1,313,cw1,4,172.85,373.0,419.79,184,198,92.92929292929293,2.2814673913043477,48,57,0,36,3,3
manha_1,313,cw13,4,167.15,363.0,405.94,184,198,92.92929292929293,2.2061956521739132,48,57,0,36,2,3
manha_1,313,multi,7,283.0,602.0,687.3,184,198,92.92929292929293,3.7353260869565217,42,42,0,9,0,0
manha_1,314,cw1,5,198.75,419.0,482.69,184,198,92.92929292929293,2.6233152173913044,46,52,0,22,2,1
manha_1,314,cw13,5,183.75,397.0,446.26,184,198,92.92929292929293,2.4253260869565216,43,43,0,12,2,1
manha_1,314,multi,6,250.25,521.0,607.77,184,198,92.92929292929293,3.3030978260869563,47,47,0,11,0,9
manha_1,315,cw1,5,190.05,405.0,461.56,178,198,89.8989898989899,2.5930337078651684,46,63,0,18,2,2
manha_1,315,cw13,5,188.45,398.0,457.67,178,198,89.8989898989899,2.571179775280899,46,63,0,20,0,2
manha_1,315,multi,6,222.4,470.0,540.12,178,198,89.8989898989899,3.03438202247191,44,44,0,12,0,0
manha_1,316,cw1,5,183.75,397.0,446.26,180,198,90.9090909090909,2.479222222222222,47,63,0,21,1,1
manha_1,316,cw13,5,177.75,373.0,431.69,180,198,90.9090909090909,2.398277777777778,43,59,0,14,0,1
manha_1,316,multi,6,220.7,475.0,535.99,180,198,90.9090909090909,2.9777222222222224,48,48,0,15,0,0
manha_1,317,cw1,4,159.45,337.0,387.23,179,198,90.4040404040404,2.163296089385475,48,61,0,29,1,4
manha_1,317,cw13,4,159.15,335.0,386.5,179,198,90.4040404040404,2.159217877094972,48,61,0,29,1,4
manha_1,317,multi,5,187.25,402.0,454.76,179,198,90.4040404040404,2.540558659217877,47,47,0,26,0,0
manha_1,318,cw1,5,187.25,402.0,454.76,176,198,88.88888888888889,2.5838636363636365,48,49,0,16,1,2
manha_1,318,cw13,5,186.0,389.0,451.72,176,198,88.88888888888889,2.5665909090909094,44,44,0,8,0,0
manha_1,318,multi,6,233.6,491.0,567.33,176,198,88.88888888888889,3.2234659090909092,47,47,0,11,0,0
manha_1,319,cw1,4,160.95,350.0,390.89,167,198,84.34343434343434,2.3406586826347304,47,52,0,27,2,2
manha_1,319,cw13,4,159.15,345.0,386.52,167,198,84.34343434343434,2.314491017964072,47,52,0,27,2,2
manha_1,319,multi,6,244.35,531.0,593.43,167,198,84.34343434343434,3.5534730538922155,39,39,0,6,0,8
manha_1,320,cw1,5,189.8,403.0,460.95,182,198,91.91919191919192,2.5326923076923076,46,50,0,23,1,1
manha_1,320,cw13,5,182.45,393.0,443.09,182,198,91.91919191919192,2.4345604395604394,46,46,0,19,1,1
manha_1,320,multi,6,239.8,512.0,582.38,182,198,91.91919191919192,3.19989010989011,48,48,0,26,0,0
manha_1,321,cw1,5,196.85,426.0,478.07,176,198,88.88888888888889,2.716306818181818,48,48,0,22,2,1
manha_1,321,cw13,5,183.3,398.0,445.16,176,198,88.88888888888889,2.529318181818182,44,53,0,12,1,2
manha_1,321,multi,6,246.45,521.0,598.54,176,198,88.88888888888889,3.400795454545454,44,44,0,18,0,0
manha_1,322,cw1,4,156.75,340.0,380.68,172,198,86.86868686868686,2.2132558139534884,48,48,0,29,2,0
manha_1,322,cw13,4,155.15,334.0,376.79,172,198,86.86868686868686,2.190639534883721,48,48,0,29,2,0
manha_1,322,multi,5,209.0,455.0,507.58,172,198,86.86868686868686,2.951046511627907,48,48,0,19,1,9
manha_1,323,cw1,5,194.35,413.0,471.99,173,198,87.37373737373737,2.7282658959537573,46,46,0,10,2,3
manha_1,323,cw13,5,194.35,419.0,472.0,173,198,87.37373737373737,2.7283236994219653,46,52,0,20,2,3
manha_1,323,multi,6,236.1,509.0,573.39,173,198,87.37373737373737,3.314393063583815,41,41,0,9,0,0
manha_1,324,cw1,4,167.4,366.0,406.55,178,198,89.8989898989899,2.2839887640449437,46,59,0,26,2,4
manha_1,324,cw13,4,166.5,350.0,404.36,178,198,89.8989898989899,2.271685393258427,45,58,0,26,2,4
manha_1,324,multi,6,239.0,506.0,580.44,178,198,89.8989898989899,3.260898876404495,48,48,0,23,1,0
manha_1,325,cw1,4,167.1,361.0,405.82,173,198,87.37373737373737,2.3457803468208094,48,50,0,28,3,2
manha_1,325,cw13,4,164.9,351.0,400.48,173,198,87.37373737373737,2.314913294797688,48,50,0,32,2,3
manha_1,325,multi,5,204.2,434.0,495.92,173,198,87.37373737373737,2.8665895953757228,48,48,0,17,0,0
manha_1,326,cw1,4,159.85,340.0,388.21,178,198,89.8989898989899,2.180955056179775,46,65,0,24,1,5
manha_1,326,cw13,4,157.25,335.0,381.9,178,198,89.8989898989899,2.145505617977528,47,63,0,25,1,5
manha_1,326,multi,6,244.4,522.0,593.56,178,198,89.8989898989899,3.3346067415730336,41,41,0,8,0,0
manha_1,327,cw1,4,157.9,341.0,383.48,175,198,88.38383838383838,2.1913142857142858,48,58,0,28,1,2
manha_1,327,cw13,4,155.9,337.0,378.62,175,198,88.38383838383838,2.163542857142857,48,58,0,28,1,2
manha_1,327,multi,6,232.55,497.0,564.77,175,198,88.38383838383838,3.227257142857143,43,43,0,15,0,0
manha_1,328,cw1,5,180.7,384.0,438.85,180,198,90.9090909090909,2.4380555555555556,48,48,0,22,1,2
manha_1,328,cw13,5,182.1,397.0,442.24,180,198,90.9090909090909,2.456888888888889,45,55,0,12,1,2
manha_1,328,multi,5,194.95,411.0,473.46,180,198,90.9090909090909,2.630333333333333,44,44,0,20,0,0
manha_1,329,cw1,5,183.4,388.0,445.41,177,198,89.39393939393939,2.5164406779661017,47,48,0,18,1,2
manha_1,329,cw13,5,186.2,399.0,452.2,177,198,89.39393939393939,2.5548022598870057,47,52,0,11,1,1
manha_1,329,multi,6,237.45,500.0,576.67,177,198,89.39393939393939,3.258022598870056,45,45,0,15,0,0
manha_1,330,cw1,4,162.55,355.0,394.77,176,198,88.88888888888889,2.2430113636363633,47,47,0,31,2,3
manha_1,330,cw13,4,161.2,349.0,391.49,176,198,88.88888888888889,2.224375,47,49,0,32,1,2
manha_1,330,multi,6,217.4,472.0,527.98,176,198,88.88888888888889,2.9998863636363637,48,48,0,15,0,0
manha_1,331,cw1,5,187.35,402.0,454.99,175,198,88.38383838383838,2.599942857142857,47,47,0,15,2,1
manha_1,331,cw13,5,184.5,401.0,448.07,175,198,88.38383838383838,2.5604,47,47,0,11,1,0
manha_1,331,multi,6,227.05,497.0,551.42,175,198,88.38383838383838,3.1509714285714283,48,48,0,13,0,1
manha_1,332,cw1,4,161.7,347.0,392.71,178,198,89.8989898989899,2.20623595505618,46,51,0,33,1,2
manha_1,332,cw13,4,162.4,346.0,394.4,178,198,89.8989898989899,2.2157303370786514,48,53,0,33,1,2
manha_1,332,multi,6,237.35,508.0,576.43,178,198,89.8989898989899,3.2383707865168536,46,46,0,19,1,0
manha_1,333,cw1,5,178.85,376.0,434.35,178,198,89.8989898989899,2.440168539325843,44,46,0,18,0,2
manha_1,333,cw13,5,181.05,377.0,439.7,178,198,89.8989898989899,2.4702247191011235,42,47,0,18,0,2
manha_1,333,multi,5,203.5,437.0,494.23,178,198,89.8989898989899,2.7765730337078653,45,45,0,20,0,0
manha_1,334,cw1,4,161.2,350.0,391.5,176,198,88.88888888888889,2.2244318181818183,46,63,0,27,2,3
manha_1,334,cw13,4,159.45,341.0,387.23,176,198,88.88888888888889,2.2001704545454546,46,48,0,30,2,2
manha_1,334,multi,6,231.0,476.0,561.02,176,198,88.88888888888889,3.1876136363636363,43,43,0,16,0,0
manha_1,335,cw1,5,203.7,437.0,494.7,179,198,90.4040404040404,2.7636871508379888,40,41,0,7,2,1
manha_1,335,cw13,5,189.3,401.0,459.74,179,198,90.4040404040404,2.5683798882681566,42,53,0,10,0,3
manha_1,335,multi,7,271.15,569.0,658.52,179,198,90.4040404040404,3.6788826815642457,38,38,0,2,0,0
manha_1,336,cw1,4,165.8,356.0,402.67,177,198,89.39393939393939,2.2749717514124295,46,58,0,23,1,5
manha_1,336,cw13,4,165.75,354.0,402.55,177,198,89.39393939393939,2.2742937853107343,46,58,0,27,1,4
manha_1,336,multi,6,233.2,507.0,566.35,177,198,89.39393939393939,3.199717514124294,42,42,0,7,0,0
manha_1,337,cw1,5,182.0,395.0,442.01,181,198,91.41414141414141,2.4420441988950277,48,55,0,20,2,2
manha_1,337,cw13,5,183.6,390.0,445.89,181,198,91.41414141414141,2.463480662983425,44,55,0,8,0,2
manha_1,337,multi,5,220.15,446.0,534.67,181,198,91.41414141414141,2.953977900552486,42,42,0,15,0,0
manha_1,338,cw1,5,190.55,412.0,462.78,185,198,93.43434343434343,2.5015135135135136,46,53,0,10,0,2
manha_1,338,cw13,5,188.05,405.0,456.71,185,198,93.43434343434343,2.4687027027027026,44,50,0,15,1,3
manha_1,338,multi,5,203.25,435.0,493.61,185,198,93.43434343434343,2.668162162162162,46,46,0,18,0,0
manha_1,339,cw1,4,160.7,348.0,390.28,182,198,91.91919191919192,2.144395604395604,48,51,0,38,2,2
manha_1,339,cw13,4,157.3,342.0,382.01,182,198,91.91919191919192,2.098956043956044,48,53,0,38,2,1
manha_1,339,multi,5,203.45,431.0,494.11,182,198,91.91919191919192,2.71489010989011,48,48,0,32,0,1
manha_1,340,cw1,5,182.9,389.0,444.19,177,198,89.39393939393939,2.50954802259887,43,43,0,14,0,1
manha_1,340,cw13,5,179.05,378.0,434.83,177,198,89.39393939393939,2.4566666666666666,45,45,0,16,0,1
manha_1,340,multi,6,241.55,518.0,586.62,177,198,89.39393939393939,3.314237288135593,47,47,0,11,1,0
manha_1,341,cw1,5,181.7,388.0,441.28,174,198,87.87878787878788,2.5360919540229885,44,44,0,10,0,2
manha_1,341,cw13,5,184.25,392.0,447.47,174,198,87.87878787878788,2.5716666666666668,46,46,0,19,0,1
manha_1,341,multi,5,202.35,429.0,491.42,174,198,87.87878787878788,2.8242528735632186,43,43,0,12,0,0
manha_1,342,cw1,4,160.4,349.0,389.54,171,198,86.36363636363636,2.2780116959064327,46,46,0,27,2,0
manha_1,342,cw13,4,158.45,334.0,384.81,171,198,86.36363636363636,2.2503508771929823,44,44,0,26,1,1
manha_1,342,multi,5,204.55,446.0,496.78,171,198,86.36363636363636,2.9051461988304093,48,48,0,14,0,18
manha_1,343,cw1,4,160.3,349.0,389.31,175,198,88.38383838383838,2.2246285714285716,48,52,0,29,2,2
manha_1,343,cw13,4,159.5,347.0,387.36,175,198,88.38383838383838,2.2134857142857145,48,52,0,29,2,2
manha_1,343,multi,6,222.4,467.0,540.12,175,198,88.38383838383838,3.0864,42,42,0,10,0,0
manha_1,344,cw1,4,162.7,347.0,395.13,175,198,88.38383838383838,2.257885714285714,48,55,0,27,2,3
manha_1,344,cw13,4,158.7,345.0,385.42,175,198,88.38383838383838,2.2024,48,55,0,27,2,3
manha_1,344,multi,7,265.8,562.0,645.52,175,198,88.38383838383838,3.688685714285714,48,48,0,12,0,0
manha_1,345,cw1,5,180.7,388.0,438.85,177,198,89.39393939393939,2.4793785310734466,47,55,0,20,2,1
manha_1,345,cw13,5,184.4,396.0,447.83,177,198,89.39393939393939,2.5301129943502825,43,46,0,9,1,1
manha_1,345,multi,5,196.2,411.0,476.49,177,198,89.39393939393939,2.692033898305085,42,42,0,15,0,0
manha_1,346,cw1,4,159.25,342.0,386.76,178,198,89.8989898989899,2.1728089887640447,46,51,0,30,2,3
manha_1,346,cw13,4,161.25,341.0,391.61,178,198,89.8989898989899,2.200056179775281,47,48,0,30,2,3
manha_1,346,multi,5,202.7,424.0,492.27,178,198,89.8989898989899,2.765561797752809,48,48,0,23,0,1
manha_1,347,cw1,5,191.35,414.0,464.72,181,198,91.41414141414141,2.5675138121546963,48,59,0,22,2,3
manha_1,347,cw13,5,181.2,391.0,440.06,181,198,91.41414141414141,2.431270718232044,45,45,0,14,1,2
manha_1,347,multi,6,232.0,492.0,563.44,181,198,91.41414141414141,3.1129281767955805,46,46,0,26,1,0
manha_1,348,cw1,5,199.15,421.0,483.65,186,198,93.93939393939394,2.600268817204301,45,57,0,24,2,3
manha_1,348,cw13,5,194.0,415.0,471.15,186,198,93.93939393939394,2.533064516129032,45,57,0,24,1,3
manha_1,348,multi,6,221.4,477.0,537.68,186,198,93.93939393939394,2.890752688172043,43,43,0,7,0,0
manha_1,349,cw1,4,159.9,347.0,388.33,176,198,88.88888888888889,2.2064204545454547,48,48,0,29,2,2
manha_1,349,cw13,4,158.95,342.0,386.02,176,198,88.88888888888889,2.1932954545454546,47,53,0,29,2,2
manha_1,349,multi,5,200.5,432.0,486.94,176,198,88.88888888888889,2.7667045454545454,44,44,0,9,0,0
manha_1,350,cw1,4,165.25,364.0,401.32,178,198,89.8989898989899,2.2546067415730335,47,54,0,30,3,2
manha_1,350,cw13,4,162.2,354.0,393.92,178,198,89.8989898989899,2.2130337078651685,48,54,0,30,3,2
manha_1,350,multi,5,205.65,433.0,499.45,178,198,89.8989898989899,2.8058988764044943,48,48,0,23,0,0
manha_1,351,cw1,5,186.15,397.0,452.09,177,198,89.39393939393939,2.554180790960452,48,48,0,20,1,1
manha_1,351,cw13,5,183.05,386.0,444.56,177,198,89.39393939393939,2.5116384180790963,48,48,0,20,1,1
manha_1,351,multi,6,224.75,483.0,545.83,177,198,89.39393939393939,3.0837853107344637,45,45,0,17,0,0
manha_1,352,cw1,4,171.3,369.0,416.03,177,198,89.39393939393939,2.35045197740113,48,48,0,31,2,2
manha_1,352,cw13,4,163.9,349.0,398.05,177,198,89.39393939393939,2.248870056497175,48,48,0,31,3,3
manha_1,352,multi,6,242.55,510.0,589.06,177,198,89.39393939393939,3.328022598870056,36,36,0,0,0,0
manha_1,353,cw1,4,170.3,365.0,413.59,175,198,88.38383838383838,2.3633714285714285,47,53,0,29,2,3
manha_1,353,cw13,4,156.15,336.0,379.23,175,198,88.38383838383838,2.1670285714285717,47,47,0,30,2,3
manha_1,353,multi,6,223.1,473.0,541.81,175,198,88.38383838383838,3.0960571428571426,40,40,0,4,0,0
manha_1,354,cw1,4,169.25,363.0,411.03,180,198,90.9090909090909,2.2834999999999996,46,55,0,29,2,3
manha_1,354,cw13,4,167.45,357.0,406.67,180,198,90.9090909090909,2.2592777777777777,47,53,0,29,1,3
manha_1,354,multi,5,212.05,444.0,514.98,180,198,90.9090909090909,2.861,41,41,0,9,1,0
manha_1,355,cw1,4,161.7,350.0,392.71,177,198,89.39393939393939,2.2187005649717513,48,52,0,32,2,2
manha_1,355,cw13,4,162.9,356.0,395.61,177,198,89.39393939393939,2.235084745762712,48,52,0,32,2,1
manha_1,355,multi,5,210.0,443.0,510.0,177,198,89.39393939393939,2.8813559322033897,40,40,0,10,0,0
manha_1,356,cw1,5,181.1,390.0,439.82,179,198,90.4040404040404,2.457094972067039,43,53,0,23,1,2
manha_1,356,cw13,5,182.7,396.0,443.71,179,198,90.4040404040404,2.4788268156424578,45,56,0,16,1,2
manha_1,356,multi,5,212.5,448.0,516.09,179,198,90.4040404040404,2.8831843575418996,47,47,0,25,1,9
manha_1,357,cw1,4,157.4,336.0,382.26,177,198,89.39393939393939,2.1596610169491526,46,54,0,28,1,3
manha_1,357,cw13,4,157.6,342.0,382.74,177,198,89.39393939393939,2.162372881355932,48,51,0,30,1,3
manha_1,357,multi,5,199.8,442.0,485.23,177,198,89.39393939393939,2.7414124293785314,47,47,0,19,0,0
manha_1,358,cw1,4,162.65,348.0,395.01,171,198,86.36363636363636,2.31,47,47,0,25,2,2
manha_1,358,cw13,4,159.75,340.0,387.96,171,198,86.36363636363636,2.2687719298245614,45,54,0,25,1,2
manha_1,358,multi,5,201.95,432.0,490.45,171,198,86.36363636363636,2.8681286549707603,41,41,0,9,0,0
manha_1,359,cw1,4,163.4,354.0,396.83,173,198,87.37373737373737,2.293815028901734,48,48,0,27,2,1
manha_1,359,cw13,4,163.55,350.0,397.19,173,198,87.37373737373737,2.2958959537572254,46,50,0,27,2,1
manha_1,359,multi,6,219.2,467.0,532.34,173,198,87.37373737373737,3.0771098265895955,44,44,0,15,0,0
manha_1,360,cw1,5,187.9,401.0,456.34,182,198,91.91919191919192,2.5073626373626374,47,47,0,20,1,3
manha_1,360,cw13,5,193.05,410.0,468.84,182,198,91.91919191919192,2.576043956043956,43,43,0,14,1,2
manha_1,360,multi,5,207.7,440.0,504.41,182,198,91.91919191919192,2.7714835164835168,44,44,0,12,0,0
manha_1,361,cw1,5,188.6,402.0,458.04,174,198,87.87878787878788,2.6324137931034484,46,46,0,16,1,3
manha_1,361,cw13,5,178.45,377.0,433.38,174,198,87.87878787878788,2.490689655172414,42,42,0,15,0,2
manha_1,361,multi,6,247.35,525.0,600.72,174,198,87.87878787878788,3.4524137931034486,42,42,0,6,0,0
manha_1,362,cw1,4,166.6,361.0,404.61,179,198,90.4040404040404,2.260391061452514,47,57,0,28,1,4
manha_1,362,cw13,4,162.4,351.0,394.41,179,198,90.4040404040404,2.2034078212290504,47,57,0,28,2,4
manha_1,362,multi,6,233.95,501.0,568.18,179,198,90.4040404040404,3.1741899441340777,47,47,0,11,0,0
manha_1,363,cw1,4,166.45,360.0,404.24,182,198,91.91919191919192,2.2210989010989013,47,59,0,37,2,1
manha_1,363,cw13,4,160.55,346.0,389.91,182,198,91.91919191919192,2.1423626373626377,47,59,0,37,2,1
manha_1,363,multi,5,203.15,440.0,493.39,182,198,91.91919191919192,2.7109340659340657,47,47,0,17,0,0
manha_1,364,cw1,4,160.35,351.0,389.43,176,198,88.88888888888889,2.2126704545454547,45,61,0,31,2,2
manha_1,364,cw13,4,154.65,337.0,375.58,176,198,88.88888888888889,2.1339772727272726,45,50,0,32,1,1
manha_1,364,multi,6,212.65,452.0,516.44,176,198,88.88888888888889,2.934318181818182,48,48,0,23,0,1
manha_1,365,cw1,4,165.3,361.0,401.45,179,198,90.4040404040404,2.2427374301675975,48,53,0,34,3,3
manha_1,365,cw13,4,163.1,354.0,396.1,179,198,90.4040404040404,2.212849162011173,48,53,0,34,3,2
manha_1,365,multi,6,228.75,480.0,555.53,179,198,90.4040404040404,3.1035195530726254,47,47,0,25,1,0
manha_1,366,cw1,5,189.45,402.0,460.09,183,198,92.42424242424242,2.5141530054644807,47,56,0,21,1,2
manha_1,366,cw13,5,184.9,395.0,449.05,183,198,92.42424242424242,2.453825136612022,43,56,0,15,1,2
manha_1,366,multi,7,271.8,587.0,660.09,183,198,92.42424242424242,3.607049180327869,42,42,0,8,1,0
manha_1,367,cw1,5,188.65,412.0,458.17,181,198,91.41414141414141,2.531325966850829,45,51,0,12,2,3
manha_1,367,cw13,5,185.5,399.0,450.51,181,198,91.41414141414141,2.4890055248618785,47,53,0,12,1,3
manha_1,367,multi,5,199.85,442.0,485.36,181,198,91.41414141414141,2.681546961325967,46,46,0,19,0,0
manha_1,368,cw1,4,161.3,355.0,391.73,181,198,91.41414141414141,2.164254143646409,47,55,0,33,3,3
manha_1,368,cw13,4,158.9,344.0,385.9,181,198,91.41414141414141,2.1320441988950276,47,55,0,33,3,3
manha_1,368,multi,5,203.55,438.0,494.34,181,198,91.41414141414141,2.731160220994475,45,45,0,16,0,1
manha_1,369,cw1,4,175.0,374.0,425.0,176,198,88.88888888888889,2.414772727272727,48,49,0,24,3,4
manha_1,369,cw13,4,170.1,372.0,413.11,176,198,88.88888888888889,2.347215909090909,48,49,0,24,3,4
manha_1,369,multi,6,236.4,517.0,574.12,176,198,88.88888888888889,3.2620454545454547,47,47,0,17,0,0
manha_1,370,cw1,4,174.4,363.0,423.55,175,198,88.38383838383838,2.4202857142857144,48,52,0,29,2,3
manha_1,370,cw13,4,166.45,359.0,404.25,175,198,88.38383838383838,2.31,48,48,0,25,3,3
manha_1,370,multi,6,236.25,510.0,573.76,175,198,88.38383838383838,3.2786285714285714,47,47,0,24,0,0
manha_1,371,cw1,4,165.5,354.0,401.94,180,198,90.9090909090909,2.233,46,51,0,26,1,4
manha_1,371,cw13,4,166.0,356.0,403.14,180,198,90.9090909090909,2.2396666666666665,46,52,0,26,2,4
manha_1,371,multi,6,222.7,477.0,540.84,180,198,90.9090909090909,3.004666666666667,41,41,0,5,0,0
manha_1,372,cw1,5,195.4,427.0,474.55,175,198,88.38383838383838,2.7117142857142857,47,49,0,11,2,2
manha_1,372,cw13,5,181.1,389.0,439.82,175,198,88.38383838383838,2.513257142857143,43,54,0,8,1,2
manha_1,372,multi,6,242.7,508.0,589.43,175,198,88.38383838383838,3.3681714285714284,48,48,0,19,0,0
manha_1,373,cw1,5,181.85,386.0,441.65,181,198,91.41414141414141,2.4400552486187843,47,50,0,22,0,3
manha_1,373,cw13,5,186.85,406.0,453.78,181,198,91.41414141414141,2.5070718232044196,46,48,0,18,1,3
manha_1,373,multi,6,225.45,472.0,547.52,181,198,91.41414141414141,3.0249723756906075,47,47,0,12,0,0
manha_1,374,cw1,4,161.3,348.0,391.73,173,198,87.37373737373737,2.2643352601156073,46,51,0,25,2,2
manha_1,374,cw13,4,161.05,344.0,391.12,173,198,87.37373737373737,2.260809248554913,45,54,0,25,2,2
manha_1,374,multi,5,199.9,426.0,485.48,173,198,87.37373737373737,2.806242774566474,47,47,0,22,0,0
manha_1,375,cw1,4,163.25,358.0,396.46,176,198,88.88888888888889,2.252613636363636,47,61,0,31,3,2
manha_1,375,cw13,4,154.9,335.0,376.19,176,198,88.88888888888889,2.1374431818181816,48,61,0,31,1,2
manha_1,375,multi,5,188.95,405.0,458.9,176,198,88.88888888888889,2.6073863636363637,42,42,0,17,0,0
manha_1,376,cw1,4,163.8,349.0,397.81,177,198,89.39393939393939,2.2475141242937853,48,48,0,34,1,0
manha_1,376,cw13,4,165.4,351.0,401.69,177,198,89.39393939393939,2.2694350282485876,48,48,0,34,1,0
manha_1,376,multi,5,196.85,436.0,478.08,177,198,89.39393939393939,2.7010169491525424,48,48,0,19,0,11
manha_1,377,cw1,5,192.9,402.0,468.47,181,198,91.41414141414141,2.5882320441988953,44,48,0,12,0,2
manha_1,377,cw13,5,185.95,389.0,451.6,181,198,91.41414141414141,2.4950276243093925,46,46,0,22,0,0
manha_1,377,multi,6,230.0,486.0,558.58,181,198,91.41414141414141,3.0860773480662984,43,43,0,11,0,0
manha_1,378,cw1,4,162.3,354.0,394.16,176,198,88.88888888888889,2.2395454545454547,47,59,0,26,3,4
manha_1,378,cw13,4,161.5,351.0,392.22,176,198,88.88888888888889,2.2285227272727273,46,58,0,26,3,4
manha_1,378,multi,5,195.85,428.0,475.64,176,198,88.88888888888889,2.7025,48,48,0,25,1,10
manha_1,379,cw1,4,171.75,367.0,417.11,180,198,90.9090909090909,2.317277777777778,48,60,0,33,3,3
manha_1,379,cw13,4,169.15,361.0,410.79,180,198,90.9090909090909,2.282166666666667,48,50,0,36,2,2
manha_1,379,multi,5,200.85,427.0,487.78,180,198,90.9090909090909,2.7098888888888886,46,46,0,21,0,0
manha_1,380,cw1,4,164.2,353.0,398.78,173,198,87.37373737373737,2.305086705202312,48,59,0,26,2,4
manha_1,380,cw13,4,158.7,346.0,385.42,173,198,87.37373737373737,2.227861271676301,48,49,0,27,2,2
manha_1,380,multi,6,244.25,531.0,593.19,173,198,87.37373737373737,3.4288439306358383,43,43,0,12,0,0
manha_1,381,cw1,5,183.0,392.0,444.43,180,198,90.9090909090909,2.469055555555556,47,62,0,19,2,3
manha_1,381,cw13,5,184.0,399.0,446.87,180,198,90.9090909090909,2.4826111111111113,40,55,0,11,2,3
manha_1,381,multi,6,241.15,499.0,585.65,180,198,90.9090909090909,3.253611111111111,46,46,0,10,0,1
manha_1,382,cw1,5,180.45,383.0,438.25,183,198,92.42424242424242,2.3948087431693987,45,47,0,18,1,3
manha_1,382,cw13,5,182.65,384.0,443.58,183,198,92.42424242424242,2.423934426229508,44,48,0,18,1,3
manha_1,382,multi,6,236.25,504.0,573.76,183,198,92.42424242424242,3.135300546448087,45,45,0,21,1,0
manha_1,383,cw1,4,166.8,359.0,405.08,181,198,91.41414141414141,2.238011049723757,47,58,0,30,2,4
manha_1,383,cw13,4,164.9,352.0,400.47,181,198,91.41414141414141,2.2125414364640887,47,58,0,31,1,3
manha_1,383,multi,5,185.5,394.0,450.52,181,198,91.41414141414141,2.489060773480663,48,48,0,23,0,0
manha_1,384,cw1,4,168.15,371.0,408.37,178,198,89.8989898989899,2.2942134831460677,44,56,0,29,3,4
manha_1,384,cw13,4,161.95,351.0,393.31,178,198,89.8989898989899,2.2096067415730336,46,54,0,31,2,3
manha_1,384,multi,6,239.35,509.0,581.28,178,198,89.8989898989899,3.26561797752809,44,44,0,8,1,1
manha_1,385,cw1,4,165.1,360.0,400.97,171,198,86.36363636363636,2.3448538011695907,47,57,0,25,2,3
manha_1,385,cw13,4,164.45,356.0,399.39,171,198,86.36363636363636,2.335614035087719,45,46,0,24,3,2
manha_1,385,multi,7,271.25,563.0,658.76,171,198,86.36363636363636,3.8523976608187134,43,43,0,7,0,0
manha_1,386,cw1,5,178.0,377.0,432.29,181,198,91.41414141414141,2.3883425414364643,47,50,0,23,2,1
manha_1,386,cw13,5,176.9,383.0,429.62,181,198,91.41414141414141,2.3735911602209945,47,50,0,23,2,1
manha_1,386,multi,5,201.75,432.0,489.96,181,198,91.41414141414141,2.7069613259668506,46,46,0,12,0,1
manha_1,387,cw1,4,179.65,396.0,436.3,180,198,90.9090909090909,2.423888888888889,45,61,0,28,3,5
manha_1,387,cw13,4,172.75,380.0,419.54,180,198,90.9090909090909,2.330777777777778,46,50,0,28,3,4
manha_1,387,multi,5,203.8,443.0,494.95,180,198,90.9090909090909,2.749722222222222,48,48,0,16,0,0
manha_1,388,cw1,4,164.35,365.0,399.14,174,198,87.87878787878788,2.2939080459770116,46,59,0,27,3,4
manha_1,388,cw13,4,163.25,358.0,396.47,174,198,87.87878787878788,2.2785632183908047,47,58,0,27,2,4
manha_1,388,multi,5,203.6,426.0,494.46,174,198,87.87878787878788,2.8417241379310343,47,47,0,19,0,0
manha_1,389,cw1,5,188.5,406.0,457.78,179,198,90.4040404040404,2.557430167597765,45,55,0,14,2,3
manha_1,389,cw13,5,189.6,405.0,460.46,179,198,90.4040404040404,2.5724022346368716,48,55,0,21,2,2
manha_1,389,multi,5,192.25,407.0,466.9,179,198,90.4040404040404,2.608379888268156,47,47,0,26,0,1
manha_1,390,cw1,5,179.15,379.0,435.09,173,198,87.37373737373737,2.514971098265896,44,44,0,14,0,2
manha_1,390,cw13,5,184.85,396.0,448.91,173,198,87.37373737373737,2.59485549132948,41,41,0,5,1,2
manha_1,390,multi,6,241.55,509.0,586.63,173,198,87.37373737373737,3.3909248554913294,46,46,0,12,0,0
manha_1,391,cw1,4,165.0,352.0,400.72,181,198,91.41414141414141,2.213922651933702,48,52,0,37,1,2
manha_1,391,cw13,4,156.95,340.0,381.17,181,198,91.41414141414141,2.105911602209945,48,48,0,37,1,2
manha_1,391,multi,6,231.25,490.0,561.61,181,198,91.41414141414141,3.102817679558011,39,39,0,4,0,0
manha_1,392,cw1,4,162.8,352.0,395.38,181,198,91.41414141414141,2.1844198895027622,47,47,0,36,2,1
manha_1,392,cw13,4,156.8,339.0,380.81,181,198,91.41414141414141,2.1039226519337015,47,60,0,35,1,2
manha_1,392,multi,5,204.2,437.0,495.92,181,198,91.41414141414141,2.739889502762431,46,46,0,10,1,0
manha_1,393,cw1,5,183.4,389.0,445.42,176,198,88.88888888888889,2.5307954545454545,46,46,0,18,2,1
manha_1,393,cw13,5,189.4,403.0,459.98,176,198,88.88888888888889,2.6135227272727275,45,45,0,12,2,1
manha_1,393,multi,5,206.85,438.0,502.36,176,198,88.88888888888889,2.854318181818182,41,41,0,7,0,1
manha_1,394,cw1,5,186.45,397.0,452.81,180,198,90.9090909090909,2.5156111111111112,42,42,0,8,2,2
manha_1,394,cw13,5,186.9,394.0,453.9,180,198,90.9090909090909,2.5216666666666665,42,42,0,9,1,1
manha_1,394,multi,5,208.9,439.0,507.34,180,198,90.9090909090909,2.8185555555555553,48,48,0,23,0,0
manha_1,395,cw1,5,192.05,410.0,466.41,187,198,94.44444444444444,2.4941711229946524,46,59,0,32,2,1
manha_1,395,cw13,5,174.85,370.0,424.64,187,198,94.44444444444444,2.270802139037433,46,59,0,32,2,1
manha_1,395,multi,5,203.95,430.0,495.32,187,198,94.44444444444444,2.648770053475936,47,47,0,25,0,1
manha_1,396,cw1,4,159.9,348.0,388.33,177,198,89.39393939393939,2.1939548022598867,48,50,0,32,2,1
manha_1,396,cw13,4,158.25,341.0,384.33,177,198,89.39393939393939,2.1713559322033897,48,50,0,32,2,1
manha_1,396,multi,5,179.3,386.0,435.44,177,198,89.39393939393939,2.4601129943502826,47,47,0,16,0,1
manha_1,397,cw1,4,175.4,376.0,425.98,184,198,92.92929292929293,2.315108695652174,48,58,0,33,2,4
manha_1,397,cw13,4,161.25,343.0,391.61,184,198,92.92929292929293,2.1283152173913042,48,53,0,33,2,4
manha_1,397,multi,6,254.1,527.0,617.11,184,198,92.92929292929293,3.353858695652174,44,44,0,10,1,0
manha_1,398,cw1,5,191.05,410.0,464.0,185,198,93.43434343434343,2.5081081081081082,47,48,0,22,1,1
manha_1,398,cw13,5,190.1,402.0,461.67,185,198,93.43434343434343,2.495513513513514,44,45,0,14,1,1
manha_1,398,multi,6,236.5,495.0,574.37,185,198,93.43434343434343,3.1047027027027028,47,47,0,14,0,1
manha_1,399,cw1,5,179.15,383.0,435.09,175,198,88.38383838383838,2.4862285714285712,47,47,0,11,1,0
manha_1,399,cw13,5,178.4,384.0,433.26,175,198,88.38383838383838,2.4757714285714285,47,47,0,15,0,0
manha_1,399,multi,5,192.75,411.0,468.12,175,198,88.38383838383838,2.6749714285714288,48,48,0,29,0,0
manha_2,0,cw1,1,48.62,101.0,118.08,26,37,70.27027027027027,4.541538461538462,25,25,0,0,1,2
manha_2,0,cw13,1,48.52,103.0,117.84,26,37,70.27027027027027,4.532307692307692,25,25,0,0,1,2
manha_2,0,multi,2,81.62,167.0,198.22,26,37,70.27027027027027,7.623846153846154,20,20,0,0,0,2
manha_2,1,cw1,1,48.5,101.0,117.79,27,37,72.97297297297297,4.362592592592593,26,26,0,0,1,2
manha_2,1,cw13,1,48.4,103.0,117.54,27,37,72.97297297297297,4.3533333333333335,26,26,0,0,1,2
manha_2,1,multi,2,78.3,159.0,190.16,27,37,72.97297297297297,7.042962962962963,19,19,0,0,0,1
manha_2,2,cw1,1,47.1,98.0,114.39,31,37,83.78378378378379,3.69,28,28,0,0,1,2
manha_2,2,cw13,1,47.0,100.0,114.14,31,37,83.78378378378379,3.681935483870968,28,28,0,0,1,2
manha_2,2,multi,2,57.5,124.0,139.64,31,37,83.78378378378379,4.5045161290322575,30,30,0,0,0,2
manha_2,3,cw1,1,48.52,101.0,117.84,28,37,75.67567567567568,4.208571428571429,27,27,0,0,1,2
manha_2,3,cw13,1,48.42,103.0,117.59,28,37,75.67567567567568,4.199642857142857,27,27,0,0,1,2
manha_2,3,multi,2,80.82,165.0,196.28,28,37,75.67567567567568,7.01,23,23,0,0,0,1
manha_2,4,cw1,1,48.5,101.0,117.79,33,37,89.1891891891892,3.56939393939394,31,31,0,0,1,2
manha_2,4,cw13,1,48.4,103.0,117.54,33,37,89.1891891891892,3.561818181818182,31,31,0,0,1,2
manha_2,4,multi,2,77.2,158.0,187.48,33,37,89.1891891891892,5.681212121212121,27,27,0,0,0,2
manha_2,5,cw1,1,38.42,86.0,93.31,29,37,78.37837837837837,3.2175862068965517,25,36,0,0,0,2
manha_2,5,cw13,1,38.42,86.0,93.31,29,37,78.37837837837837,3.2175862068965517,25,36,0,0,0,2
manha_2,5,multi,2,66.52,143.0,161.55,29,37,78.37837837837837,5.570689655172414,20,20,0,0,0,1
manha_2,6,cw1,1,48.5,101.0,117.79,30,37,81.08108108108108,3.9263333333333335,30,30,0,0,1,2
manha_2,6,cw13,1,48.4,103.0,117.54,30,37,81.08108108108108,3.918,30,30,0,0,1,2
manha_2,6,multi,2,79.1,165.0,192.1,30,37,81.08108108108108,6.403333333333333,23,23,0,0,0,1
manha_2,7,cw1,1,38.4,85.0,93.26,25,37,67.56756756756756,3.7304000000000004,22,32,0,0,0,2
manha_2,7,cw13,1,38.4,85.0,93.26,25,37,67.56756756756756,3.7304000000000004,22,32,0,0,0,2
manha_2,7,multi,1,41.8,90.0,101.52,25,37,67.56756756756756,4.0607999999999995,22,22,0,0,0,1
manha_2,8,cw1,1,48.4,100.0,117.54,29,37,78.37837837837837,4.053103448275862,29,29,0,0,1,2
manha_2,8,cw13,1,48.3,102.0,117.3,29,37,78.37837837837837,4.044827586206896,29,29,0,0,1,2
manha_2,8,multi,2,53.5,114.0,129.93,29,37,78.37837837837837,4.480344827586207,24,24,0,0,0,0
manha_2,9,cw1,1,48.52,101.0,117.84,24,37,64.86486486486487,4.91,23,23,0,0,1,2
manha_2,9,cw13,1,48.42,103.0,117.59,24,37,64.86486486486487,4.899583333333333,23,23,0,0,1,2
manha_2,9,multi,2,80.82,165.0,196.28,24,37,64.86486486486487,8.178333333333333,21,21,0,0,0,1
manha_2,10,cw1,1,38.52,85.0,93.55,26,37,70.27027027027027,3.598076923076923,24,34,0,0,0,2
manha_2,10,cw13,1,38.52,85.0,93.55,26,37,70.27027027027027,3.598076923076923,24,34,0,0,0,2
manha_2,10,multi,2,65.02,136.0,157.91,26,37,70.27027027027027,6.0734615384615385,22,22,0,0,0,1
manha_2,11,cw1,1,48.62,101.0,118.08,26,37,70.27027027027027,4.541538461538462,24,24,0,0,1,2
manha_2,11,cw13,1,48.52,103.0,117.84,26,37,70.27027027027027,4.532307692307692,24,24,0,0,1,2
manha_2,11,multi,2,73.02,152.0,177.34,26,37,70.27027027027027,6.820769230769231,21,21,0,0,0,1
manha_2,12,cw1,1,38.42,86.0,93.31,25,37,67.56756756756756,3.7324,24,31,0,0,0,2
manha_2,12,cw13,1,38.42,86.0,93.31,25,37,67.56756756756756,3.7324,24,31,0,0,0,2
manha_2,12,multi,2,65.92,137.0,160.09,25,37,67.56756756756756,6.4036,21,21,0,0,0,1
manha_2,13,cw1,1,48.62,101.0,118.08,23,37,62.16216216216216,5.133913043478261,23,23,0,0,1,2
manha_2,13,cw13,1,48.52,103.0,117.84,23,37,62.16216216216216,5.1234782608695655,23,23,0,0,1,2
manha_2,13,multi,2,75.42,154.0,183.16,23,37,62.16216216216216,7.963478260869565,18,18,0,0,0,1
manha_2,14,cw1,1,48.52,101.0,117.84,27,37,72.97297297297297,4.364444444444445,26,26,0,0,1,2
manha_2,14,cw13,1,48.42,103.0,117.59,27,37,72.97297297297297,4.355185185185185,26,26,0,0,1,2
manha_2,14,multi,2,60.02,131.0,145.77,27,37,72.97297297297297,5.398888888888889,23,23,0,0,0,1
manha_2,15,cw1,1,48.62,101.0,118.08,26,37,70.27027027027027,4.541538461538462,24,24,0,0,1,2
manha_2,15,cw13,1,48.52,103.0,117.84,26,37,70.27027027027027,4.532307692307692,24,24,0,0,1,2
manha_2,15,multi,2,72.82,150.0,176.85,26,37,70.27027027027027,6.801923076923076,21,21,0,0,0,1
manha_2,16,cw1,1,48.62,101.0,118.08,31,37,83.78378378378379,3.809032258064516,29,29,0,0,1,2
manha_2,16,cw13,1,48.52,103.0,117.84,31,37,83.78378378378379,3.801290322580645,29,29,0,0,1,2
manha_2,16,multi,2,64.42,132.0,156.45,31,37,83.78378378378379,5.046774193548386,24,24,0,0,0,1
manha_2,17,cw1,1,38.72,84.0,94.04,23,37,62.16216216216216,4.0886956521739135,20,24,0,0,0,2
manha_2,17,cw13,1,42.32,96.0,102.78,23,37,62.16216216216216,4.468695652173913,21,24,0,0,1,2
manha_2,17,multi,1,40.72,90.0,98.89,23,37,62.16216216216216,4.299565217391304,21,21,0,0,0,1
manha_2,18,cw1,1,48.52,101.0,117.84,29,37,78.37837837837837,4.063448275862069,29,29,0,0,1,2
manha_2,18,cw13,1,48.42,103.0,117.59,29,37,78.37837837837837,4.054827586206897,29,29,0,0,1,2
manha_2,18,multi,2,58.82,128.0,142.85,29,37,78.37837837837837,4.925862068965517,23,23,0,0,0,0
manha_2,19,cw1,1,48.52,101.0,117.84,27,37,72.97297297297297,4.364444444444445,26,26,0,0,1,2
manha_2,19,cw13,1,48.42,103.0,117.59,27,37,72.97297297297297,4.355185185185185,26,26,0,0,1,2
manha_2,19,multi,2,77.42,165.0,188.02,27,37,72.97297297297297,6.963703703703704,23,23,0,0,0,0
manha_2,20,cw1,1,41.0,84.0,99.57,25,37,67.56756756756756,3.9827999999999997,25,25,0,0,0,0
manha_2,20,cw13,1,41.0,84.0,99.57,25,37,67.56756756756756,3.9827999999999997,25,25,0,0,0,0
manha_2,20,multi,2,59.6,128.0,144.74,25,37,67.56756756756756,5.7896,22,22,0,0,0,0
manha_2,21,cw1,1,47.6,98.0,115.6,23,37,62.16216216216216,5.0260869565217385,21,21,0,0,1,2
manha_2,21,cw13,1,47.5,100.0,115.36,23,37,62.16216216216216,5.015652173913043,21,21,0,0,1,2
manha_2,21,multi,2,62.6,137.0,152.03,23,37,62.16216216216216,6.61,20,20,0,0,0,1
manha_2,22,cw1,1,48.62,101.0,118.08,27,37,72.97297297297297,4.373333333333333,25,25,0,0,1,2
manha_2,22,cw13,1,48.52,103.0,117.84,27,37,72.97297297297297,4.364444444444445,25,25,0,0,1,2
manha_2,22,multi,2,72.22,150.0,175.39,27,37,72.97297297297297,6.495925925925925,21,21,0,0,0,1
manha_2,23,cw1,1,48.62,101.0,118.08,30,37,81.08108108108108,3.936,29,29,0,0,1,2
manha_2,23,cw13,1,48.52,103.0,117.84,30,37,81.08108108108108,3.928,29,29,0,0,1,2
manha_2,23,multi,2,73.62,153.0,178.8,30,37,81.08108108108108,5.96,25,25,0,0,0,1
manha_2,24,cw1,1,38.4,85.0,93.26,28,37,75.67567567567568,3.330714285714286,27,35,0,0,0,2
manha_2,24,cw13,1,38.4,85.0,93.26,28,37,75.67567567567568,3.330714285714286,27,35,0,0,0,2
manha_2,24,multi,2,59.1,128.0,143.53,28,37,75.67567567567568,5.126071428571429,24,24,0,0,0,0
manha_2,25,cw1,1,43.9,93.0,106.62,27,37,72.97297297297297,3.948888888888889,27,27,0,0,1,1
manha_2,25,cw13,1,43.8,95.0,106.37,27,37,72.97297297297297,3.93962962962963,27,27,0,0,1,1
manha_2,25,multi,2,59.8,128.0,145.23,27,37,72.97297297297297,5.378888888888889,24,24,0,0,0,0
manha_2,26,cw1,1,48.4,100.0,117.54,24,37,64.86486486486487,4.8975,23,23,0,0,1,2
manha_2,26,cw13,1,48.3,102.0,117.3,24,37,64.86486486486487,4.8875,23,23,0,0,1,2
manha_2,26,multi,2,76.8,165.0,186.51,24,37,64.86486486486487,7.771249999999999,18,18,0,0,0,0
manha_2,27,cw1,1,38.3,85.0,93.02,24,37,64.86486486486487,3.875833333333333,19,30,0,0,0,2
manha_2,27,cw13,1,38.3,85.0,93.02,24,37,64.86486486486487,3.875833333333333,19,30,0,0,0,2
manha_2,27,multi,1,39.0,85.0,94.72,24,37,64.86486486486487,3.9466666666666668,20,20,0,0,0,1
manha_2,28,cw1,1,38.52,85.0,93.55,27,37,72.97297297297297,3.464814814814815,23,32,0,0,0,2
manha_2,28,cw13,1,38.52,85.0,93.55,27,37,72.97297297297297,3.464814814814815,23,32,0,0,0,2
manha_2,28,multi,2,70.32,151.0,170.78,27,37,72.97297297297297,6.325185185185185,22,22,0,0,0,2
manha_2,29,cw1,1,32.9,73.0,79.9,21,37,56.75675675675676,3.804761904761905,19,25,0,0,0,1
manha_2,29,cw13,1,32.9,73.0,79.9,21,37,56.75675675675676,3.804761904761905,19,25,0,0,0,1
manha_2,29,multi,1,39.0,82.0,94.72,21,37,56.75675675675676,4.51047619047619,19,19,0,0,0,0
manha_2,30,cw1,1,48.62,101.0,118.08,29,37,78.37837837837837,4.071724137931034,29,29,0,0,1,2
manha_2,30,cw13,1,48.52,103.0,117.84,29,37,78.37837837837837,4.063448275862069,29,29,0,0,1,2
manha_2,30,multi,2,59.82,128.0,145.28,29,37,78.37837837837837,5.009655172413793,26,26,0,0,0,1
manha_2,31,cw1,1,44.02,93.0,106.91,24,37,64.86486486486487,4.454583333333333,24,24,0,0,1,1
manha_2,31,cw13,1,43.92,95.0,106.66,24,37,64.86486486486487,4.444166666666667,24,24,0,0,1,1
manha_2,31,multi,2,57.12,120.0,138.72,24,37,64.86486486486487,5.78,20,20,0,0,0,0
manha_2,32,cw1,1,48.5,101.0,117.79,23,37,62.16216216216216,5.121304347826087,23,23,0,0,1,2
manha_2,32,cw13,1,48.4,103.0,117.54,23,37,62.16216216216216,5.110434782608696,23,23,0,0,1,2
manha_2,32,multi,2,74.4,154.0,180.69,23,37,62.16216216216216,7.856086956521739,19,19,0,0,0,2
manha_2,33,cw1,1,38.52,85.0,93.55,31,37,83.78378378378379,3.017741935483871,29,37,0,0,0,2
manha_2,33,cw13,1,38.52,85.0,93.55,31,37,83.78378378378379,3.017741935483871,29,37,0,0,0,2
manha_2,33,multi,2,59.62,131.0,144.79,31,37,83.78378378378379,4.670645161290322,25,25,0,0,0,0
manha_2,34,cw1,1,48.62,101.0,118.08,29,37,78.37837837837837,4.071724137931034,29,29,0,0,1,2
manha_2,34,cw13,1,48.52,103.0,117.84,29,37,78.37837837837837,4.063448275862069,29,29,0,0,1,2
manha_2,34,multi,2,58.52,123.0,142.12,29,37,78.37837837837837,4.900689655172414,24,24,0,0,0,0
manha_2,35,cw1,1,38.52,85.0,93.55,26,37,70.27027027027027,3.598076923076923,23,31,0,0,0,2
manha_2,35,cw13,1,38.52,85.0,93.55,26,37,70.27027027027027,3.598076923076923,23,31,0,0,0,2
manha_2,35,multi,2,63.12,132.0,153.29,26,37,70.27027027027027,5.895769230769231,22,22,0,0,0,1
manha_2,36,cw1,1,48.5,101.0,117.79,25,37,67.56756756756756,4.711600000000001,23,23,0,0,1,2
manha_2,36,cw13,1,48.4,103.0,117.54,25,37,67.56756756756756,4.7016,23,23,0,0,1,2
manha_2,36,multi,2,66.3,144.0,161.01,25,37,67.56756756756756,6.4403999999999995,19,19,0,0,0,1
manha_2,37,cw1,1,46.9,99.0,113.9,22,37,59.45945945945946,5.177272727272728,20,20,0,0,1,2
manha_2,37,cw13,1,46.7,96.0,113.42,22,37,59.45945945945946,5.155454545454545,20,20,0,0,1,2
manha_2,37,multi,2,57.9,128.0,140.61,22,37,59.45945945945946,6.391363636363637,15,15,0,0,0,1
manha_2,38,cw1,1,44.02,93.0,106.91,28,37,75.67567567567568,3.818214285714286,28,28,0,0,1,1
manha_2,38,cw13,1,43.92,95.0,106.66,28,37,75.67567567567568,3.809285714285714,28,28,0,0,1,1
manha_2,38,multi,2,66.92,140.0,162.53,28,37,75.67567567567568,5.804642857142857,24,24,0,0,0,0
manha_2,39,cw1,1,48.5,101.0,117.79,27,37,72.97297297297297,4.362592592592593,25,25,0,0,1,2
manha_2,39,cw13,1,48.4,103.0,117.54,27,37,72.97297297297297,4.3533333333333335,25,25,0,0,1,2
manha_2,39,multi,2,54.2,121.0,131.63,27,37,72.97297297297297,4.875185185185185,22,22,0,0,0,1
manha_2,40,cw1,1,43.92,93.0,106.66,19,37,51.351351351351354,5.613684210526316,19,19,0,0,1,1
manha_2,40,cw13,1,43.82,95.0,106.42,19,37,51.351351351351354,5.6010526315789475,19,19,0,0,1,1
manha_2,40,multi,2,57.92,125.0,140.66,19,37,51.351351351351354,7.403157894736842,17,17,0,0,0,0
manha_2,41,cw1,1,48.62,101.0,118.08,27,37,72.97297297297297,4.373333333333333,26,26,0,0,1,2
manha_2,41,cw13,1,48.52,103.0,117.84,27,37,72.97297297297297,4.364444444444445,26,26,0,0,1,2
manha_2,41,multi,2,77.92,161.0,189.23,27,37,72.97297297297297,7.008518518518518,23,23,0,0,0,1
manha_2,42,cw1,1,48.5,101.0,117.79,31,37,83.78378378378379,3.799677419354839,31,31,0,0,1,2
manha_2,42,cw13,1,48.4,103.0,117.54,31,37,83.78378378378379,3.791612903225807,31,31,0,0,1,2
manha_2,42,multi,2,71.2,145.0,172.91,31,37,83.78378378378379,5.57774193548387,26,26,0,0,0,0
manha_2,43,cw1,1,48.5,101.0,117.79,27,37,72.97297297297297,4.362592592592593,26,26,0,0,1,2
manha_2,43,cw13,1,48.4,103.0,117.54,27,37,72.97297297297297,4.3533333333333335,26,26,0,0,1,2
manha_2,43,multi,2,73.4,148.0,178.26,27,37,72.97297297297297,6.602222222222222,21,21,0,0,0,1
manha_2,44,cw1,1,38.42,86.0,93.31,26,37,70.27027027027027,3.588846153846154,25,32,0,0,0,2
manha_2,44,cw13,1,38.42,86.0,93.31,26,37,70.27027027027027,3.588846153846154,25,32,0,0,0,2
manha_2,44,multi,2,46.92,110.0,113.95,26,37,70.27027027027027,4.382692307692308,25,25,0,0,0,0
manha_2,45,cw1,1,47.6,98.0,115.6,27,37,72.97297297297297,4.281481481481482,26,26,0,0,1,2
manha_2,45,cw13,1,47.5,100.0,115.36,27,37,72.97297297297297,4.272592592592592,26,26,0,0,1,2
manha_2,45,multi,2,66.3,133.0,161.02,27,37,72.97297297297297,5.963703703703704,21,21,0,0,0,1
manha_2,46,cw1,1,48.5,101.0,117.79,30,37,81.08108108108108,3.9263333333333335,29,29,0,0,1,2
manha_2,46,cw13,1,48.4,103.0,117.54,30,37,81.08108108108108,3.918,29,29,0,0,1,2
manha_2,46,multi,2,73.4,151.0,178.26,30,37,81.08108108108108,5.941999999999999,25,25,0,0,0,1
manha_2,47,cw1,1,44.02,93.0,106.91,28,37,75.67567567567568,3.818214285714286,28,28,0,0,1,1
manha_2,47,cw13,1,43.92,95.0,106.66,28,37,75.67567567567568,3.809285714285714,28,28,0,0,1,1
manha_2,47,multi,2,57.12,120.0,138.72,28,37,75.67567567567568,4.954285714285715,24,24,0,0,0,0
manha_2,48,cw1,1,38.42,86.0,93.31,27,37,72.97297297297297,3.455925925925926,26,30,0,0,0,2
manha_2,48,cw13,1,38.42,86.0,93.31,27,37,72.97297297297297,3.455925925925926,26,30,0,0,0,2
manha_2,48,multi,1,40.52,88.0,98.41,27,37,72.97297297297297,3.6448148148148145,25,25,0,0,0,1
manha_2,49,cw1,1,33.22,74.0,80.68,31,37,83.78378378378379,2.6025806451612907,27,33,0,0,0,1
manha_2,49,cw13,1,36.82,86.0,89.42,31,37,83.78378378378379,2.8845161290322583,28,33,0,0,0,1
manha_2,49,multi,1,39.02,86.0,94.76,31,37,83.78378378378379,3.0567741935483874,27,27,0,0,0,0
manha_2,50,cw1,1,48.62,101.0,118.08,26,37,70.27027027027027,4.541538461538462,25,25,0,0,1,2
manha_2,50,cw13,1,48.52,103.0,117.84,26,37,70.27027027027027,4.532307692307692,25,25,0,0,1,2
manha_2,50,multi,2,61.52,132.0,149.4,26,37,70.27027027027027,5.746153846153846,21,21,0,0,0,1
manha_2,51,cw1,1,48.62,101.0,118.08,28,37,75.67567567567568,4.217142857142857,27,27,0,0,1,2
manha_2,51,cw13,1,48.52,103.0,117.84,28,37,75.67567567567568,4.208571428571429,27,27,0,0,1,2
manha_2,51,multi,2,59.32,127.0,144.06,28,37,75.67567567567568,5.1450000000000005,21,21,0,0,0,1
manha_2,52,cw1,1,38.52,85.0,93.55,27,37,72.97297297297297,3.464814814814815,22,31,0,0,0,2
manha_2,52,cw13,1,38.52,85.0,93.55,27,37,72.97297297297297,3.464814814814815,22,31,0,0,0,2
manha_2,52,multi,2,46.22,98.0,112.25,27,37,72.97297297297297,4.157407407407407,19,19,0,0,0,0
manha_2,53,cw1,1,38.42,86.0,93.31,24,37,64.86486486486487,3.887916666666667,22,29,0,0,0,2
manha_2,53,cw13,1,38.42,86.0,93.31,24,37,64.86486486486487,3.887916666666667,22,29,0,0,0,2
manha_2,53,multi,2,63.82,136.0,154.99,24,37,64.86486486486487,6.457916666666667,20,20,0,0,0,1
manha_2,54,cw1,1,38.52,85.0,93.55,30,37,81.08108108108108,3.118333333333333,28,34,0,0,0,2
manha_2,54,cw13,1,38.52,85.0,93.55,30,37,81.08108108108108,3.118333333333333,28,34,0,0,0,2
manha_2,54,multi,1,39.12,80.0,95.01,30,37,81.08108108108108,3.1670000000000003,25,25,0,0,0,0
manha_2,55,cw1,1,48.62,101.0,118.08,29,37,78.37837837837837,4.071724137931034,27,27,0,0,1,2
manha_2,55,cw13,1,48.52,103.0,117.84,29,37,78.37837837837837,4.063448275862069,27,27,0,0,1,2
manha_2,55,multi,2,69.02,142.0,167.62,29,37,78.37837837837837,5.78,22,22,0,0,0,0
manha_2,56,cw1,1,38.42,86.0,93.31,25,37,67.56756756756756,3.7324,23,25,0,0,0,2
manha_2,56,cw13,1,38.42,86.0,93.31,25,37,67.56756756756756,3.7324,23,25,0,0,0,2
manha_2,56,multi,2,60.32,128.0,146.49,25,37,67.56756756756756,5.8596,22,22,0,0,0,0
manha_2,57,cw1,1,38.42,86.0,93.31,29,37,78.37837837837837,3.2175862068965517,24,34,0,0,0,2
manha_2,57,cw13,1,38.42,86.0,93.31,29,37,78.37837837837837,3.2175862068965517,24,34,0,0,0,2
manha_2,57,multi,2,63.92,134.0,155.24,29,37,78.37837837837837,5.353103448275863,26,26,0,0,0,1
manha_2,58,cw1,1,38.72,84.0,94.04,29,37,78.37837837837837,3.2427586206896555,27,39,0,0,0,2
manha_2,58,cw13,1,42.32,96.0,102.78,29,37,78.37837837837837,3.544137931034483,28,39,0,0,1,2
manha_2,58,multi,2,63.22,140.0,153.53,29,37,78.37837837837837,5.2941379310344825,23,23,0,0,0,1
manha_2,59,cw1,1,38.3,85.0,93.02,28,37,75.67567567567568,3.322142857142857,27,36,0,0,0,2
manha_2,59,cw13,1,38.3,85.0,93.02,28,37,75.67567567567568,3.322142857142857,27,36,0,0,0,2
manha_2,59,multi,2,59.6,130.0,144.74,28,37,75.67567567567568,5.1692857142857145,24,24,0,0,0,1
manha_2,60,cw1,1,47.82,99.0,116.14,29,37,78.37837837837837,4.004827586206897,27,27,0,0,1,2
manha_2,60,cw13,1,47.72,101.0,115.89,29,37,78.37837837837837,3.9962068965517243,27,27,0,0,1,2
manha_2,60,multi,2,53.02,117.0,128.76,29,37,78.37837837837837,4.4399999999999995,26,26,0,0,0,1
manha_2,61,cw1,1,44.02,93.0,106.91,24,37,64.86486486486487,4.454583333333333,24,24,0,0,1,1
manha_2,61,cw13,1,43.92,95.0,106.66,24,37,64.86486486486487,4.444166666666667,24,24,0,0,1,1
manha_2,61,multi,2,55.52,120.0,134.83,24,37,64.86486486486487,5.617916666666667,21,21,0,0,0,0
manha_2,62,cw1,1,48.52,101.0,117.84,26,37,70.27027027027027,4.532307692307692,24,24,0,0,1,2
manha_2,62,cw13,1,48.42,103.0,117.59,26,37,70.27027027027027,4.522692307692308,24,24,0,0,1,2
manha_2,62,multi,2,67.42,139.0,163.73,26,37,70.27027027027027,6.297307692307692,22,22,0,0,0,0
manha_2,63,cw1,1,38.52,85.0,93.55,24,37,64.86486486486487,3.8979166666666667,22,29,0,0,0,2
manha_2,63,cw13,1,38.52,85.0,93.55,24,37,64.86486486486487,3.8979166666666667,22,29,0,0,0,2
manha_2,63,multi,2,50.22,109.0,121.96,24,37,64.86486486486487,5.081666666666666,20,20,0,0,0,1
manha_2,64,cw1,1,48.62,101.0,118.08,25,37,67.56756756756756,4.7232,24,24,0,0,1,2
manha_2,64,cw13,1,48.52,103.0,117.84,25,37,67.56756756756756,4.7136000000000005,24,24,0,0,1,2
manha_2,64,multi,2,79.82,163.0,193.85,25,37,67.56756756756756,7.754,18,18,0,0,0,1
manha_2,65,cw1,1,38.4,85.0,93.26,18,37,48.648648648648646,5.181111111111111,17,25,0,0,0,2
manha_2,65,cw13,1,38.4,85.0,93.26,18,37,48.648648648648646,5.181111111111111,17,25,0,0,0,2
manha_2,65,multi,1,40.0,88.0,97.14,18,37,48.648648648648646,5.3966666666666665,17,17,0,0,0,1
manha_2,66,cw1,1,38.52,85.0,93.55,27,37,72.97297297297297,3.464814814814815,24,31,0,0,0,2
manha_2,66,cw13,1,38.52,85.0,93.55,27,37,72.97297297297297,3.464814814814815,24,31,0,0,0,2
manha_2,66,multi,2,50.62,110.0,122.94,27,37,72.97297297297297,4.553333333333334,22,22,0,0,0,1
manha_2,67,cw1,1,38.52,85.0,93.55,27,37,72.97297297297297,3.464814814814815,23,36,0,0,0,2
manha_2,67,cw13,1,38.52,85.0,93.55,27,37,72.97297297297297,3.464814814814815,23,36,0,0,0,2
manha_2,67,multi,2,63.52,132.0,154.26,27,37,72.97297297297297,5.713333333333333,23,23,0,0,0,1
manha_2,68,cw1,1,48.5,101.0,117.79,29,37,78.37837837837837,4.0617241379310345,28,28,0,0,1,2
manha_2,68,cw13,1,48.4,103.0,117.54,29,37,78.37837837837837,4.053103448275862,28,28,0,0,1,2
manha_2,68,multi,2,77.7,164.0,188.71,29,37,78.37837837837837,6.507241379310345,22,22,0,0,0,1
manha_2,69,cw1,1,48.5,101.0,117.79,27,37,72.97297297297297,4.362592592592593,26,26,0,0,1,2
manha_2,69,cw13,1,48.4,103.0,117.54,27,37,72.97297297297297,4.3533333333333335,26,26,0,0,1,2
manha_2,69,multi,2,77.9,163.0,189.19,27,37,72.97297297297297,7.007037037037037,25,25,0,0,0,1
manha_2,70,cw1,1,48.4,100.0,117.54,31,37,83.78378378378379,3.791612903225807,30,30,0,0,1,2
manha_2,70,cw13,1,48.3,102.0,117.3,31,37,83.78378378378379,3.7838709677419353,30,30,0,0,1,2
manha_2,70,multi,2,81.9,166.0,198.9,31,37,83.78378378378379,6.416129032258064,24,24,0,0,0,2
manha_2,71,cw1,1,46.52,96.0,112.98,23,37,62.16216216216216,4.912173913043478,23,23,0,0,1,2
manha_2,71,cw13,1,46.52,96.0,112.98,23,37,62.16216216216216,4.912173913043478,23,23,0,0,1,2
manha_2,71,multi,2,67.92,137.0,164.95,23,37,62.16216216216216,7.171739130434782,15,15,0,0,0,0
manha_2,72,cw1,1,38.42,86.0,93.31,28,37,75.67567567567568,3.3325,25,35,0,0,0,2
manha_2,72,cw13,1,38.42,86.0,93.31,28,37,75.67567567567568,3.3325,25,35,0,0,0,2
manha_2,72,multi,1,38.52,87.0,93.55,28,37,75.67567567567568,3.3410714285714285,25,25,0,0,0,1
manha_2,73,cw1,1,47.82,99.0,116.14,27,37,72.97297297297297,4.301481481481481,25,25,0,0,1,2
manha_2,73,cw13,1,47.72,101.0,115.89,27,37,72.97297297297297,4.292222222222223,25,25,0,0,1,2
manha_2,73,multi,2,58.92,127.0,143.09,27,37,72.97297297297297,5.29962962962963,25,25,0,0,0,1
manha_2,74,cw1,1,38.52,85.0,93.55,28,37,75.67567567567568,3.3410714285714285,27,32,0,0,0,2
manha_2,74,cw13,1,38.52,85.0,93.55,28,37,75.67567567567568,3.3410714285714285,27,32,0,0,0,2
manha_2,74,multi,2,59.32,129.0,144.07,28,37,75.67567567567568,5.145357142857143,26,26,0,0,0,0
manha_2,75,cw1,1,38.42,86.0,93.31,24,37,64.86486486486487,3.887916666666667,23,29,0,0,0,2
manha_2,75,cw13,1,38.42,86.0,93.31,24,37,64.86486486486487,3.887916666666667,23,29,0,0,0,2
manha_2,75,multi,1,39.02,81.0,94.76,24,37,64.86486486486487,3.9483333333333337,22,22,0,0,0,0
manha_2,76,cw1,1,38.52,85.0,93.55,23,37,62.16216216216216,4.067391304347826,20,27,0,0,0,2
manha_2,76,cw13,1,38.52,85.0,93.55,23,37,62.16216216216216,4.067391304347826,20,27,0,0,0,2
manha_2,76,multi,2,63.52,131.0,154.26,23,37,62.16216216216216,6.70695652173913,20,20,0,0,0,1
manha_2,77,cw1,1,48.5,101.0,117.79,24,37,64.86486486486487,4.907916666666667,23,23,0,0,1,2
manha_2,77,cw13,1,48.4,103.0,117.54,24,37,64.86486486486487,4.8975,23,23,0,0,1,2
manha_2,77,multi,2,58.5,127.0,142.07,24,37,64.86486486486487,5.919583333333333,17,17,0,0,0,1
manha_2,78,cw1,1,48.4,100.0,117.54,24,37,64.86486486486487,4.8975,23,23,0,0,1,2
manha_2,78,cw13,1,48.3,102.0,117.3,24,37,64.86486486486487,4.8875,23,23,0,0,1,2
manha_2,78,multi,2,81.1,165.0,196.96,24,37,64.86486486486487,8.206666666666667,17,17,0,0,0,1
manha_2,79,cw1,1,48.4,100.0,117.54,23,37,62.16216216216216,5.110434782608696,23,23,0,0,1,2
manha_2,79,cw13,1,48.3,102.0,117.3,23,37,62.16216216216216,5.1,23,23,0,0,1,2
manha_2,79,multi,2,55.8,119.0,135.51,23,37,62.16216216216216,5.891739130434782,20,20,0,0,0,1
manha_2,80,cw1,1,33.02,74.0,80.19,26,37,70.27027027027027,3.084230769230769,23,27,0,0,0,1
manha_2,80,cw13,1,33.02,74.0,80.19,26,37,70.27027027027027,3.084230769230769,23,27,0,0,0,1
manha_2,80,multi,1,40.02,85.0,97.19,26,37,70.27027027027027,3.738076923076923,23,23,0,0,0,0
manha_2,81,cw1,1,38.4,85.0,93.26,27,37,72.97297297297297,3.4540740740740743,24,32,0,0,0,2
manha_2,81,cw13,1,38.4,85.0,93.26,27,37,72.97297297297297,3.4540740740740743,24,32,0,0,0,2
manha_2,81,multi,2,60.8,132.0,147.66,27,37,72.97297297297297,5.4688888888888885,22,22,0,0,0,0
manha_2,82,cw1,1,48.62,101.0,118.08,27,37,72.97297297297297,4.373333333333333,27,27,0,0,1,2
manha_2,82,cw13,1,48.52,103.0,117.84,27,37,72.97297297297297,4.364444444444445,27,27,0,0,1,2
manha_2,82,multi,2,59.72,127.0,145.03,27,37,72.97297297297297,5.3714814814814815,24,24,0,0,0,1
manha_2,83,cw1,1,38.42,86.0,93.31,28,37,75.67567567567568,3.3325,24,31,0,0,0,2
manha_2,83,cw13,1,38.42,86.0,93.31,28,37,75.67567567567568,3.3325,24,31,0,0,0,2
manha_2,83,multi,2,59.22,123.0,143.83,28,37,75.67567567567568,5.136785714285715,20,20,0,0,0,0
manha_2,84,cw1,1,35.72,77.0,86.75,23,37,62.16216216216216,3.7717391304347827,23,23,0,0,0,0
manha_2,84,cw13,1,35.72,77.0,86.75,23,37,62.16216216216216,3.7717391304347827,23,23,0,0,0,0
manha_2,84,multi,1,38.12,83.0,92.58,23,37,62.16216216216216,4.025217391304348,23,23,0,0,0,0
manha_2,85,cw1,1,47.7,99.0,115.84,24,37,64.86486486486487,4.826666666666667,23,23,0,0,1,2
manha_2,85,cw13,1,47.6,101.0,115.6,24,37,64.86486486486487,4.816666666666666,23,23,0,0,1,2
manha_2,85,multi,2,54.1,121.0,131.38,24,37,64.86486486486487,5.474166666666666,22,22,0,0,0,1
manha_2,86,cw1,1,48.62,101.0,118.08,25,37,67.56756756756756,4.7232,23,23,0,0,1,2
manha_2,86,cw13,1,48.52,103.0,117.84,25,37,67.56756756756756,4.7136000000000005,23,23,0,0,1,2
manha_2,86,multi,2,69.52,147.0,168.83,25,37,67.56756756756756,6.7532000000000005,18,18,0,0,0,1
manha_2,87,cw1,1,33.22,74.0,80.68,20,37,54.054054054054056,4.034000000000001,18,22,0,0,0,1
manha_2,87,cw13,1,36.82,86.0,89.42,20,37,54.054054054054056,4.471,19,22,0,0,0,1
manha_2,87,multi,1,40.92,90.0,99.38,20,37,54.054054054054056,4.968999999999999,19,19,0,0,0,1
manha_2,88,cw1,1,48.5,101.0,117.79,25,37,67.56756756756756,4.711600000000001,24,24,0,0,1,2
manha_2,88,cw13,1,48.4,103.0,117.54,25,37,67.56756756756756,4.7016,24,24,0,0,1,2
manha_2,88,multi,2,70.3,151.0,170.73,25,37,67.56756756756756,6.829199999999999,20,20,0,0,0,0
manha_2,89,cw1,1,48.5,101.0,117.79,25,37,67.56756756756756,4.711600000000001,25,25,0,0,1,2
manha_2,89,cw13,1,48.4,103.0,117.54,25,37,67.56756756756756,4.7016,25,25,0,0,1,2
manha_2,89,multi,2,55.9,119.0,135.76,25,37,67.56756756756756,5.4304,23,23,0,0,0,1
manha_2,90,cw1,1,38.72,86.0,94.04,25,37,67.56756756756756,3.7616,25,29,0,0,0,1
manha_2,90,cw13,1,37.92,87.0,92.09,25,37,67.56756756756756,3.6836,25,29,0,0,0,1
manha_2,90,multi,1,39.22,85.0,95.25,25,37,67.56756756756756,3.81,23,23,0,0,0,0
manha_2,91,cw1,1,43.92,93.0,106.66,22,37,59.45945945945946,4.848181818181818,22,22,0,0,1,1
manha_2,91,cw13,1,43.82,95.0,106.42,22,37,59.45945945945946,4.837272727272727,22,22,0,0,1,1
manha_2,91,multi,2,57.02,123.0,138.48,22,37,59.45945945945946,6.294545454545454,20,20,0,0,0,0
manha_2,92,cw1,1,48.4,100.0,117.54,32,37,86.48648648648648,3.673125,30,30,0,0,1,2
manha_2,92,cw13,1,48.3,102.0,117.3,32,37,86.48648648648648,3.665625,30,30,0,0,1,2
manha_2,92,multi,2,75.1,152.0,182.39,32,37,86.48648648648648,5.6996875,28,28,0,0,0,1
manha_2,93,cw1,1,43.92,93.0,106.66,25,37,67.56756756756756,4.2664,25,25,0,0,1,1
manha_2,93,cw13,1,43.82,95.0,106.42,25,37,67.56756756756756,4.2568,25,25,0,0,1,1
manha_2,93,multi,2,71.12,146.0,172.72,25,37,67.56756756756756,6.9088,21,21,0,0,0,0
manha_2,94,cw1,1,43.9,93.0,106.62,20,37,54.054054054054056,5.331,20,20,0,0,1,1
manha_2,94,cw13,1,43.8,95.0,106.37,20,37,54.054054054054056,5.3185,20,20,0,0,1,1
manha_2,94,multi,2,77.6,161.0,188.46,20,37,54.054054054054056,9.423,18,18,0,0,0,1
manha_2,95,cw1,1,38.3,85.0,93.02,29,37,78.37837837837837,3.2075862068965515,24,34,0,0,0,2
manha_2,95,cw13,1,38.3,85.0,93.02,29,37,78.37837837837837,3.2075862068965515,24,34,0,0,0,2
manha_2,95,multi,1,39.8,86.0,96.66,29,37,78.37837837837837,3.333103448275862,25,25,0,0,0,1
manha_2,96,cw1,1,48.62,101.0,118.08,27,37,72.97297297297297,4.373333333333333,25,25,0,0,1,2
manha_2,96,cw13,1,48.52,103.0,117.84,27,37,72.97297297297297,4.364444444444445,25,25,0,0,1,2
manha_2,96,multi,2,58.12,124.0,141.15,27,37,72.97297297297297,5.227777777777778,23,23,0,0,0,1
manha_2,97,cw1,1,48.62,101.0,118.08,28,37,75.67567567567568,4.217142857142857,26,26,0,0,1,2
manha_2,97,cw13,1,48.52,103.0,117.84,28,37,75.67567567567568,4.208571428571429,26,26,0,0,1,2
manha_2,97,multi,2,81.32,169.0,197.5,28,37,75.67567567567568,7.053571428571429,24,24,0,0,0,2
manha_2,98,cw1,1,47.82,99.0,116.14,22,37,59.45945945945946,5.279090909090909,21,21,0,0,1,2
manha_2,98,cw13,1,47.72,101.0,115.89,22,37,59.45945945945946,5.267727272727273,21,21,0,0,1,2
manha_2,98,multi,2,56.92,123.0,138.23,22,37,59.45945945945946,6.283181818181817,18,18,0,0,0,1
manha_2,99,cw1,1,38.4,85.0,93.26,27,37,72.97297297297297,3.4540740740740743,24,36,0,0,0,2
manha_2,99,cw13,1,38.4,85.0,93.26,27,37,72.97297297297297,3.4540740740740743,24,36,0,0,0,2
manha_2,99,multi,1,41.1,90.0,99.82,27,37,72.97297297297297,3.697037037037037,24,24,0,0,0,1
manha_2,100,cw1,1,38.62,86.0,93.79,26,37,70.27027027027027,3.6073076923076925,26,26,0,0,0,1
manha_2,100,cw13,1,38.62,86.0,93.79,26,37,70.27027027027027,3.6073076923076925,26,26,0,0,0,1
manha_2,100,multi,2,56.92,117.0,138.23,26,37,70.27027027027027,5.316538461538461,19,19,0,0,0,0
manha_2,101,cw1,1,47.72,99.0,115.89,21,37,56.75675675675676,5.518571428571429,20,20,0,0,1,2
manha_2,101,cw13,1,47.62,101.0,115.65,21,37,56.75675675675676,5.507142857142857,20,20,0,0,1,2
manha_2,101,multi,2,56.62,124.0,137.51,21,37,56.75675675675676,6.548095238095238,19,19,0,0,0,1
manha_2,102,cw1,1,38.4,85.0,93.26,28,37,75.67567567567568,3.330714285714286,26,29,0,0,0,2
manha_2,102,cw13,1,38.4,85.0,93.26,28,37,75.67567567567568,3.330714285714286,26,29,0,0,0,2
manha_2,102,multi,2,59.1,128.0,143.53,28,37,75.67567567567568,5.126071428571429,22,22,0,0,0,0
manha_2,103,cw1,1,48.52,101.0,117.84,25,37,67.56756756756756,4.7136000000000005,25,25,0,0,1,2
manha_2,103,cw13,1,48.42,103.0,117.59,25,37,67.56756756756756,4.7036,25,25,0,0,1,2
manha_2,103,multi,2,60.62,132.0,147.22,25,37,67.56756756756756,5.8888,21,21,0,0,0,1
manha_2,104,cw1,1,38.42,86.0,93.31,28,37,75.67567567567568,3.3325,22,30,0,0,0,2
manha_2,104,cw13,1,38.42,86.0,93.31,28,37,75.67567567567568,3.3325,22,30,0,0,0,2
manha_2,104,multi,2,60.32,127.0,146.49,28,37,75.67567567567568,5.2317857142857145,19,19,0,0,0,0
manha_2,105,cw1,1,48.62,101.0,118.08,26,37,70.27027027027027,4.541538461538462,25,25,0,0,1,2
manha_2,105,cw13,1,48.52,103.0,117.84,26,37,70.27027027027027,4.532307692307692,25,25,0,0,1,2
manha_2,105,multi,2,69.92,148.0,169.8,26,37,70.27027027027027,6.5307692307692315,19,19,0,0,0,1
manha_2,106,cw1,1,38.4,85.0,93.26,27,37,72.97297297297297,3.4540740740740743,26,36,0,0,0,2
manha_2,106,cw13,1,38.4,85.0,93.26,27,37,72.97297297297297,3.4540740740740743,26,36,0,0,0,2
manha_2,106,multi,2,60.5,132.0,146.93,27,37,72.97297297297297,5.441851851851852,23,23,0,0,0,0
manha_2,107,cw1,1,41.8,88.0,101.52,26,37,70.27027027027027,3.9046153846153846,26,26,0,0,0,1
manha_2,107,cw13,1,41.8,88.0,101.52,26,37,70.27027027027027,3.9046153846153846,26,26,0,0,0,1
manha_2,107,multi,2,58.5,123.0,142.07,26,37,70.27027027027027,5.464230769230769,25,25,0,0,0,1
manha_2,108,cw1,1,38.62,86.0,93.79,28,37,75.67567567567568,3.3496428571428574,28,29,0,0,0,1
manha_2,108,cw13,1,38.62,86.0,93.79,28,37,75.67567567567568,3.3496428571428574,28,29,0,0,0,1
manha_2,108,multi,1,38.42,83.0,93.31,28,37,75.67567567567568,3.3325,25,25,0,0,0,0
manha_2,109,cw1,1,38.52,85.0,93.55,28,37,75.67567567567568,3.3410714285714285,25,32,0,0,0,2
manha_2,109,cw13,1,38.52,85.0,93.55,28,37,75.67567567567568,3.3410714285714285,25,32,0,0,0,2
manha_2,109,multi,1,39.72,87.0,96.46,28,37,75.67567567567568,3.445,24,24,0,0,0,0
manha_2,110,cw1,1,48.52,101.0,117.84,27,37,72.97297297297297,4.364444444444445,24,24,0,0,1,2
manha_2,110,cw13,1,48.42,103.0,117.59,27,37,72.97297297297297,4.355185185185185,24,24,0,0,1,2
manha_2,110,multi,2,80.22,165.0,194.82,27,37,72.97297297297297,7.2155555555555555,23,23,0,0,0,1
manha_2,111,cw1,1,48.52,101.0,117.84,25,37,67.56756756756756,4.7136000000000005,23,23,0,0,1,2
manha_2,111,cw13,1,48.42,103.0,117.59,25,37,67.56756756756756,4.7036,23,23,0,0,1,2
manha_2,111,multi,2,74.62,153.0,181.22,25,37,67.56756756756756,7.2488,19,19,0,0,0,1
manha_2,112,cw1,1,48.62,101.0,118.08,28,37,75.67567567567568,4.217142857142857,27,27,0,0,1,2
manha_2,112,cw13,1,48.52,103.0,117.84,28,37,75.67567567567568,4.208571428571429,27,27,0,0,1,2
manha_2,112,multi,2,59.52,128.0,144.55,28,37,75.67567567567568,5.1625000000000005,22,22,0,0,0,1
manha_2,113,cw1,1,47.72,99.0,115.89,27,37,72.97297297297297,4.292222222222223,26,26,0,0,1,2
manha_2,113,cw13,1,47.62,101.0,115.65,27,37,72.97297297297297,4.283333333333333,26,26,0,0,1,2
manha_2,113,multi,2,58.42,126.0,141.88,27,37,72.97297297297297,5.254814814814814,25,25,0,0,0,1
manha_2,114,cw1,1,38.4,85.0,93.26,21,37,56.75675675675676,4.440952380952381,18,23,0,0,0,2
manha_2,114,cw13,1,38.4,85.0,93.26,21,37,56.75675675675676,4.440952380952381,18,23,0,0,0,2
manha_2,114,multi,1,40.1,86.0,97.39,21,37,56.75675675675676,4.637619047619047,20,20,0,0,0,1
manha_2,115,cw1,1,45.72,93.0,111.04,26,37,70.27027027027027,4.270769230769231,26,26,0,0,1,1
manha_2,115,cw13,1,45.72,93.0,111.04,26,37,70.27027027027027,4.270769230769231,26,26,0,0,1,1
manha_2,115,multi,2,56.92,122.0,138.23,26,37,70.27027027027027,5.316538461538461,24,24,0,0,0,1
manha_2,116,cw1,1,48.62,101.0,118.08,30,37,81.08108108108108,3.936,27,27,0,0,1,2
manha_2,116,cw13,1,48.52,103.0,117.84,30,37,81.08108108108108,3.928,27,27,0,0,1,2
manha_2,116,multi,2,73.02,152.0,177.34,30,37,81.08108108108108,5.911333333333333,25,25,0,0,0,1
manha_2,117,cw1,1,45.72,93.0,111.04,27,37,72.97297297297297,4.112592592592593,27,27,0,0,1,1
manha_2,117,cw13,1,45.72,93.0,111.04,27,37,72.97297297297297,4.112592592592593,27,27,0,0,1,1
manha_2,117,multi,2,57.22,124.0,138.96,27,37,72.97297297297297,5.146666666666667,26,26,0,0,0,1
manha_2,118,cw1,1,48.62,101.0,118.08,26,37,70.27027027027027,4.541538461538462,25,25,0,0,1,2
manha_2,118,cw13,1,48.52,103.0,117.84,26,37,70.27027027027027,4.532307692307692,25,25,0,0,1,2
manha_2,118,multi,2,80.32,164.0,195.07,26,37,70.27027027027027,7.502692307692308,21,21,0,0,0,1
manha_2,119,cw1,1,38.52,85.0,93.55,26,37,70.27027027027027,3.598076923076923,23,30,0,0,0,2
manha_2,119,cw13,1,38.52,85.0,93.55,26,37,70.27027027027027,3.598076923076923,23,30,0,0,0,2
manha_2,119,multi,2,46.12,99.0,112.01,26,37,70.27027027027027,4.308076923076923,20,20,0,0,0,0
manha_2,120,cw1,1,47.82,99.0,116.14,20,37,54.054054054054056,5.807,20,20,0,0,1,2
manha_2,120,cw13,1,47.72,101.0,115.89,20,37,54.054054054054056,5.7945,20,20,0,0,1,2
manha_2,120,multi,2,57.22,122.0,138.96,20,37,54.054054054054056,6.948,17,17,0,0,0,1
manha_2,121,cw1,1,43.92,93.0,106.66,26,37,70.27027027027027,4.102307692307692,26,26,0,0,1,1
manha_2,121,cw13,1,43.82,95.0,106.42,26,37,70.27027027027027,4.093076923076923,26,26,0,0,1,1
manha_2,121,multi,2,59.52,127.0,144.55,26,37,70.27027027027027,5.559615384615385,23,23,0,0,0,0
manha_2,122,cw1,1,48.52,101.0,117.84,26,37,70.27027027027027,4.532307692307692,25,25,0,0,1,2
manha_2,122,cw13,1,48.42,103.0,117.59,26,37,70.27027027027027,4.522692307692308,25,25,0,0,1,2
manha_2,122,multi,2,71.42,145.0,173.45,26,37,70.27027027027027,6.671153846153846,23,23,0,0,0,1
manha_2,123,cw1,1,43.92,93.0,106.66,27,37,72.97297297297297,3.9503703703703703,27,27,0,0,1,1
manha_2,123,cw13,1,43.82,95.0,106.42,27,37,72.97297297297297,3.9414814814814814,27,27,0,0,1,1
manha_2,123,multi,2,72.72,149.0,176.61,27,37,72.97297297297297,6.541111111111111,22,22,0,0,0,1
manha_2,124,cw1,1,38.72,84.0,94.04,25,37,67.56756756756756,3.7616,23,31,0,0,0,2
manha_2,124,cw13,1,42.32,96.0,102.78,25,37,67.56756756756756,4.1112,25,31,0,0,1,2
manha_2,124,multi,1,36.72,79.0,89.18,25,37,67.56756756756756,3.5672,21,21,0,0,0,0
manha_2,125,cw1,1,48.5,101.0,117.79,27,37,72.97297297297297,4.362592592592593,26,26,0,0,1,2
manha_2,125,cw13,1,48.4,103.0,117.54,27,37,72.97297297297297,4.3533333333333335,26,26,0,0,1,2
manha_2,125,multi,2,79.0,161.0,191.86,27,37,72.97297297297297,7.105925925925926,23,23,0,0,0,2
manha_2,126,cw1,1,38.52,85.0,93.55,24,37,64.86486486486487,3.8979166666666667,23,30,0,0,0,2
manha_2,126,cw13,1,38.52,85.0,93.55,24,37,64.86486486486487,3.8979166666666667,23,30,0,0,0,2
manha_2,126,multi,2,58.92,132.0,143.1,24,37,64.86486486486487,5.9624999999999995,22,22,0,0,0,0
manha_2,127,cw1,1,48.4,100.0,117.54,25,37,67.56756756756756,4.7016,24,24,0,0,1,2
manha_2,127,cw13,1,48.3,102.0,117.3,25,37,67.56756756756756,4.692,24,24,0,0,1,2
manha_2,127,multi,2,72.3,148.0,175.59,25,37,67.56756756756756,7.0236,17,17,0,0,0,0
manha_2,128,cw1,1,48.62,101.0,118.08,25,37,67.56756756756756,4.7232,22,22,0,0,1,2
manha_2,128,cw13,1,48.52,103.0,117.84,25,37,67.56756756756756,4.7136000000000005,22,22,0,0,1,2
manha_2,128,multi,2,70.52,144.0,171.27,25,37,67.56756756756756,6.8508000000000004,18,18,0,0,0,1
manha_2,129,cw1,1,48.0,101.0,116.57,26,37,70.27027027027027,4.483461538461539,25,25,0,0,1,2
manha_2,129,cw13,1,47.5,102.0,115.36,26,37,70.27027027027027,4.436923076923077,25,25,0,0,1,2
manha_2,129,multi,2,81.2,167.0,197.2,26,37,70.27027027027027,7.584615384615384,18,18,0,0,0,1
manha_2,130,cw1,1,38.3,85.0,93.02,21,37,56.75675675675676,4.429523809523809,18,26,0,0,0,2
manha_2,130,cw13,1,38.3,85.0,93.02,21,37,56.75675675675676,4.429523809523809,18,26,0,0,0,2
manha_2,130,multi,2,63.7,138.0,154.7,21,37,56.75675675675676,7.366666666666666,19,19,0,0,0,1
manha_2,131,cw1,1,48.62,101.0,118.08,29,37,78.37837837837837,4.071724137931034,29,29,0,0,1,2
manha_2,131,cw13,1,48.52,103.0,117.84,29,37,78.37837837837837,4.063448275862069,29,29,0,0,1,2
manha_2,131,multi,2,56.32,118.0,136.78,29,37,78.37837837837837,4.716551724137931,23,23,0,0,0,0
manha_2,132,cw1,1,38.52,85.0,93.55,28,37,75.67567567567568,3.3410714285714285,27,36,0,0,0,2
manha_2,132,cw13,1,38.52,85.0,93.55,28,37,75.67567567567568,3.3410714285714285,27,36,0,0,0,2
manha_2,132,multi,2,60.92,133.0,147.95,28,37,75.67567567567568,5.283928571428571,24,24,0,0,0,0
manha_2,133,cw1,1,48.62,101.0,118.08,26,37,70.27027027027027,4.541538461538462,26,26,0,0,1,2
manha_2,133,cw13,1,48.52,103.0,117.84,26,37,70.27027027027027,4.532307692307692,26,26,0,0,1,2
manha_2,133,multi,2,59.42,125.0,144.31,26,37,70.27027027027027,5.5503846153846155,20,20,0,0,0,0
manha_2,134,cw1,1,44.02,93.0,106.91,30,37,81.08108108108108,3.5636666666666668,30,30,0,0,1,1
manha_2,134,cw13,1,43.92,95.0,106.66,30,37,81.08108108108108,3.555333333333333,30,30,0,0,1,1
manha_2,134,multi,2,57.02,118.0,138.48,30,37,81.08108108108108,4.616,26,26,0,0,0,0
manha_2,135,cw1,1,48.5,101.0,117.79,32,37,86.48648648648648,3.6809375,31,31,0,0,1,2
manha_2,135,cw13,1,48.4,103.0,117.54,32,37,86.48648648648648,3.673125,31,31,0,0,1,2
manha_2,135,multi,2,78.9,164.0,191.62,32,37,86.48648648648648,5.988125,27,27,0,0,0,2
manha_2,136,cw1,1,48.52,101.0,117.84,28,37,75.67567567567568,4.208571428571429,27,27,0,0,1,2
manha_2,136,cw13,1,48.42,103.0,117.59,28,37,75.67567567567568,4.199642857142857,27,27,0,0,1,2
manha_2,136,multi,2,71.82,146.0,174.42,28,37,75.67567567567568,6.229285714285714,20,20,0,0,0,0
manha_2,137,cw1,1,48.62,101.0,118.08,31,37,83.78378378378379,3.809032258064516,30,30,0,0,1,2
manha_2,137,cw13,1,48.52,103.0,117.84,31,37,83.78378378378379,3.801290322580645,30,30,0,0,1,2
manha_2,137,multi,2,79.72,165.0,193.6,31,37,83.78378378378379,6.245161290322581,22,22,0,0,0,1
manha_2,138,cw1,1,48.52,101.0,117.84,25,37,67.56756756756756,4.7136000000000005,24,24,0,0,1,2
manha_2,138,cw13,1,48.42,103.0,117.59,25,37,67.56756756756756,4.7036,24,24,0,0,1,2
manha_2,138,multi,2,58.12,127.0,141.15,25,37,67.56756756756756,5.646,21,21,0,0,0,1
manha_2,139,cw1,1,48.52,101.0,117.84,26,37,70.27027027027027,4.532307692307692,24,24,0,0,1,2
manha_2,139,cw13,1,48.42,103.0,117.59,26,37,70.27027027027027,4.522692307692308,24,24,0,0,1,2
manha_2,139,multi,2,82.92,171.0,201.38,26,37,70.27027027027027,7.745384615384615,22,22,0,0,0,1
manha_2,140,cw1,1,38.7,85.0,93.99,25,37,67.56756756756756,3.7596,25,28,0,0,0,1
manha_2,140,cw13,1,37.9,86.0,92.04,25,37,67.56756756756756,3.6816000000000004,25,28,0,0,0,1
manha_2,140,multi,2,57.8,122.0,140.37,25,37,67.56756756756756,5.6148,22,22,0,0,0,0
manha_2,141,cw1,1,47.72,99.0,115.89,27,37,72.97297297297297,4.292222222222223,26,26,0,0,1,2
manha_2,141,cw13,1,47.62,101.0,115.65,27,37,72.97297297297297,4.283333333333333,26,26,0,0,1,2
manha_2,141,multi,2,56.92,121.0,138.23,27,37,72.97297297297297,5.119629629629629,26,26,0,0,0,1
manha_2,142,cw1,1,48.62,101.0,118.08,28,37,75.67567567567568,4.217142857142857,27,27,0,0,1,2
manha_2,142,cw13,1,48.52,103.0,117.84,28,37,75.67567567567568,4.208571428571429,27,27,0,0,1,2
manha_2,142,multi,2,80.42,172.0,195.31,28,37,75.67567567567568,6.975357142857143,24,24,0,0,0,1
manha_2,143,cw1,1,33.22,73.0,80.68,16,37,43.24324324324324,5.0425,14,18,0,0,0,1
manha_2,143,cw13,1,36.82,85.0,89.42,16,37,43.24324324324324,5.58875,15,18,0,0,0,1
manha_2,143,multi,2,59.72,129.0,145.03,16,37,43.24324324324324,9.064375,14,14,0,0,0,1
manha_2,144,cw1,1,48.62,101.0,118.08,26,37,70.27027027027027,4.541538461538462,22,22,0,0,1,2
manha_2,144,cw13,1,48.52,103.0,117.84,26,37,70.27027027027027,4.532307692307692,22,22,0,0,1,2
manha_2,144,multi,2,56.22,122.0,136.54,26,37,70.27027027027027,5.251538461538461,19,19,0,0,0,0
manha_2,145,cw1,1,38.42,86.0,93.31,29,37,78.37837837837837,3.2175862068965517,27,36,0,0,0,2
manha_2,145,cw13,1,38.42,86.0,93.31,29,37,78.37837837837837,3.2175862068965517,27,36,0,0,0,2
manha_2,145,multi,2,48.62,108.0,118.08,29,37,78.37837837837837,4.071724137931034,25,25,0,0,0,1
manha_2,146,cw1,1,38.42,86.0,93.31,29,37,78.37837837837837,3.2175862068965517,26,34,0,0,0,2
manha_2,146,cw13,1,38.42,86.0,93.31,29,37,78.37837837837837,3.2175862068965517,26,34,0,0,0,2
manha_2,146,multi,2,66.52,143.0,161.55,29,37,78.37837837837837,5.570689655172414,20,20,0,0,0,1
manha_2,147,cw1,1,33.22,74.0,80.68,24,37,64.86486486486487,3.361666666666667,21,28,0,0,0,1
manha_2,147,cw13,1,36.82,86.0,89.42,24,37,64.86486486486487,3.7258333333333336,24,28,0,0,0,1
manha_2,147,multi,1,37.82,81.0,91.85,24,37,64.86486486486487,3.827083333333333,21,21,0,0,0,0
manha_2,148,cw1,1,38.5,86.0,93.5,25,37,67.56756756756756,3.74,25,25,0,0,0,1
manha_2,148,cw13,1,38.5,86.0,93.5,25,37,67.56756756756756,3.74,25,25,0,0,0,1
manha_2,148,multi,1,41.7,90.0,101.27,25,37,67.56756756756756,4.0508,22,22,0,0,0,0
manha_2,149,cw1,1,48.52,101.0,117.84,29,37,78.37837837837837,4.063448275862069,29,29,0,0,1,2
manha_2,149,cw13,1,48.42,103.0,117.59,29,37,78.37837837837837,4.054827586206897,29,29,0,0,1,2
manha_2,149,multi,2,78.12,167.0,189.72,29,37,78.37837837837837,6.542068965517242,21,21,0,0,0,2
manha_2,150,cw1,1,38.42,86.0,93.31,29,37,78.37837837837837,3.2175862068965517,27,34,0,0,0,2
manha_2,150,cw13,1,38.42,86.0,93.31,29,37,78.37837837837837,3.2175862068965517,27,34,0,0,0,2
manha_2,150,multi,2,60.92,131.0,147.95,29,37,78.37837837837837,5.1017241379310345,24,24,0,0,0,0
manha_2,151,cw1,1,38.52,85.0,93.55,29,37,78.37837837837837,3.225862068965517,25,28,0,0,0,2
manha_2,151,cw13,1,38.52,85.0,93.55,29,37,78.37837837837837,3.225862068965517,25,28,0,0,0,2
manha_2,151,multi,2,60.72,132.0,147.47,29,37,78.37837837837837,5.085172413793104,24,24,0,0,0,0
manha_2,152,cw1,1,38.4,85.0,93.26,20,37,54.054054054054056,4.663,19,25,0,0,0,2
manha_2,152,cw13,1,38.4,85.0,93.26,20,37,54.054054054054056,4.663,19,25,0,0,0,2
manha_2,152,multi,1,41.7,89.0,101.27,20,37,54.054054054054056,5.0634999999999994,19,19,0,0,0,1
manha_2,153,cw1,1,48.52,101.0,117.84,26,37,70.27027027027027,4.532307692307692,25,25,0,0,1,2
manha_2,153,cw13,1,48.42,103.0,117.59,26,37,70.27027027027027,4.522692307692308,25,25,0,0,1,2
manha_2,153,multi,2,74.02,150.0,179.76,26,37,70.27027027027027,6.913846153846153,21,21,0,0,0,1
manha_2,154,cw1,1,48.4,100.0,117.54,22,37,59.45945945945946,5.342727272727273,21,21,0,0,1,2
manha_2,154,cw13,1,48.3,102.0,117.3,22,37,59.45945945945946,5.331818181818182,21,21,0,0,1,2
manha_2,154,multi,2,78.8,163.0,191.37,22,37,59.45945945945946,8.698636363636364,17,17,0,0,0,1
manha_2,155,cw1,1,38.72,84.0,94.04,24,37,64.86486486486487,3.9183333333333334,22,26,0,0,0,2
manha_2,155,cw13,1,42.32,96.0,102.78,24,37,64.86486486486487,4.2825,24,26,0,0,1,2
manha_2,155,multi,1,34.52,70.0,83.84,24,37,64.86486486486487,3.4933333333333336,20,20,0,0,0,0
manha_2,156,cw1,1,38.42,86.0,93.31,31,37,83.78378378378379,3.0100000000000002,27,36,0,0,0,2
manha_2,156,cw13,1,38.42,86.0,93.31,31,37,83.78378378378379,3.0100000000000002,27,36,0,0,0,2
manha_2,156,multi,2,64.52,136.0,156.69,31,37,83.78378378378379,5.054516129032258,24,24,0,0,0,0
manha_2,157,cw1,1,48.52,101.0,117.84,26,37,70.27027027027027,4.532307692307692,25,25,0,0,1,2
manha_2,157,cw13,1,48.42,103.0,117.59,26,37,70.27027027027027,4.522692307692308,25,25,0,0,1,2
manha_2,157,multi,2,58.52,131.0,142.12,26,37,70.27027027027027,5.466153846153846,23,23,0,0,0,1
manha_2,158,cw1,1,38.4,85.0,93.26,27,37,72.97297297297297,3.4540740740740743,24,35,0,0,0,2
manha_2,158,cw13,1,38.4,85.0,93.26,27,37,72.97297297297297,3.4540740740740743,24,35,0,0,0,2
manha_2,158,multi,2,63.3,135.0,153.73,27,37,72.97297297297297,5.6937037037037035,21,21,0,0,0,1
manha_2,159,cw1,1,47.72,99.0,115.89,23,37,62.16216216216216,5.038695652173913,20,20,0,0,1,2
manha_2,159,cw13,1,47.62,101.0,115.65,23,37,62.16216216216216,5.028260869565218,20,20,0,0,1,2
manha_2,159,multi,2,64.72,143.0,157.18,23,37,62.16216216216216,6.833913043478261,18,18,0,0,0,1
manha_2,160,cw1,1,48.52,101.0,117.84,28,37,75.67567567567568,4.208571428571429,26,26,0,0,1,2
manha_2,160,cw13,1,48.42,103.0,117.59,28,37,75.67567567567568,4.199642857142857,26,26,0,0,1,2
manha_2,160,multi,2,69.22,143.0,168.1,28,37,75.67567567567568,6.003571428571428,19,19,0,0,0,1
manha_2,161,cw1,1,48.4,100.0,117.54,27,37,72.97297297297297,4.3533333333333335,26,26,0,0,1,2
manha_2,161,cw13,1,48.3,102.0,117.3,27,37,72.97297297297297,4.344444444444444,26,26,0,0,1,2
manha_2,161,multi,2,77.1,157.0,187.24,27,37,72.97297297297297,6.934814814814815,23,23,0,0,0,2
manha_2,162,cw1,1,38.4,85.0,93.26,26,37,70.27027027027027,3.5869230769230773,23,28,0,0,0,2
manha_2,162,cw13,1,38.4,85.0,93.26,26,37,70.27027027027027,3.5869230769230773,23,28,0,0,0,2
manha_2,162,multi,2,61.3,133.0,148.87,26,37,70.27027027027027,5.725769230769231,19,19,0,0,0,0
manha_2,163,cw1,1,48.5,101.0,117.79,25,37,67.56756756756756,4.711600000000001,24,24,0,0,1,2
manha_2,163,cw13,1,48.4,103.0,117.54,25,37,67.56756756756756,4.7016,24,24,0,0,1,2
manha_2,163,multi,2,59.4,127.0,144.26,25,37,67.56756756756756,5.7703999999999995,20,20,0,0,0,1
manha_2,164,cw1,1,38.3,85.0,93.02,27,37,72.97297297297297,3.445185185185185,25,36,0,0,0,2
manha_2,164,cw13,1,38.3,85.0,93.02,27,37,72.97297297297297,3.445185185185185,25,36,0,0,0,2
manha_2,164,multi,2,65.4,137.0,158.83,27,37,72.97297297297297,5.8825925925925935,24,24,0,0,0,1
manha_2,165,cw1,1,38.52,85.0,93.55,25,37,67.56756756756756,3.742,23,27,0,0,0,2
manha_2,165,cw13,1,38.52,85.0,93.55,25,37,67.56756756756756,3.742,23,27,0,0,0,2
manha_2,165,multi,2,68.92,144.0,167.38,25,37,67.56756756756756,6.6952,21,21,0,0,0,1
manha_2,166,cw1,1,46.4,96.0,112.69,29,37,78.37837837837837,3.8858620689655172,27,27,0,0,1,2
manha_2,166,cw13,1,46.4,96.0,112.69,29,37,78.37837837837837,3.8858620689655172,27,27,0,0,1,2
manha_2,166,multi,2,61.2,128.0,148.63,29,37,78.37837837837837,5.125172413793103,23,23,0,0,0,1
manha_2,167,cw1,1,48.52,101.0,117.84,27,37,72.97297297297297,4.364444444444445,26,26,0,0,1,2
manha_2,167,cw13,1,48.42,103.0,117.59,27,37,72.97297297297297,4.355185185185185,26,26,0,0,1,2
manha_2,167,multi,2,60.22,135.0,146.26,27,37,72.97297297297297,5.417037037037037,24,24,0,0,0,2
manha_2,168,cw1,1,33.22,74.0,80.68,27,37,72.97297297297297,2.988148148148148,21,27,0,0,0,1
manha_2,168,cw13,1,36.82,86.0,89.42,27,37,72.97297297297297,3.311851851851852,23,27,0,0,0,1
manha_2,168,multi,1,37.02,80.0,89.91,27,37,72.97297297297297,3.33,21,21,0,0,0,0
manha_2,169,cw1,1,38.52,85.0,93.55,27,37,72.97297297297297,3.464814814814815,24,34,0,0,0,2
manha_2,169,cw13,1,38.52,85.0,93.55,27,37,72.97297297297297,3.464814814814815,24,34,0,0,0,2
manha_2,169,multi,2,59.82,128.0,145.28,27,37,72.97297297297297,5.380740740740741,24,24,0,0,0,1
manha_2,170,cw1,1,48.62,101.0,118.08,29,37,78.37837837837837,4.071724137931034,28,28,0,0,1,2
manha_2,170,cw13,1,48.52,103.0,117.84,29,37,78.37837837837837,4.063448275862069,28,28,0,0,1,2
manha_2,170,multi,2,73.82,152.0,179.28,29,37,78.37837837837837,6.182068965517241,21,21,0,0,0,1
manha_2,171,cw1,1,30.22,64.0,73.39,21,37,56.75675675675676,3.494761904761905,20,25,0,0,0,1
manha_2,171,cw13,1,30.22,64.0,73.39,21,37,56.75675675675676,3.494761904761905,20,25,0,0,0,1
manha_2,171,multi,1,33.42,73.0,81.16,21,37,56.75675675675676,3.8647619047619046,20,20,0,0,0,0
manha_2,172,cw1,1,44.02,93.0,106.91,27,37,72.97297297297297,3.9596296296296294,27,27,0,0,1,1
manha_2,172,cw13,1,43.92,95.0,106.66,27,37,72.97297297297297,3.9503703703703703,27,27,0,0,1,1
manha_2,172,multi,2,59.62,126.0,144.79,27,37,72.97297297297297,5.362592592592592,22,22,0,0,0,0
manha_2,173,cw1,1,43.8,92.0,106.37,22,37,59.45945945945946,4.835,22,22,0,0,1,1
manha_2,173,cw13,1,43.7,94.0,106.13,22,37,59.45945945945946,4.824090909090909,22,22,0,0,1,1
manha_2,173,multi,2,56.7,119.0,137.7,22,37,59.45945945945946,6.259090909090909,19,19,0,0,0,0
manha_2,174,cw1,1,48.52,101.0,117.84,26,37,70.27027027027027,4.532307692307692,26,26,0,0,1,2
manha_2,174,cw13,1,48.42,103.0,117.59,26,37,70.27027027027027,4.522692307692308,26,26,0,0,1,2
manha_2,174,multi,2,56.22,119.0,136.53,26,37,70.27027027027027,5.251153846153846,20,20,0,0,0,0
manha_2,175,cw1,1,44.02,93.0,106.91,26,37,70.27027027027027,4.111923076923077,26,26,0,0,1,1
manha_2,175,cw13,1,43.92,95.0,106.66,26,37,70.27027027027027,4.102307692307692,26,26,0,0,1,1
manha_2,175,multi,2,57.42,125.0,139.45,26,37,70.27027027027027,5.363461538461538,24,24,0,0,0,0
manha_2,176,cw1,1,48.52,101.0,117.84,28,37,75.67567567567568,4.208571428571429,27,27,0,0,1,2
manha_2,176,cw13,1,48.42,103.0,117.59,28,37,75.67567567567568,4.199642857142857,27,27,0,0,1,2
manha_2,176,multi,2,67.42,148.0,163.74,28,37,75.67567567567568,5.847857142857143,24,24,0,0,0,2
manha_2,177,cw1,1,38.42,86.0,93.31,27,37,72.97297297297297,3.455925925925926,24,32,0,0,0,2
manha_2,177,cw13,1,38.42,86.0,93.31,27,37,72.97297297297297,3.455925925925926,24,32,0,0,0,2
manha_2,177,multi,2,61.12,130.0,148.43,27,37,72.97297297297297,5.497407407407407,21,21,0,0,0,1
manha_2,178,cw1,1,33.02,75.0,80.19,27,37,72.97297297297297,2.9699999999999998,26,33,0,0,0,1
manha_2,178,cw13,1,33.02,75.0,80.19,27,37,72.97297297297297,2.9699999999999998,26,33,0,0,0,1
manha_2,178,multi,1,39.82,87.0,96.71,27,37,72.97297297297297,3.5818518518518516,26,26,0,0,0,1
manha_2,179,cw1,1,48.62,101.0,118.08,28,37,75.67567567567568,4.217142857142857,26,26,0,0,1,2
manha_2,179,cw13,1,48.52,103.0,117.84,28,37,75.67567567567568,4.208571428571429,26,26,0,0,1,2
manha_2,179,multi,2,81.42,167.0,197.73,28,37,75.67567567567568,7.061785714285714,21,21,0,0,0,1
manha_2,180,cw1,1,48.52,101.0,117.84,26,37,70.27027027027027,4.532307692307692,25,25,0,0,1,2
manha_2,180,cw13,1,48.42,103.0,117.59,26,37,70.27027027027027,4.522692307692308,25,25,0,0,1,2
manha_2,180,multi,2,72.02,145.0,174.9,26,37,70.27027027027027,6.726923076923077,20,20,0,0,0,1
manha_2,181,cw1,1,48.62,101.0,118.08,25,37,67.56756756756756,4.7232,25,25,0,0,1,2
manha_2,181,cw13,1,48.52,103.0,117.84,25,37,67.56756756756756,4.7136000000000005,25,25,0,0,1,2
manha_2,181,multi,2,55.12,117.0,133.86,25,37,67.56756756756756,5.354400000000001,22,22,0,0,0,0
manha_2,182,cw1,1,38.3,85.0,93.02,26,37,70.27027027027027,3.5776923076923075,25,30,0,0,0,2
manha_2,182,cw13,1,38.3,85.0,93.02,26,37,70.27027027027027,3.5776923076923075,25,30,0,0,0,2
manha_2,182,multi,2,47.6,107.0,115.61,26,37,70.27027027027027,4.446538461538461,25,25,0,0,0,0
manha_2,183,cw1,1,45.6,94.0,110.74,29,37,78.37837837837837,3.818620689655172,27,27,0,0,1,2
manha_2,183,cw13,1,45.6,94.0,110.74,29,37,78.37837837837837,3.818620689655172,27,27,0,0,1,2
manha_2,183,multi,2,59.8,125.0,145.23,29,37,78.37837837837837,5.007931034482758,25,25,0,0,0,0
manha_2,184,cw1,1,38.52,85.0,93.55,24,37,64.86486486486487,3.8979166666666667,23,30,0,0,0,2
manha_2,184,cw13,1,38.52,85.0,93.55,24,37,64.86486486486487,3.8979166666666667,23,30,0,0,0,2
manha_2,184,multi,1,40.22,86.0,97.68,24,37,64.86486486486487,4.07,23,23,0,0,0,1
manha_2,185,cw1,1,38.52,85.0,93.55,25,37,67.56756756756756,3.742,23,27,0,0,0,2
manha_2,185,cw13,1,38.52,85.0,93.55,25,37,67.56756756756756,3.742,23,27,0,0,0,2
manha_2,185,multi,2,50.22,109.0,121.96,25,37,67.56756756756756,4.8784,22,22,0,0,0,1
manha_2,186,cw1,1,48.5,101.0,117.79,27,37,72.97297297297297,4.362592592592593,26,26,0,0,1,2
manha_2,186,cw13,1,48.4,103.0,117.54,27,37,72.97297297297297,4.3533333333333335,26,26,0,0,1,2
manha_2,186,multi,2,73.4,151.0,178.26,27,37,72.97297297297297,6.602222222222222,24,24,0,0,0,1
manha_2,187,cw1,1,48.5,101.0,117.79,22,37,59.45945945945946,5.3540909090909095,21,21,0,0,1,2
manha_2,187,cw13,1,48.4,103.0,117.54,22,37,59.45945945945946,5.342727272727273,21,21,0,0,1,2
manha_2,187,multi,2,69.9,142.0,169.76,22,37,59.45945945945946,7.716363636363636,16,16,0,0,0,0
manha_2,188,cw1,1,48.5,101.0,117.79,27,37,72.97297297297297,4.362592592592593,26,26,0,0,1,2
manha_2,188,cw13,1,48.4,103.0,117.54,27,37,72.97297297297297,4.3533333333333335,26,26,0,0,1,2
manha_2,188,multi,2,77.7,164.0,188.71,27,37,72.97297297297297,6.98925925925926,21,21,0,0,0,1
manha_2,189,cw1,1,38.4,85.0,93.26,22,37,59.45945945945946,4.239090909090909,20,27,0,0,0,2
manha_2,189,cw13,1,38.4,85.0,93.26,22,37,59.45945945945946,4.239090909090909,20,27,0,0,0,2
manha_2,189,multi,2,63.4,130.0,153.97,22,37,59.45945945945946,6.998636363636364,17,17,0,0,0,1
manha_2,190,cw1,1,38.4,85.0,93.26,27,37,72.97297297297297,3.4540740740740743,25,30,0,0,0,2
manha_2,190,cw13,1,38.4,85.0,93.26,27,37,72.97297297297297,3.4540740740740743,25,30,0,0,0,2
manha_2,190,multi,2,48.8,105.0,118.51,27,37,72.97297297297297,4.389259259259259,20,20,0,0,0,0
manha_2,191,cw1,1,48.5,101.0,117.79,23,37,62.16216216216216,5.121304347826087,22,22,0,0,1,2
manha_2,191,cw13,1,48.4,103.0,117.54,23,37,62.16216216216216,5.110434782608696,22,22,0,0,1,2
manha_2,191,multi,2,75.2,151.0,182.63,23,37,62.16216216216216,7.940434782608696,20,20,0,0,0,1
manha_2,192,cw1,1,43.8,92.0,106.37,26,37,70.27027027027027,4.091153846153846,26,26,0,0,1,1
manha_2,192,cw13,1,43.7,94.0,106.13,26,37,70.27027027027027,4.0819230769230765,26,26,0,0,1,1
manha_2,192,multi,2,58.7,124.0,142.56,26,37,70.27027027027027,5.483076923076923,22,22,0,0,0,0
manha_2,193,cw1,1,38.52,85.0,93.55,31,37,83.78378378378379,3.017741935483871,27,39,0,0,0,2
manha_2,193,cw13,1,38.52,85.0,93.55,31,37,83.78378378378379,3.017741935483871,27,39,0,0,0,2
manha_2,193,multi,2,60.82,134.0,147.7,31,37,83.78378378378379,4.764516129032257,26,26,0,0,0,1
manha_2,194,cw1,1,38.52,85.0,93.55,27,37,72.97297297297297,3.464814814814815,26,34,0,0,0,2
manha_2,194,cw13,1,38.52,85.0,93.55,27,37,72.97297297297297,3.464814814814815,26,34,0,0,0,2
manha_2,194,multi,2,59.62,124.0,144.79,27,37,72.97297297297297,5.362592592592592,23,23,0,0,0,0
manha_2,195,cw1,1,48.4,100.0,117.54,28,37,75.67567567567568,4.197857142857143,26,26,0,0,1,2
manha_2,195,cw13,1,48.3,102.0,117.3,28,37,75.67567567567568,4.189285714285714,26,26,0,0,1,2
manha_2,195,multi,2,81.1,165.0,196.96,28,37,75.67567567567568,7.034285714285715,22,22,0,0,0,1
manha_2,196,cw1,1,38.52,85.0,93.55,30,37,81.08108108108108,3.118333333333333,24,31,0,0,0,2
manha_2,196,cw13,1,38.52,85.0,93.55,30,37,81.08108108108108,3.118333333333333,24,31,0,0,0,2
manha_2,196,multi,2,58.52,127.0,142.12,30,37,81.08108108108108,4.737333333333334,23,23,0,0,0,0
manha_2,197,cw1,1,48.62,101.0,118.08,24,37,64.86486486486487,4.92,24,24,0,0,1,2
manha_2,197,cw13,1,48.52,103.0,117.84,24,37,64.86486486486487,4.91,24,24,0,0,1,2
manha_2,197,multi,2,58.22,124.0,141.39,24,37,64.86486486486487,5.891249999999999,20,20,0,0,0,0
manha_2,198,cw1,1,38.52,85.0,93.55,24,37,64.86486486486487,3.8979166666666667,21,27,0,0,0,2
manha_2,198,cw13,1,38.52,85.0,93.55,24,37,64.86486486486487,3.8979166666666667,21,27,0,0,0,2
manha_2,198,multi,2,69.92,150.0,169.81,24,37,64.86486486486487,7.0754166666666665,18,18,0,0,0,1
manha_2,199,cw1,1,48.62,101.0,118.08,29,37,78.37837837837837,4.071724137931034,27,27,0,0,1,2
manha_2,199,cw13,1,48.52,103.0,117.84,29,37,78.37837837837837,4.063448275862069,27,27,0,0,1,2
manha_2,199,multi,2,55.62,117.0,135.08,29,37,78.37837837837837,4.657931034482759,21,21,0,0,0,0
manha_2,200,cw1,1,48.52,101.0,117.84,28,37,75.67567567567568,4.208571428571429,28,28,0,0,1,2
manha_2,200,cw13,1,48.42,103.0,117.59,28,37,75.67567567567568,4.199642857142857,28,28,0,0,1,2
manha_2,200,multi,2,57.52,127.0,139.69,28,37,75.67567567567568,4.988928571428572,21,21,0,0,0,0
manha_2,201,cw1,1,48.4,100.0,117.54,25,37,67.56756756756756,4.7016,25,25,0,0,1,2
manha_2,201,cw13,1,48.3,102.0,117.3,25,37,67.56756756756756,4.692,25,25,0,0,1,2
manha_2,201,multi,2,68.6,140.0,166.6,25,37,67.56756756756756,6.664,15,15,0,0,0,0
manha_2,202,cw1,1,38.52,85.0,93.55,25,37,67.56756756756756,3.742,23,29,0,0,0,2
manha_2,202,cw13,1,38.52,85.0,93.55,25,37,67.56756756756756,3.742,23,29,0,0,0,2
manha_2,202,multi,2,55.92,120.0,135.8,25,37,67.56756756756756,5.432,20,20,0,0,0,0
manha_2,203,cw1,1,46.42,96.0,112.74,21,37,56.75675675675676,5.368571428571428,20,20,0,0,1,2
manha_2,203,cw13,1,46.42,96.0,112.74,21,37,56.75675675675676,5.368571428571428,20,20,0,0,1,2
manha_2,203,multi,2,67.22,138.0,163.25,21,37,56.75675675675676,7.773809523809524,17,17,0,0,0,1
manha_2,204,cw1,1,48.62,101.0,118.08,25,37,67.56756756756756,4.7232,25,25,0,0,1,2
manha_2,204,cw13,1,48.52,103.0,117.84,25,37,67.56756756756756,4.7136000000000005,25,25,0,0,1,2
manha_2,204,multi,2,60.02,132.0,145.77,25,37,67.56756756756756,5.8308,21,21,0,0,0,1
manha_2,205,cw1,1,48.4,100.0,117.54,23,37,62.16216216216216,5.110434782608696,23,23,0,0,1,2
manha_2,205,cw13,1,48.3,102.0,117.3,23,37,62.16216216216216,5.1,23,23,0,0,1,2
manha_2,205,multi,2,67.3,138.0,163.45,23,37,62.16216216216216,7.106521739130434,19,19,0,0,0,0
manha_2,206,cw1,1,38.52,85.0,93.55,26,37,70.27027027027027,3.598076923076923,25,32,0,0,0,2
manha_2,206,cw13,1,38.52,85.0,93.55,26,37,70.27027027027027,3.598076923076923,25,32,0,0,0,2
manha_2,206,multi,2,50.72,109.0,123.18,26,37,70.27027027027027,4.737692307692308,23,23,0,0,0,0
manha_2,207,cw1,1,48.62,101.0,118.08,26,37,70.27027027027027,4.541538461538462,25,25,0,0,1,2
manha_2,207,cw13,1,48.52,103.0,117.84,26,37,70.27027027027027,4.532307692307692,25,25,0,0,1,2
manha_2,207,multi,2,51.02,112.0,123.91,26,37,70.27027027027027,4.765769230769231,24,24,0,0,0,0
manha_2,208,cw1,1,48.5,101.0,117.79,29,37,78.37837837837837,4.0617241379310345,25,25,0,0,1,2
manha_2,208,cw13,1,48.4,103.0,117.54,29,37,78.37837837837837,4.053103448275862,25,25,0,0,1,2
manha_2,208,multi,2,58.3,126.0,141.59,29,37,78.37837837837837,4.882413793103448,24,24,0,0,0,1
manha_2,209,cw1,1,38.52,85.0,93.55,29,37,78.37837837837837,3.225862068965517,28,38,0,0,0,2
manha_2,209,cw13,1,38.52,85.0,93.55,29,37,78.37837837837837,3.225862068965517,28,38,0,0,0,2
manha_2,209,multi,2,60.62,133.0,147.22,29,37,78.37837837837837,5.076551724137931,24,24,0,0,0,0
manha_2,210,cw1,1,43.1,91.0,104.67,22,37,59.45945945945946,4.757727272727273,22,22,0,0,1,1
manha_2,210,cw13,1,43.0,93.0,104.43,22,37,59.45945945945946,4.746818181818182,22,22,0,0,1,1
manha_2,210,multi,2,52.3,108.0,127.01,22,37,59.45945945945946,5.773181818181818,19,19,0,0,0,0
manha_2,211,cw1,1,48.5,101.0,117.79,23,37,62.16216216216216,5.121304347826087,22,22,0,0,1,2
manha_2,211,cw13,1,48.4,103.0,117.54,23,37,62.16216216216216,5.110434782608696,22,22,0,0,1,2
manha_2,211,multi,2,75.9,158.0,184.33,23,37,62.16216216216216,8.014347826086958,18,18,0,0,0,1
manha_2,212,cw1,1,48.5,101.0,117.79,24,37,64.86486486486487,4.907916666666667,24,24,0,0,1,2
manha_2,212,cw13,1,48.4,103.0,117.54,24,37,64.86486486486487,4.8975,24,24,0,0,1,2
manha_2,212,multi,2,58.4,132.0,141.83,24,37,64.86486486486487,5.909583333333334,22,22,0,0,0,1
manha_2,213,cw1,1,47.72,99.0,115.89,23,37,62.16216216216216,5.038695652173913,21,21,0,0,1,2
manha_2,213,cw13,1,47.62,101.0,115.65,23,37,62.16216216216216,5.028260869565218,21,21,0,0,1,2
manha_2,213,multi,2,66.52,148.0,161.55,23,37,62.16216216216216,7.023913043478261,19,19,0,0,0,2
manha_2,214,cw1,1,48.62,101.0,118.08,28,37,75.67567567567568,4.217142857142857,28,28,0,0,1,2
manha_2,214,cw13,1,48.52,103.0,117.84,28,37,75.67567567567568,4.208571428571429,28,28,0,0,1,2
manha_2,214,multi,2,73.22,155.0,177.83,28,37,75.67567567567568,6.351071428571429,22,22,0,0,0,0
manha_2,215,cw1,1,44.02,93.0,106.91,26,37,70.27027027027027,4.111923076923077,26,26,0,0,1,1
manha_2,215,cw13,1,43.92,95.0,106.66,26,37,70.27027027027027,4.102307692307692,26,26,0,0,1,1
manha_2,215,multi,2,58.72,124.0,142.61,26,37,70.27027027027027,5.485,24,24,0,0,0,0
manha_2,216,cw1,1,47.7,99.0,115.84,24,37,64.86486486486487,4.826666666666667,20,20,0,0,1,2
manha_2,216,cw13,1,47.6,101.0,115.6,24,37,64.86486486486487,4.816666666666666,20,20,0,0,1,2
manha_2,216,multi,2,56.4,123.0,136.97,24,37,64.86486486486487,5.707083333333333,17,17,0,0,0,0
manha_2,217,cw1,1,38.3,85.0,93.02,26,37,70.27027027027027,3.5776923076923075,25,34,0,0,0,2
manha_2,217,cw13,1,38.3,85.0,93.02,26,37,70.27027027027027,3.5776923076923075,25,34,0,0,0,2
manha_2,217,multi,1,39.4,84.0,95.69,26,37,70.27027027027027,3.6803846153846154,23,23,0,0,0,1
manha_2,218,cw1,1,47.7,99.0,115.84,22,37,59.45945945945946,5.265454545454546,21,21,0,0,1,2
manha_2,218,cw13,1,47.6,101.0,115.6,22,37,59.45945945945946,5.254545454545454,21,21,0,0,1,2
manha_2,218,multi,2,55.1,118.0,133.81,22,37,59.45945945945946,6.082272727272727,19,19,0,0,0,1
manha_2,219,cw1,1,48.4,100.0,117.54,30,37,81.08108108108108,3.918,27,27,0,0,1,2
manha_2,219,cw13,1,48.3,102.0,117.3,30,37,81.08108108108108,3.9099999999999997,27,27,0,0,1,2
manha_2,219,multi,2,72.9,153.0,177.05,30,37,81.08108108108108,5.901666666666667,21,21,0,0,0,0
manha_2,220,cw1,1,48.5,101.0,117.79,21,37,56.75675675675676,5.60904761904762,19,19,0,0,1,2
manha_2,220,cw13,1,48.4,103.0,117.54,21,37,56.75675675675676,5.597142857142858,19,19,0,0,1,2
manha_2,220,multi,2,55.4,119.0,134.54,21,37,56.75675675675676,6.406666666666666,17,17,0,0,0,0
manha_2,221,cw1,1,48.62,101.0,118.08,31,37,83.78378378378379,3.809032258064516,31,31,0,0,1,2
manha_2,221,cw13,1,48.52,103.0,117.84,31,37,83.78378378378379,3.801290322580645,31,31,0,0,1,2
manha_2,221,multi,2,70.02,142.0,170.05,31,37,83.78378378378379,5.485483870967743,23,23,0,0,0,0
manha_2,222,cw1,1,46.52,96.0,112.98,28,37,75.67567567567568,4.035,26,26,0,0,1,2
manha_2,222,cw13,1,46.52,96.0,112.98,28,37,75.67567567567568,4.035,26,26,0,0,1,2
manha_2,222,multi,2,57.52,122.0,139.69,28,37,75.67567567567568,4.988928571428572,24,24,0,0,0,1
manha_2,223,cw1,1,42.1,97.0,102.24,20,37,54.054054054054056,5.112,19,30,0,0,1,2
manha_2,223,cw13,1,42.1,97.0,102.24,20,37,54.054054054054056,5.112,19,30,0,0,1,2
manha_2,223,multi,2,47.2,103.0,114.63,20,37,54.054054054054056,5.7315,18,18,0,0,0,1
manha_2,224,cw1,1,38.42,86.0,93.31,32,37,86.48648648648648,2.9159375,31,40,0,0,0,2
manha_2,224,cw13,1,38.42,86.0,93.31,32,37,86.48648648648648,2.9159375,31,40,0,0,0,2
manha_2,224,multi,2,63.92,134.0,155.24,32,37,86.48648648648648,4.85125,27,27,0,0,0,1
manha_2,225,cw1,1,48.5,101.0,117.79,27,37,72.97297297297297,4.362592592592593,27,27,0,0,1,2
manha_2,225,cw13,1,48.4,103.0,117.54,27,37,72.97297297297297,4.3533333333333335,27,27,0,0,1,2
manha_2,225,multi,2,72.3,153.0,175.59,27,37,72.97297297297297,6.503333333333334,19,19,0,0,0,0
manha_2,226,cw1,1,43.0,90.0,104.43,24,37,64.86486486486487,4.35125,24,24,0,0,0,1
manha_2,226,cw13,1,42.9,92.0,104.19,24,37,64.86486486486487,4.34125,24,24,0,0,1,1
manha_2,226,multi,2,53.0,114.0,128.71,24,37,64.86486486486487,5.362916666666667,22,22,0,0,0,0
manha_2,227,cw1,1,47.7,99.0,115.84,26,37,70.27027027027027,4.455384615384616,24,24,0,0,1,2
manha_2,227,cw13,1,47.6,101.0,115.6,26,37,70.27027027027027,4.446153846153846,24,24,0,0,1,2
manha_2,227,multi,2,58.8,127.0,142.8,26,37,70.27027027027027,5.492307692307692,21,21,0,0,0,1
manha_2,228,cw1,1,38.52,85.0,93.55,20,37,54.054054054054056,4.6775,17,23,0,0,0,2
manha_2,228,cw13,1,38.52,85.0,93.55,20,37,54.054054054054056,4.6775,17,23,0,0,0,2
manha_2,228,multi,1,39.52,87.0,95.98,20,37,54.054054054054056,4.799,16,16,0,0,0,0
manha_2,229,cw1,1,48.62,101.0,118.08,29,37,78.37837837837837,4.071724137931034,28,28,0,0,1,2
manha_2,229,cw13,1,48.52,103.0,117.84,29,37,78.37837837837837,4.063448275862069,28,28,0,0,1,2
manha_2,229,multi,2,77.02,158.0,187.05,29,37,78.37837837837837,6.45,22,22,0,0,0,1
manha_2,230,cw1,1,48.52,101.0,117.84,28,37,75.67567567567568,4.208571428571429,28,28,0,0,1,2
manha_2,230,cw13,1,48.42,103.0,117.59,28,37,75.67567567567568,4.199642857142857,28,28,0,0,1,2
manha_2,230,multi,2,59.02,125.0,143.33,28,37,75.67567567567568,5.1189285714285715,26,26,0,0,0,1
manha_2,231,cw1,1,48.62,101.0,118.08,29,37,78.37837837837837,4.071724137931034,29,29,0,0,1,2
manha_2,231,cw13,1,48.52,103.0,117.84,29,37,78.37837837837837,4.063448275862069,29,29,0,0,1,2
manha_2,231,multi,2,55.82,122.0,135.57,29,37,78.37837837837837,4.674827586206896,25,25,0,0,0,0
manha_2,232,cw1,1,48.5,101.0,117.79,28,37,75.67567567567568,4.206785714285714,27,27,0,0,1,2
manha_2,232,cw13,1,48.4,103.0,117.54,28,37,75.67567567567568,4.197857142857143,27,27,0,0,1,2
manha_2,232,multi,2,74.1,152.0,179.96,28,37,75.67567567567568,6.427142857142857,22,22,0,0,0,0
manha_2,233,cw1,1,48.5,101.0,117.79,27,37,72.97297297297297,4.362592592592593,27,27,0,0,1,2
manha_2,233,cw13,1,48.4,103.0,117.54,27,37,72.97297297297297,4.3533333333333335,27,27,0,0,1,2
manha_2,233,multi,2,77.4,163.0,187.97,27,37,72.97297297297297,6.9618518518518515,23,23,0,0,0,1
manha_2,234,cw1,1,47.82,99.0,116.14,28,37,75.67567567567568,4.147857142857143,28,28,0,0,1,2
manha_2,234,cw13,1,47.72,101.0,115.89,28,37,75.67567567567568,4.138928571428571,28,28,0,0,1,2
manha_2,234,multi,2,56.42,119.0,137.02,28,37,75.67567567567568,4.893571428571429,20,20,0,0,0,0
manha_2,235,cw1,1,38.52,85.0,93.55,22,37,59.45945945945946,4.252272727272727,19,30,0,0,0,2
manha_2,235,cw13,1,38.52,85.0,93.55,22,37,59.45945945945946,4.252272727272727,19,30,0,0,0,2
manha_2,235,multi,2,43.52,94.0,105.69,22,37,59.45945945945946,4.804090909090909,19,19,0,0,0,1
manha_2,236,cw1,1,48.5,101.0,117.79,30,37,81.08108108108108,3.9263333333333335,29,29,0,0,1,2
manha_2,236,cw13,1,48.4,103.0,117.54,30,37,81.08108108108108,3.918,29,29,0,0,1,2
manha_2,236,multi,2,59.7,128.0,144.99,30,37,81.08108108108108,4.833,27,27,0,0,0,1
manha_2,237,cw1,1,47.7,99.0,115.84,20,37,54.054054054054056,5.792,20,20,0,0,1,2
manha_2,237,cw13,1,47.6,101.0,115.6,20,37,54.054054054054056,5.779999999999999,20,20,0,0,1,2
manha_2,237,multi,2,58.3,127.0,141.59,20,37,54.054054054054056,7.0795,19,19,0,0,0,1
manha_2,238,cw1,1,38.52,85.0,93.55,25,37,67.56756756756756,3.742,24,33,0,0,0,2
manha_2,238,cw13,1,38.52,85.0,93.55,25,37,67.56756756756756,3.742,24,33,0,0,0,2
manha_2,238,multi,2,59.92,131.0,145.52,25,37,67.56756756756756,5.8208,21,21,0,0,0,0
manha_2,239,cw1,1,33.22,74.0,80.68,27,37,72.97297297297297,2.988148148148148,24,31,0,0,0,1
manha_2,239,cw13,1,36.82,86.0,89.42,27,37,72.97297297297297,3.311851851851852,26,31,0,0,0,1
manha_2,239,multi,1,40.82,90.0,99.14,27,37,72.97297297297297,3.671851851851852,27,27,0,0,0,1
manha_2,240,cw1,1,48.5,101.0,117.79,23,37,62.16216216216216,5.121304347826087,22,22,0,0,1,2
manha_2,240,cw13,1,48.4,103.0,117.54,23,37,62.16216216216216,5.110434782608696,22,22,0,0,1,2
manha_2,240,multi,2,75.0,154.0,182.14,23,37,62.16216216216216,7.919130434782608,19,19,0,0,0,1
manha_2,241,cw1,1,43.9,93.0,106.62,25,37,67.56756756756756,4.2648,25,25,0,0,1,1
manha_2,241,cw13,1,43.8,95.0,106.37,25,37,67.56756756756756,4.2548,25,25,0,0,1,1
manha_2,241,multi,2,60.2,127.0,146.2,25,37,67.56756756756756,5.848,21,21,0,0,0,0
manha_2,242,cw1,1,48.5,101.0,117.79,25,37,67.56756756756756,4.711600000000001,24,24,0,0,1,2
manha_2,242,cw13,1,48.4,103.0,117.54,25,37,67.56756756756756,4.7016,24,24,0,0,1,2
manha_2,242,multi,2,58.1,126.0,141.1,25,37,67.56756756756756,5.644,19,19,0,0,0,0
manha_2,243,cw1,1,43.9,93.0,106.62,20,37,54.054054054054056,5.331,20,20,0,0,1,1
manha_2,243,cw13,1,43.8,95.0,106.37,20,37,54.054054054054056,5.3185,20,20,0,0,1,1
manha_2,243,multi,2,54.1,118.0,131.39,20,37,54.054054054054056,6.5695,18,18,0,0,0,0
manha_2,244,cw1,1,38.52,85.0,93.55,27,37,72.97297297297297,3.464814814814815,24,31,0,0,0,2
manha_2,244,cw13,1,38.52,85.0,93.55,27,37,72.97297297297297,3.464814814814815,24,31,0,0,0,2
manha_2,244,multi,2,71.32,154.0,173.21,27,37,72.97297297297297,6.4151851851851855,19,19,0,0,0,1
manha_2,245,cw1,1,38.12,82.0,92.58,21,37,56.75675675675676,4.408571428571428,21,26,0,0,0,1
manha_2,245,cw13,1,38.12,82.0,92.58,21,37,56.75675675675676,4.408571428571428,21,26,0,0,0,1
manha_2,245,multi,1,39.42,82.0,95.74,21,37,56.75675675675676,4.559047619047619,21,21,0,0,0,1
manha_2,246,cw1,1,42.1,97.0,102.24,23,37,62.16216216216216,4.445217391304348,22,26,0,0,1,2
manha_2,246,cw13,1,42.1,97.0,102.24,23,37,62.16216216216216,4.445217391304348,22,26,0,0,1,2
manha_2,246,multi,2,61.4,128.0,149.11,23,37,62.16216216216216,6.48304347826087,16,16,0,0,0,1
manha_2,247,cw1,1,48.52,101.0,117.84,24,37,64.86486486486487,4.91,23,23,0,0,1,2
manha_2,247,cw13,1,48.42,103.0,117.59,24,37,64.86486486486487,4.899583333333333,23,23,0,0,1,2
manha_2,247,multi,2,73.02,152.0,177.34,24,37,64.86486486486487,7.389166666666667,20,20,0,0,0,1
manha_2,248,cw1,1,38.4,85.0,93.26,28,37,75.67567567567568,3.330714285714286,26,37,0,0,0,2
manha_2,248,cw13,1,38.4,85.0,93.26,28,37,75.67567567567568,3.330714285714286,26,37,0,0,0,2
manha_2,248,multi,2,64.2,136.0,155.92,28,37,75.67567567567568,5.5685714285714285,22,22,0,0,0,2
manha_2,249,cw1,1,48.0,101.0,116.57,23,37,62.16216216216216,5.068260869565217,22,22,0,0,1,2
manha_2,249,cw13,1,47.5,102.0,115.36,23,37,62.16216216216216,5.015652173913043,22,22,0,0,1,2
manha_2,249,multi,2,57.6,125.0,139.89,23,37,62.16216216216216,6.082173913043477,20,20,0,0,0,1
manha_2,250,cw1,1,38.3,85.0,93.02,29,37,78.37837837837837,3.2075862068965515,26,33,0,0,0,2
manha_2,250,cw13,1,38.3,85.0,93.02,29,37,78.37837837837837,3.2075862068965515,26,33,0,0,0,2
manha_2,250,multi,2,65.4,135.0,158.83,29,37,78.37837837837837,5.476896551724138,25,25,0,0,0,0
manha_2,251,cw1,1,38.42,86.0,93.31,29,37,78.37837837837837,3.2175862068965517,28,33,0,0,0,2
manha_2,251,cw13,1,38.42,86.0,93.31,29,37,78.37837837837837,3.2175862068965517,28,33,0,0,0,2
manha_2,251,multi,2,62.02,135.0,150.62,29,37,78.37837837837837,5.193793103448276,24,24,0,0,0,0
manha_2,252,cw1,1,44.02,93.0,106.91,23,37,62.16216216216216,4.648260869565218,23,23,0,0,1,1
manha_2,252,cw13,1,43.92,95.0,106.66,23,37,62.16216216216216,4.637391304347826,23,23,0,0,1,1
manha_2,252,multi,2,58.52,123.0,142.12,23,37,62.16216216216216,6.179130434782609,20,20,0,0,0,0
manha_2,253,cw1,1,43.92,93.0,106.66,23,37,62.16216216216216,4.637391304347826,23,23,0,0,1,1
manha_2,253,cw13,1,43.82,95.0,106.42,23,37,62.16216216216216,4.626956521739131,23,23,0,0,1,1
manha_2,253,multi,2,74.1,151.0,179.96,23,37,62.16216216216216,7.824347826086957,19,19,0,0,0,0
manha_2,254,cw1,1,33.02,75.0,80.19,24,37,64.86486486486487,3.34125,21,25,0,0,0,1
manha_2,254,cw13,1,33.02,75.0,80.19,24,37,64.86486486486487,3.34125,21,25,0,0,0,1
manha_2,254,multi,1,39.72,87.0,96.46,24,37,64.86486486486487,4.019166666666666,21,21,0,0,0,0
manha_2,255,cw1,1,38.42,86.0,93.31,28,37,75.67567567567568,3.3325,26,36,0,0,0,2
manha_2,255,cw13,1,38.42,86.0,93.31,28,37,75.67567567567568,3.3325,26,36,0,0,0,2
manha_2,255,multi,2,48.42,111.0,117.6,28,37,75.67567567567568,4.2,26,26,0,0,0,1
manha_2,256,cw1,1,46.52,96.0,112.98,30,37,81.08108108108108,3.766,29,29,0,0,1,2
manha_2,256,cw13,1,46.52,96.0,112.98,30,37,81.08108108108108,3.766,29,29,0,0,1,2
manha_2,256,multi,2,54.12,117.0,131.44,30,37,81.08108108108108,4.381333333333333,25,25,0,0,0,0
manha_2,257,cw1,1,48.5,101.0,117.79,27,37,72.97297297297297,4.362592592592593,27,27,0,0,1,2
manha_2,257,cw13,1,48.4,103.0,117.54,27,37,72.97297297297297,4.3533333333333335,27,27,0,0,1,2
manha_2,257,multi,2,58.4,123.0,141.83,27,37,72.97297297297297,5.252962962962964,21,21,0,0,0,0
manha_2,258,cw1,1,38.62,85.0,93.79,29,37,78.37837837837837,3.234137931034483,25,35,0,0,0,2
manha_2,258,cw13,1,42.22,97.0,102.54,29,37,78.37837837837837,3.5358620689655176,26,35,0,0,1,2
manha_2,258,multi,2,65.82,141.0,159.85,29,37,78.37837837837837,5.5120689655172415,20,20,0,0,0,0
manha_2,259,cw1,1,48.62,101.0,118.08,27,37,72.97297297297297,4.373333333333333,24,24,0,0,1,2
manha_2,259,cw13,1,48.52,103.0,117.84,27,37,72.97297297297297,4.364444444444445,24,24,0,0,1,2
manha_2,259,multi,2,71.22,150.0,172.97,27,37,72.97297297297297,6.406296296296296,20,20,0,0,0,1
manha_2,260,cw1,1,45.6,92.0,110.74,23,37,62.16216216216216,4.814782608695652,23,23,0,0,1,1
manha_2,260,cw13,1,45.6,92.0,110.74,23,37,62.16216216216216,4.814782608695652,23,23,0,0,1,1
manha_2,260,multi,2,53.5,114.0,129.93,23,37,62.16216216216216,5.649130434782609,21,21,0,0,0,0
manha_2,261,cw1,1,38.4,85.0,93.26,27,37,72.97297297297297,3.4540740740740743,26,31,0,0,0,2
manha_2,261,cw13,1,38.4,85.0,93.26,27,37,72.97297297297297,3.4540740740740743,26,31,0,0,0,2
manha_2,261,multi,2,64.2,140.0,155.91,27,37,72.97297297297297,5.774444444444445,22,22,0,0,0,0
manha_2,262,cw1,1,38.3,85.0,93.02,25,37,67.56756756756756,3.7207999999999997,22,33,0,0,0,2
manha_2,262,cw13,1,38.3,85.0,93.02,25,37,67.56756756756756,3.7207999999999997,22,33,0,0,0,2
manha_2,262,multi,2,44.5,94.0,108.07,25,37,67.56756756756756,4.3228,21,21,0,0,0,0
manha_2,263,cw1,1,43.9,93.0,106.62,21,37,56.75675675675676,5.077142857142857,21,21,0,0,1,1
manha_2,263,cw13,1,43.8,95.0,106.37,21,37,56.75675675675676,5.0652380952380955,21,21,0,0,1,1
manha_2,263,multi,2,58.1,126.0,141.1,21,37,56.75675675675676,6.719047619047619,18,18,0,0,0,0
manha_2,264,cw1,1,48.62,101.0,118.08,28,37,75.67567567567568,4.217142857142857,28,28,0,0,1,2
manha_2,264,cw13,1,48.52,103.0,117.84,28,37,75.67567567567568,4.208571428571429,28,28,0,0,1,2
manha_2,264,multi,2,59.72,127.0,145.03,28,37,75.67567567567568,5.179642857142857,23,23,0,0,0,1
manha_2,265,cw1,1,48.52,101.0,117.84,26,37,70.27027027027027,4.532307692307692,25,25,0,0,1,2
manha_2,265,cw13,1,48.42,103.0,117.59,26,37,70.27027027027027,4.522692307692308,25,25,0,0,1,2
manha_2,265,multi,2,81.22,166.0,197.25,26,37,70.27027027027027,7.586538461538462,21,21,0,0,0,1
manha_2,266,cw1,1,48.62,101.0,118.08,29,37,78.37837837837837,4.071724137931034,29,29,0,0,1,2
manha_2,266,cw13,1,48.52,103.0,117.84,29,37,78.37837837837837,4.063448275862069,29,29,0,0,1,2
manha_2,266,multi,2,72.82,153.0,176.85,29,37,78.37837837837837,6.098275862068966,25,25,0,0,0,2
manha_2,267,cw1,1,47.82,99.0,116.14,29,37,78.37837837837837,4.004827586206897,28,28,0,0,1,2
manha_2,267,cw13,1,47.72,101.0,115.89,29,37,78.37837837837837,3.9962068965517243,28,28,0,0,1,2
manha_2,267,multi,2,54.62,117.0,132.65,29,37,78.37837837837837,4.574137931034483,25,25,0,0,0,0
manha_2,268,cw1,1,44.02,93.0,106.91,24,37,64.86486486486487,4.454583333333333,24,24,0,0,1,1
manha_2,268,cw13,1,43.92,95.0,106.66,24,37,64.86486486486487,4.444166666666667,24,24,0,0,1,1
manha_2,268,multi,2,57.62,121.0,139.93,24,37,64.86486486486487,5.830416666666667,20,20,0,0,0,0
manha_2,269,cw1,1,38.52,85.0,93.55,29,37,78.37837837837837,3.225862068965517,25,32,0,0,0,2
manha_2,269,cw13,1,38.52,85.0,93.55,29,37,78.37837837837837,3.225862068965517,25,32,0,0,0,2
manha_2,269,multi,2,69.52,148.0,168.84,29,37,78.37837837837837,5.822068965517241,19,19,0,0,0,1
manha_2,270,cw1,1,48.62,101.0,118.08,30,37,81.08108108108108,3.936,30,30,0,0,1,2
manha_2,270,cw13,1,48.52,103.0,117.84,30,37,81.08108108108108,3.928,30,30,0,0,1,2
manha_2,270,multi,2,58.22,128.0,141.39,30,37,81.08108108108108,4.712999999999999,25,25,0,0,0,1
manha_2,271,cw1,1,48.62,101.0,118.08,32,37,86.48648648648648,3.69,31,31,0,0,1,2
manha_2,271,cw13,1,48.52,103.0,117.84,32,37,86.48648648648648,3.6825,31,31,0,0,1,2
manha_2,271,multi,2,77.52,158.0,188.26,32,37,86.48648648648648,5.883125,23,23,0,0,0,1
manha_2,272,cw1,1,48.62,101.0,118.08,24,37,64.86486486486487,4.92,24,24,0,0,1,2
manha_2,272,cw13,1,48.52,103.0,117.84,24,37,64.86486486486487,4.91,24,24,0,0,1,2
manha_2,272,multi,2,59.12,124.0,143.58,24,37,64.86486486486487,5.982500000000001,19,19,0,0,0,1
manha_2,273,cw1,1,48.52,101.0,117.84,28,37,75.67567567567568,4.208571428571429,26,26,0,0,1,2
manha_2,273,cw13,1,48.42,103.0,117.59,28,37,75.67567567567568,4.199642857142857,26,26,0,0,1,2
manha_2,273,multi,2,65.32,145.0,158.64,28,37,75.67567567567568,5.6657142857142855,24,24,0,0,0,1
manha_2,274,cw1,1,38.42,86.0,93.31,27,37,72.97297297297297,3.455925925925926,24,31,0,0,0,2
manha_2,274,cw13,1,38.42,86.0,93.31,27,37,72.97297297297297,3.455925925925926,24,31,0,0,0,2
manha_2,274,multi,2,59.72,130.0,145.03,27,37,72.97297297297297,5.3714814814814815,24,24,0,0,0,1
manha_2,275,cw1,1,48.62,101.0,118.08,25,37,67.56756756756756,4.7232,25,25,0,0,1,2
manha_2,275,cw13,1,48.52,103.0,117.84,25,37,67.56756756756756,4.7136000000000005,25,25,0,0,1,2
manha_2,275,multi,2,58.62,130.0,142.37,25,37,67.56756756756756,5.6948,22,22,0,0,0,1
manha_2,276,cw1,1,47.7,99.0,115.84,22,37,59.45945945945946,5.265454545454546,21,21,0,0,1,2
manha_2,276,cw13,1,47.6,101.0,115.6,22,37,59.45945945945946,5.254545454545454,21,21,0,0,1,2
manha_2,276,multi,2,54.8,118.0,133.09,22,37,59.45945945945946,6.049545454545455,16,16,0,0,0,0
manha_2,277,cw1,1,41.12,91.0,99.86,24,37,64.86486486486487,4.160833333333334,22,32,0,0,1,2
manha_2,277,cw13,1,41.12,91.0,99.86,24,37,64.86486486486487,4.160833333333334,22,32,0,0,1,2
manha_2,277,multi,2,69.32,144.0,168.35,24,37,64.86486486486487,7.014583333333333,20,20,0,0,0,2
manha_2,278,cw1,1,43.9,93.0,106.62,20,37,54.054054054054056,5.331,20,20,0,0,1,1
manha_2,278,cw13,1,43.8,95.0,106.37,20,37,54.054054054054056,5.3185,20,20,0,0,1,1
manha_2,278,multi,2,58.6,124.0,142.31,20,37,54.054054054054056,7.1155,17,17,0,0,0,0
manha_2,279,cw1,1,47.82,99.0,116.14,29,37,78.37837837837837,4.004827586206897,27,27,0,0,1,2
manha_2,279,cw13,1,47.72,101.0,115.89,29,37,78.37837837837837,3.9962068965517243,27,27,0,0,1,2
manha_2,279,multi,2,79.22,168.0,192.39,29,37,78.37837837837837,6.634137931034482,23,23,0,0,0,1
manha_2,280,cw1,1,48.5,101.0,117.79,25,37,67.56756756756756,4.711600000000001,24,24,0,0,1,2
manha_2,280,cw13,1,48.4,103.0,117.54,25,37,67.56756756756756,4.7016,24,24,0,0,1,2
manha_2,280,multi,2,61.0,130.0,148.15,25,37,67.56756756756756,5.926,23,23,0,0,0,0
manha_2,281,cw1,1,48.62,101.0,118.08,27,37,72.97297297297297,4.373333333333333,27,27,0,0,1,2
manha_2,281,cw13,1,48.52,103.0,117.84,27,37,72.97297297297297,4.364444444444445,27,27,0,0,1,2
manha_2,281,multi,2,72.72,151.0,176.61,27,37,72.97297297297297,6.541111111111111,24,24,0,0,0,1
manha_2,282,cw1,1,48.52,101.0,117.84,26,37,70.27027027027027,4.532307692307692,26,26,0,0,1,2
manha_2,282,cw13,1,48.42,103.0,117.59,26,37,70.27027027027027,4.522692307692308,26,26,0,0,1,2
manha_2,282,multi,2,57.62,126.0,139.93,26,37,70.27027027027027,5.381923076923077,21,21,0,0,0,0
manha_2,283,cw1,1,43.8,92.0,106.37,26,37,70.27027027027027,4.091153846153846,26,26,0,0,1,1
manha_2,283,cw13,1,43.7,94.0,106.13,26,37,70.27027027027027,4.0819230769230765,26,26,0,0,1,1
manha_2,283,multi,2,54.3,118.0,131.87,26,37,70.27027027027027,5.071923076923077,22,22,0,0,0,0
manha_2,284,cw1,1,48.52,101.0,117.84,17,37,45.945945945945944,6.931764705882353,16,16,0,0,1,2
manha_2,284,cw13,1,48.42,103.0,117.59,17,37,45.945945945945944,6.917058823529412,16,16,0,0,1,2
manha_2,284,multi,2,77.92,165.0,189.23,17,37,45.945945945945944,11.131176470588235,13,13,0,0,0,0
manha_2,285,cw1,1,47.7,99.0,115.84,28,37,75.67567567567568,4.137142857142857,27,27,0,0,1,2
manha_2,285,cw13,1,47.6,101.0,115.6,28,37,75.67567567567568,4.128571428571428,27,27,0,0,1,2
manha_2,285,multi,2,64.4,139.0,156.4,28,37,75.67567567567568,5.585714285714286,19,19,0,0,0,0
manha_2,286,cw1,1,48.4,100.0,117.54,22,37,59.45945945945946,5.342727272727273,22,22,0,0,1,2
manha_2,286,cw13,1,48.3,102.0,117.3,22,37,59.45945945945946,5.331818181818182,22,22,0,0,1,2
manha_2,286,multi,2,55.3,120.0,134.3,22,37,59.45945945945946,6.104545454545455,17,17,0,0,0,0
manha_2,287,cw1,1,43.1,91.0,104.67,25,37,67.56756756756756,4.1868,25,25,0,0,1,1
manha_2,287,cw13,1,43.0,93.0,104.43,25,37,67.56756756756756,4.1772,25,25,0,0,1,1
manha_2,287,multi,2,55.6,119.0,135.03,25,37,67.56756756756756,5.4012,21,21,0,0,0,0
manha_2,288,cw1,1,45.72,93.0,111.04,24,37,64.86486486486487,4.626666666666667,24,24,0,0,1,1
manha_2,288,cw13,1,45.72,93.0,111.04,24,37,64.86486486486487,4.626666666666667,24,24,0,0,1,1
manha_2,288,multi,2,74.22,150.0,180.25,24,37,64.86486486486487,7.510416666666667,20,20,0,0,0,0
manha_2,289,cw1,1,48.5,101.0,117.79,26,37,70.27027027027027,4.530384615384616,25,25,0,0,1,2
manha_2,289,cw13,1,48.4,103.0,117.54,26,37,70.27027027027027,4.520769230769231,25,25,0,0,1,2
manha_2,289,multi,2,69.9,142.0,169.76,26,37,70.27027027027027,6.529230769230769,18,18,0,0,0,0
manha_2,290,cw1,1,47.7,99.0,115.84,23,37,62.16216216216216,5.036521739130435,21,21,0,0,1,2
manha_2,290,cw13,1,47.6,101.0,115.6,23,37,62.16216216216216,5.0260869565217385,21,21,0,0,1,2
manha_2,290,multi,2,76.9,165.0,186.76,23,37,62.16216216216216,8.12,16,16,0,0,0,1
manha_2,291,cw1,1,48.62,101.0,118.08,23,37,62.16216216216216,5.133913043478261,22,22,0,0,1,2
manha_2,291,cw13,1,48.52,103.0,117.84,23,37,62.16216216216216,5.1234782608695655,22,22,0,0,1,2
manha_2,291,multi,2,76.72,156.0,186.32,23,37,62.16216216216216,8.10086956521739,17,17,0,0,0,1
manha_2,292,cw1,1,38.62,86.0,93.79,25,37,67.56756756756756,3.7516000000000003,25,26,0,0,0,1
manha_2,292,cw13,1,38.62,86.0,93.79,25,37,67.56756756756756,3.7516000000000003,25,26,0,0,0,1
manha_2,292,multi,1,40.62,89.0,98.65,25,37,67.56756756756756,3.946,24,24,0,0,0,0
manha_2,293,cw1,1,48.52,101.0,117.84,28,37,75.67567567567568,4.208571428571429,28,28,0,0,1,2
manha_2,293,cw13,1,48.42,103.0,117.59,28,37,75.67567567567568,4.199642857142857,28,28,0,0,1,2
manha_2,293,multi,2,57.22,125.0,138.96,28,37,75.67567567567568,4.9628571428571435,25,25,0,0,0,1
manha_2,294,cw1,1,47.82,99.0,116.14,24,37,64.86486486486487,4.839166666666666,24,24,0,0,1,2
manha_2,294,cw13,1,47.72,101.0,115.89,24,37,64.86486486486487,4.82875,24,24,0,0,1,2
manha_2,294,multi,2,54.22,119.0,131.68,24,37,64.86486486486487,5.486666666666667,21,21,0,0,0,1
manha_2,295,cw1,1,48.62,101.0,118.08,28,37,75.67567567567568,4.217142857142857,27,27,0,0,1,2
manha_2,295,cw13,1,48.52,103.0,117.84,28,37,75.67567567567568,4.208571428571429,27,27,0,0,1,2
manha_2,295,multi,2,58.02,126.0,140.91,28,37,75.67567567567568,5.0325,25,25,0,0,0,1
manha_2,296,cw1,1,38.5,86.0,93.5,26,37,70.27027027027027,3.5961538461538463,26,27,0,0,0,1
manha_2,296,cw13,1,38.5,86.0,93.5,26,37,70.27027027027027,3.5961538461538463,26,27,0,0,0,1
manha_2,296,multi,1,40.0,86.0,97.14,26,37,70.27027027027027,3.7361538461538464,22,22,0,0,0,0
manha_2,297,cw1,1,48.52,101.0,117.84,29,37,78.37837837837837,4.063448275862069,28,28,0,0,1,2
manha_2,297,cw13,1,48.42,103.0,117.59,29,37,78.37837837837837,4.054827586206897,28,28,0,0,1,2
manha_2,297,multi,2,75.32,162.0,182.92,29,37,78.37837837837837,6.307586206896551,24,24,0,0,0,1
manha_2,298,cw1,1,38.52,85.0,93.55,26,37,70.27027027027027,3.598076923076923,24,35,0,0,0,2
manha_2,298,cw13,1,38.52,85.0,93.55,26,37,70.27027027027027,3.598076923076923,24,35,0,0,0,2
manha_2,298,multi,1,40.52,88.0,98.41,26,37,70.27027027027027,3.7849999999999997,23,23,0,0,0,1
manha_2,299,cw1,1,48.62,101.0,118.08,26,37,70.27027027027027,4.541538461538462,23,23,0,0,1,2
manha_2,299,cw13,1,48.52,103.0,117.84,26,37,70.27027027027027,4.532307692307692,23,23,0,0,1,2
manha_2,299,multi,2,55.92,120.0,135.81,26,37,70.27027027027027,5.223461538461539,22,22,0,0,0,0
manha_2,300,cw1,1,38.5,84.0,93.5,26,37,70.27027027027027,3.5961538461538463,25,34,0,0,0,2
manha_2,300,cw13,1,42.1,96.0,102.24,26,37,70.27027027027027,3.9323076923076923,26,34,0,0,1,2
manha_2,300,multi,1,37.7,82.0,91.56,26,37,70.27027027027027,3.5215384615384617,24,24,0,0,0,0
manha_2,301,cw1,1,48.5,101.0,117.79,30,37,81.08108108108108,3.9263333333333335,27,27,0,0,1,2
manha_2,301,cw13,1,48.4,103.0,117.54,30,37,81.08108108108108,3.918,27,27,0,0,1,2
manha_2,301,multi,2,80.8,165.0,196.23,30,37,81.08108108108108,6.5409999999999995,23,23,0,0,0,1
manha_2,302,cw1,1,47.72,99.0,115.89,21,37,56.75675675675676,5.518571428571429,21,21,0,0,1,2
manha_2,302,cw13,1,47.62,101.0,115.65,21,37,56.75675675675676,5.507142857142857,21,21,0,0,1,2
manha_2,302,multi,2,67.42,143.0,163.74,21,37,56.75675675675676,7.797142857142857,17,17,0,0,0,0
manha_2,303,cw1,1,48.5,101.0,117.79,25,37,67.56756756756756,4.711600000000001,25,25,0,0,1,2
manha_2,303,cw13,1,48.4,103.0,117.54,25,37,67.56756756756756,4.7016,25,25,0,0,1,2
manha_2,303,multi,2,76.0,154.0,184.57,25,37,67.56756756756756,7.3828,20,20,0,0,0,1
manha_2,304,cw1,1,48.5,101.0,117.79,19,37,51.351351351351354,6.199473684210527,18,18,0,0,1,2
manha_2,304,cw13,1,48.4,103.0,117.54,19,37,51.351351351351354,6.186315789473684,18,18,0,0,1,2
manha_2,304,multi,2,77.8,159.0,188.95,19,37,51.351351351351354,9.944736842105263,16,16,0,0,0,1
manha_2,305,cw1,1,48.62,101.0,118.08,25,37,67.56756756756756,4.7232,24,24,0,0,1,2
manha_2,305,cw13,1,48.52,103.0,117.84,25,37,67.56756756756756,4.7136000000000005,24,24,0,0,1,2
manha_2,305,multi,2,80.92,166.0,196.52,25,37,67.56756756756756,7.8608,21,21,0,0,0,2
manha_2,306,cw1,1,38.4,85.0,93.26,28,37,75.67567567567568,3.330714285714286,27,36,0,0,0,2
manha_2,306,cw13,1,38.4,85.0,93.26,28,37,75.67567567567568,3.330714285714286,27,36,0,0,0,2
manha_2,306,multi,1,39.0,83.0,94.72,28,37,75.67567567567568,3.382857142857143,25,25,0,0,0,1
manha_2,307,cw1,1,38.4,85.0,93.26,23,37,62.16216216216216,4.054782608695652,21,31,0,0,0,2
manha_2,307,cw13,1,38.4,85.0,93.26,23,37,62.16216216216216,4.054782608695652,21,31,0,0,0,2
manha_2,307,multi,2,59.6,127.0,144.74,23,37,62.16216216216216,6.29304347826087,19,19,0,0,0,1
manha_2,308,cw1,1,48.4,100.0,117.54,23,37,62.16216216216216,5.110434782608696,21,21,0,0,1,2
manha_2,308,cw13,1,48.3,102.0,117.3,23,37,62.16216216216216,5.1,21,21,0,0,1,2
manha_2,308,multi,2,70.2,142.0,170.49,23,37,62.16216216216216,7.412608695652175,15,15,0,0,0,0
manha_2,309,cw1,1,48.52,101.0,117.84,30,37,81.08108108108108,3.928,29,29,0,0,1,2
manha_2,309,cw13,1,48.42,103.0,117.59,30,37,81.08108108108108,3.9196666666666666,29,29,0,0,1,2
manha_2,309,multi,2,78.22,162.0,189.97,30,37,81.08108108108108,6.332333333333334,23,23,0,0,0,1
manha_2,310,cw1,1,48.5,101.0,117.79,29,37,78.37837837837837,4.0617241379310345,27,27,0,0,1,2
manha_2,310,cw13,1,48.4,103.0,117.54,29,37,78.37837837837837,4.053103448275862,27,27,0,0,1,2
manha_2,310,multi,2,71.9,147.0,174.61,29,37,78.37837837837837,6.021034482758621,21,21,0,0,0,1
manha_2,311,cw1,1,48.62,101.0,118.08,22,37,59.45945945945946,5.367272727272727,21,21,0,0,1,2
manha_2,311,cw13,1,48.52,103.0,117.84,22,37,59.45945945945946,5.356363636363636,21,21,0,0,1,2
manha_2,311,multi,2,76.02,159.0,184.62,22,37,59.45945945945946,8.391818181818183,19,19,0,0,0,1
manha_2,312,cw1,1,48.4,100.0,117.54,25,37,67.56756756756756,4.7016,24,24,0,0,1,2
manha_2,312,cw13,1,48.3,102.0,117.3,25,37,67.56756756756756,4.692,24,24,0,0,1,2
manha_2,312,multi,2,56.1,120.0,136.25,25,37,67.56756756756756,5.45,19,19,0,0,0,0
manha_2,313,cw1,1,38.3,85.0,93.02,26,37,70.27027027027027,3.5776923076923075,25,29,0,0,0,2
manha_2,313,cw13,1,38.3,85.0,93.02,26,37,70.27027027027027,3.5776923076923075,25,29,0,0,0,2
manha_2,313,multi,2,61.9,134.0,150.33,26,37,70.27027027027027,5.781923076923078,21,21,0,0,0,0
manha_2,314,cw1,1,38.4,85.0,93.26,26,37,70.27027027027027,3.5869230769230773,25,38,0,0,0,2
manha_2,314,cw13,1,38.4,85.0,93.26,26,37,70.27027027027027,3.5869230769230773,25,38,0,0,0,2
manha_2,314,multi,2,56.9,120.0,138.19,26,37,70.27027027027027,5.3149999999999995,23,23,0,0,0,0
manha_2,315,cw1,1,48.62,101.0,118.08,28,37,75.67567567567568,4.217142857142857,25,25,0,0,1,2
manha_2,315,cw13,1,48.52,103.0,117.84,28,37,75.67567567567568,4.208571428571429,25,25,0,0,1,2
manha_2,315,multi,2,68.82,143.0,167.13,28,37,75.67567567567568,5.968928571428571,20,20,0,0,0,0
manha_2,316,cw1,1,48.4,100.0,117.54,25,37,67.56756756756756,4.7016,24,24,0,0,1,2
manha_2,316,cw13,1,48.3,102.0,117.3,25,37,67.56756756756756,4.692,24,24,0,0,1,2
manha_2,316,multi,2,77.6,163.0,188.46,25,37,67.56756756756756,7.5384,19,19,0,0,0,0
manha_2,317,cw1,1,46.42,96.0,112.74,21,37,56.75675675675676,5.368571428571428,20,20,0,0,1,2
manha_2,317,cw13,1,46.42,96.0,112.74,21,37,56.75675675675676,5.368571428571428,20,20,0,0,1,2
manha_2,317,multi,2,58.02,126.0,140.91,21,37,56.75675675675676,6.71,19,19,0,0,0,1
manha_2,318,cw1,1,48.62,101.0,118.08,26,37,70.27027027027027,4.541538461538462,25,25,0,0,1,2
manha_2,318,cw13,1,48.52,103.0,117.84,26,37,70.27027027027027,4.532307692307692,25,25,0,0,1,2
manha_2,318,multi,2,68.02,143.0,165.19,26,37,70.27027027027027,6.353461538461539,22,22,0,0,0,1
manha_2,319,cw1,1,38.52,85.0,93.55,31,37,83.78378378378379,3.017741935483871,30,35,0,0,0,2
manha_2,319,cw13,1,38.52,85.0,93.55,31,37,83.78378378378379,3.017741935483871,30,35,0,0,0,2
manha_2,319,multi,1,38.62,79.0,93.79,31,37,83.78378378378379,3.0254838709677423,27,27,0,0,0,0
manha_2,320,cw1,1,48.62,101.0,118.08,31,37,83.78378378378379,3.809032258064516,31,31,0,0,1,2
manha_2,320,cw13,1,48.52,103.0,117.84,31,37,83.78378378378379,3.801290322580645,31,31,0,0,1,2
manha_2,320,multi,2,60.12,127.0,146.01,31,37,83.78378378378379,4.71,26,26,0,0,0,0
manha_2,321,cw1,1,33.02,75.0,80.19,29,37,78.37837837837837,2.7651724137931035,27,32,0,0,0,1
manha_2,321,cw13,1,33.02,75.0,80.19,29,37,78.37837837837837,2.7651724137931035,27,32,0,0,0,1
manha_2,321,multi,1,37.02,83.0,89.91,29,37,78.37837837837837,3.100344827586207,27,27,0,0,0,0
manha_2,322,cw1,1,38.52,85.0,93.55,25,37,67.56756756756756,3.742,23,27,0,0,0,2
manha_2,322,cw13,1,38.52,85.0,93.55,25,37,67.56756756756756,3.742,23,27,0,0,0,2
manha_2,322,multi,2,48.12,104.0,116.86,25,37,67.56756756756756,4.6744,21,21,0,0,0,0
manha_2,323,cw1,1,48.62,101.0,118.08,24,37,64.86486486486487,4.92,22,22,0,0,1,2
manha_2,323,cw13,1,48.52,103.0,117.84,24,37,64.86486486486487,4.91,22,22,0,0,1,2
manha_2,323,multi,2,57.12,123.0,138.72,24,37,64.86486486486487,5.78,20,20,0,0,0,1
manha_2,324,cw1,1,45.72,93.0,111.04,27,37,72.97297297297297,4.112592592592593,27,27,0,0,1,1
manha_2,324,cw13,1,45.72,93.0,111.04,27,37,72.97297297297297,4.112592592592593,27,27,0,0,1,1
manha_2,324,multi,2,60.12,128.0,146.01,27,37,72.97297297297297,5.407777777777778,24,24,0,0,0,0
manha_2,325,cw1,1,48.5,101.0,117.79,28,37,75.67567567567568,4.206785714285714,27,27,0,0,1,2
manha_2,325,cw13,1,48.4,103.0,117.54,28,37,75.67567567567568,4.197857142857143,27,27,0,0,1,2
manha_2,325,multi,2,82.2,174.0,199.63,28,37,75.67567567567568,7.129642857142857,19,19,0,0,0,1
manha_2,326,cw1,1,38.42,86.0,93.31,23,37,62.16216216216216,4.056956521739131,21,31,0,0,0,2
manha_2,326,cw13,1,38.42,86.0,93.31,23,37,62.16216216216216,4.056956521739131,21,31,0,0,0,2
manha_2,326,multi,2,63.52,138.0,154.26,23,37,62.16216216216216,6.70695652173913,21,21,0,0,0,1
manha_2,327,cw1,1,47.42,99.0,115.16,28,37,75.67567567567568,4.112857142857143,28,28,0,0,1,1
manha_2,327,cw13,1,47.42,99.0,115.16,28,37,75.67567567567568,4.112857142857143,28,28,0,0,1,1
manha_2,327,multi,2,55.52,119.0,134.83,28,37,75.67567567567568,4.815357142857144,24,24,0,0,0,0
manha_2,328,cw1,1,44.02,93.0,106.91,25,37,67.56756756756756,4.2764,25,25,0,0,1,1
manha_2,328,cw13,1,43.92,95.0,106.66,25,37,67.56756756756756,4.2664,25,25,0,0,1,1
manha_2,328,multi,2,57.62,123.0,139.94,25,37,67.56756756756756,5.5976,23,23,0,0,0,0
manha_2,329,cw1,1,47.7,99.0,115.84,23,37,62.16216216216216,5.036521739130435,21,21,0,0,1,2
manha_2,329,cw13,1,47.6,101.0,115.6,23,37,62.16216216216216,5.0260869565217385,21,21,0,0,1,2
manha_2,329,multi,2,73.9,152.0,179.48,23,37,62.16216216216216,7.803478260869565,17,17,0,0,0,1
manha_2,330,cw1,1,44.02,93.0,106.91,27,37,72.97297297297297,3.9596296296296294,27,27,0,0,1,1
manha_2,330,cw13,1,43.92,95.0,106.66,27,37,72.97297297297297,3.9503703703703703,27,27,0,0,1,1
manha_2,330,multi,2,55.42,116.0,134.59,27,37,72.97297297297297,4.984814814814815,24,24,0,0,0,0
manha_2,331,cw1,1,48.52,101.0,117.84,24,37,64.86486486486487,4.91,23,23,0,0,1,2
manha_2,331,cw13,1,48.42,103.0,117.59,24,37,64.86486486486487,4.899583333333333,23,23,0,0,1,2
manha_2,331,multi,2,72.32,154.0,175.63,24,37,64.86486486486487,7.317916666666666,20,20,0,0,0,0
manha_2,332,cw1,1,38.4,85.0,93.26,22,37,59.45945945945946,4.239090909090909,20,31,0,0,0,2
manha_2,332,cw13,1,38.4,85.0,93.26,22,37,59.45945945945946,4.239090909090909,20,31,0,0,0,2
manha_2,332,multi,2,65.2,138.0,158.35,22,37,59.45945945945946,7.197727272727272,18,18,0,0,0,1
manha_2,333,cw1,1,38.3,85.0,93.02,29,37,78.37837837837837,3.2075862068965515,24,34,0,0,0,2
manha_2,333,cw13,1,38.3,85.0,93.02,29,37,78.37837837837837,3.2075862068965515,24,34,0,0,0,2
manha_2,333,multi,1,41.5,89.0,100.79,29,37,78.37837837837837,3.4755172413793107,23,23,0,0,0,0
manha_2,334,cw1,1,38.52,85.0,93.55,25,37,67.56756756756756,3.742,21,32,0,0,0,2
manha_2,334,cw13,1,38.52,85.0,93.55,25,37,67.56756756756756,3.742,21,32,0,0,0,2
manha_2,334,multi,1,41.42,89.0,100.59,25,37,67.56756756756756,4.0236,22,22,0,0,0,1
manha_2,335,cw1,1,48.5,101.0,117.79,25,37,67.56756756756756,4.711600000000001,24,24,0,0,1,2
manha_2,335,cw13,1,48.4,103.0,117.54,25,37,67.56756756756756,4.7016,24,24,0,0,1,2
manha_2,335,multi,2,75.0,156.0,182.15,25,37,67.56756756756756,7.2860000000000005,19,19,0,0,0,1
manha_2,336,cw1,1,38.72,84.0,94.04,28,37,75.67567567567568,3.358571428571429,27,39,0,0,0,2
manha_2,336,cw13,1,42.32,96.0,102.78,28,37,75.67567567567568,3.670714285714286,28,39,0,0,1,2
manha_2,336,multi,2,64.02,136.0,155.48,28,37,75.67567567567568,5.5528571428571425,21,21,0,0,0,0
manha_2,337,cw1,1,48.62,101.0,118.08,23,37,62.16216216216216,5.133913043478261,22,22,0,0,1,2
manha_2,337,cw13,1,48.52,103.0,117.84,23,37,62.16216216216216,5.1234782608695655,22,22,0,0,1,2
manha_2,337,multi,2,74.8,154.0,181.66,23,37,62.16216216216216,7.898260869565218,19,19,0,0,0,1
manha_2,338,cw1,1,38.5,86.0,93.5,28,37,75.67567567567568,3.3392857142857144,28,28,0,0,0,1
manha_2,338,cw13,1,38.5,86.0,93.5,28,37,75.67567567567568,3.3392857142857144,28,28,0,0,0,1
manha_2,338,multi,1,39.1,82.0,94.96,28,37,75.67567567567568,3.391428571428571,27,27,0,0,0,0
manha_2,339,cw1,1,38.52,85.0,93.55,24,37,64.86486486486487,3.8979166666666667,21,30,0,0,0,2
manha_2,339,cw13,1,38.52,85.0,93.55,24,37,64.86486486486487,3.8979166666666667,21,30,0,0,0,2
manha_2,339,multi,1,41.42,89.0,100.59,24,37,64.86486486486487,4.19125,21,21,0,0,0,1
manha_2,340,cw1,1,48.52,101.0,117.84,25,37,67.56756756756756,4.7136000000000005,24,24,0,0,1,2
manha_2,340,cw13,1,48.42,103.0,117.59,25,37,67.56756756756756,4.7036,24,24,0,0,1,2
manha_2,340,multi,2,61.62,136.0,149.65,25,37,67.56756756756756,5.986000000000001,22,22,0,0,0,1
manha_2,341,cw1,1,38.4,85.0,93.26,28,37,75.67567567567568,3.330714285714286,25,40,0,0,0,2
manha_2,341,cw13,1,38.4,85.0,93.26,28,37,75.67567567567568,3.330714285714286,25,40,0,0,0,2
manha_2,341,multi,2,58.4,122.0,141.83,28,37,75.67567567567568,5.065357142857144,23,23,0,0,0,1
manha_2,342,cw1,1,48.62,101.0,118.08,25,37,67.56756756756756,4.7232,23,23,0,0,1,2
manha_2,342,cw13,1,48.52,103.0,117.84,25,37,67.56756756756756,4.7136000000000005,23,23,0,0,1,2
manha_2,342,multi,2,59.12,128.0,143.58,25,37,67.56756756756756,5.743200000000001,22,22,0,0,0,1
manha_2,343,cw1,1,46.52,96.0,112.98,20,37,54.054054054054056,5.649,20,20,0,0,1,2
manha_2,343,cw13,1,46.52,96.0,112.98,20,37,54.054054054054056,5.649,20,20,0,0,1,2
manha_2,343,multi,2,58.02,124.0,140.91,20,37,54.054054054054056,7.0455,17,17,0,0,0,1
manha_2,344,cw1,1,48.62,101.0,118.08,24,37,64.86486486486487,4.92,24,24,0,0,1,2
manha_2,344,cw13,1,48.52,103.0,117.84,24,37,64.86486486486487,4.91,24,24,0,0,1,2
manha_2,344,multi,2,57.12,123.0,138.72,24,37,64.86486486486487,5.78,20,20,0,0,0,0
manha_2,345,cw1,1,45.72,93.0,111.04,24,37,64.86486486486487,4.626666666666667,24,24,0,0,1,1
manha_2,345,cw13,1,45.72,93.0,111.04,24,37,64.86486486486487,4.626666666666667,24,24,0,0,1,1
manha_2,345,multi,2,58.42,124.0,141.88,24,37,64.86486486486487,5.911666666666666,22,22,0,0,0,0
manha_2,346,cw1,1,38.52,85.0,93.55,31,37,83.78378378378379,3.017741935483871,28,38,0,0,0,2
manha_2,346,cw13,1,38.52,85.0,93.55,31,37,83.78378378378379,3.017741935483871,28,38,0,0,0,2
manha_2,346,multi,2,62.22,132.0,151.1,31,37,83.78378378378379,4.874193548387097,21,21,0,0,0,1
manha_2,347,cw1,1,38.4,85.0,93.26,25,37,67.56756756756756,3.7304000000000004,21,33,0,0,0,2
manha_2,347,cw13,1,38.4,85.0,93.26,25,37,67.56756756756756,3.7304000000000004,21,33,0,0,0,2
manha_2,347,multi,2,70.1,151.0,170.25,25,37,67.56756756756756,6.81,21,21,0,0,0,1
manha_2,348,cw1,1,32.9,75.0,79.9,25,37,67.56756756756756,3.196,24,33,0,0,0,1
manha_2,348,cw13,1,32.9,75.0,79.9,25,37,67.56756756756756,3.196,24,33,0,0,0,1
manha_2,348,multi,2,58.3,123.0,141.58,25,37,67.56756756756756,5.663200000000001,23,23,0,0,0,0
manha_2,349,cw1,1,48.62,101.0,118.08,25,37,67.56756756756756,4.7232,25,25,0,0,1,2
manha_2,349,cw13,1,48.52,103.0,117.84,25,37,67.56756756756756,4.7136000000000005,25,25,0,0,1,2
manha_2,349,multi,2,58.52,126.0,142.12,25,37,67.56756756756756,5.6848,19,19,0,0,0,1
manha_2,350,cw1,1,48.52,101.0,117.84,27,37,72.97297297297297,4.364444444444445,26,26,0,0,1,2
manha_2,350,cw13,1,48.42,103.0,117.59,27,37,72.97297297297297,4.355185185185185,26,26,0,0,1,2
manha_2,350,multi,2,63.82,138.0,154.99,27,37,72.97297297297297,5.74037037037037,22,22,0,0,0,0
manha_2,351,cw1,1,41.12,91.0,99.86,24,37,64.86486486486487,4.160833333333334,23,30,0,0,1,2
manha_2,351,cw13,1,41.12,91.0,99.86,24,37,64.86486486486487,4.160833333333334,23,30,0,0,1,2
manha_2,351,multi,2,59.92,132.0,145.52,24,37,64.86486486486487,6.0633333333333335,20,20,0,0,0,0
manha_2,352,cw1,1,38.62,85.0,93.79,22,37,59.45945945945946,4.263181818181819,21,30,0,0,0,2
manha_2,352,cw13,1,42.22,97.0,102.54,22,37,59.45945945945946,4.660909090909091,22,30,0,0,1,2
manha_2,352,multi,1,41.42,90.0,100.59,22,37,59.45945945945946,4.572272727272727,20,20,0,0,0,1
manha_2,353,cw1,1,48.52,101.0,117.84,22,37,59.45945945945946,5.356363636363636,21,21,0,0,1,2
manha_2,353,cw13,1,48.42,103.0,117.59,22,37,59.45945945945946,5.345,21,21,0,0,1,2
manha_2,353,multi,2,73.02,152.0,177.33,22,37,59.45945945945946,8.060454545454546,18,18,0,0,0,0
manha_2,354,cw1,1,38.3,85.0,93.02,24,37,64.86486486486487,3.875833333333333,22,26,0,0,0,2
manha_2,354,cw13,1,38.3,85.0,93.02,24,37,64.86486486486487,3.875833333333333,22,26,0,0,0,2
manha_2,354,multi,2,61.9,134.0,150.33,24,37,64.86486486486487,6.263750000000001,21,21,0,0,0,0
manha_2,355,cw1,1,36.7,81.0,89.13,23,37,62.16216216216216,3.8752173913043477,23,24,0,0,0,1
manha_2,355,cw13,1,36.7,81.0,89.13,23,37,62.16216216216216,3.8752173913043477,23,24,0,0,0,1
manha_2,355,multi,1,34.2,72.0,83.06,23,37,62.16216216216216,3.611304347826087,20,20,0,0,0,0
manha_2,356,cw1,1,47.72,99.0,115.89,24,37,64.86486486486487,4.82875,24,24,0,0,1,2
manha_2,356,cw13,1,47.62,101.0,115.65,24,37,64.86486486486487,4.8187500000000005,24,24,0,0,1,2
manha_2,356,multi,2,57.52,124.0,139.69,24,37,64.86486486486487,5.820416666666667,20,20,0,0,0,0
manha_2,357,cw1,1,38.4,85.0,93.26,26,37,70.27027027027027,3.5869230769230773,25,28,0,0,0,2
manha_2,357,cw13,1,38.4,85.0,93.26,26,37,70.27027027027027,3.5869230769230773,25,28,0,0,0,2
manha_2,357,multi,2,59.1,128.0,143.53,26,37,70.27027027027027,5.520384615384615,21,21,0,0,0,0
manha_2,358,cw1,1,38.72,84.0,94.04,26,37,70.27027027027027,3.616923076923077,25,33,0,0,0,2
manha_2,358,cw13,1,42.32,96.0,102.78,26,37,70.27027027027027,3.953076923076923,26,33,0,0,1,2
manha_2,358,multi,1,39.72,88.0,96.46,26,37,70.27027027027027,3.71,24,24,0,0,0,0
manha_2,359,cw1,1,48.5,101.0,117.79,27,37,72.97297297297297,4.362592592592593,25,25,0,0,1,2
manha_2,359,cw13,1,48.4,103.0,117.54,27,37,72.97297297297297,4.3533333333333335,25,25,0,0,1,2
manha_2,359,multi,2,79.0,159.0,191.86,27,37,72.97297297297297,7.105925925925926,23,23,0,0,0,2
manha_2,360,cw1,1,38.4,85.0,93.26,26,37,70.27027027027027,3.5869230769230773,22,32,0,0,0,2
manha_2,360,cw13,1,38.4,85.0,93.26,26,37,70.27027027027027,3.5869230769230773,22,32,0,0,0,2
manha_2,360,multi,2,71.2,152.0,172.92,26,37,70.27027027027027,6.65076923076923,22,22,0,0,0,2
manha_2,361,cw1,1,33.22,73.0,80.68,30,37,81.08108108108108,2.6893333333333334,27,34,0,0,0,1
manha_2,361,cw13,1,36.82,85.0,89.42,30,37,81.08108108108108,2.9806666666666666,28,34,0,0,0,1
manha_2,361,multi,1,39.02,85.0,94.76,30,37,81.08108108108108,3.158666666666667,30,30,0,0,0,1
manha_2,362,cw1,1,35.5,75.0,86.22,23,37,62.16216216216216,3.748695652173913,22,27,0,0,0,1
manha_2,362,cw13,1,35.5,75.0,86.22,23,37,62.16216216216216,3.748695652173913,22,27,0,0,0,1
manha_2,362,multi,1,39.0,82.0,94.72,23,37,62.16216216216216,4.118260869565217,22,22,0,0,0,0
manha_2,363,cw1,1,48.5,101.0,117.79,26,37,70.27027027027027,4.530384615384616,26,26,0,0,1,2
manha_2,363,cw13,1,48.4,103.0,117.54,26,37,70.27027027027027,4.520769230769231,26,26,0,0,1,2
manha_2,363,multi,2,60.0,132.0,145.72,26,37,70.27027027027027,5.604615384615385,21,21,0,0,0,0
manha_2,364,cw1,1,38.52,85.0,93.55,31,37,83.78378378378379,3.017741935483871,29,41,0,0,0,2
manha_2,364,cw13,1,38.52,85.0,93.55,31,37,83.78378378378379,3.017741935483871,29,41,0,0,0,2
manha_2,364,multi,2,62.22,136.0,151.11,31,37,83.78378378378379,4.8745161290322585,26,26,0,0,0,0
manha_2,365,cw1,1,48.52,101.0,117.84,29,37,78.37837837837837,4.063448275862069,29,29,0,0,1,2
manha_2,365,cw13,1,48.42,103.0,117.59,29,37,78.37837837837837,4.054827586206897,29,29,0,0,1,2
manha_2,365,multi,2,70.62,150.0,171.51,29,37,78.37837837837837,5.914137931034483,20,20,0,0,0,0
manha_2,366,cw1,1,48.5,101.0,117.79,26,37,70.27027027027027,4.530384615384616,25,25,0,0,1,2
manha_2,366,cw13,1,48.4,103.0,117.54,26,37,70.27027027027027,4.520769230769231,25,25,0,0,1,2
manha_2,366,multi,2,71.9,146.0,174.61,26,37,70.27027027027027,6.715769230769231,19,19,0,0,0,1
manha_2,367,cw1,1,47.7,99.0,115.84,28,37,75.67567567567568,4.137142857142857,28,28,0,0,1,2
manha_2,367,cw13,1,47.6,101.0,115.6,28,37,75.67567567567568,4.128571428571428,28,28,0,0,1,2
manha_2,367,multi,2,59.3,127.0,144.01,28,37,75.67567567567568,5.1432142857142855,25,25,0,0,0,1
manha_2,368,cw1,1,48.62,101.0,118.08,28,37,75.67567567567568,4.217142857142857,27,27,0,0,1,2
manha_2,368,cw13,1,48.52,103.0,117.84,28,37,75.67567567567568,4.208571428571429,27,27,0,0,1,2
manha_2,368,multi,2,80.22,166.0,194.82,28,37,75.67567567567568,6.957857142857143,20,20,0,0,0,1
manha_2,369,cw1,1,43.8,92.0,106.37,26,37,70.27027027027027,4.091153846153846,26,26,0,0,1,1
manha_2,369,cw13,1,43.7,94.0,106.13,26,37,70.27027027027027,4.0819230769230765,26,26,0,0,1,1
manha_2,369,multi,2,59.2,127.0,143.77,26,37,70.27027027027027,5.529615384615385,24,24,0,0,0,0
manha_2,370,cw1,1,38.52,85.0,93.55,32,37,86.48648648648648,2.9234375,29,37,0,0,0,2
manha_2,370,cw13,1,38.52,85.0,93.55,32,37,86.48648648648648,2.9234375,29,37,0,0,0,2
manha_2,370,multi,2,58.02,123.0,140.91,32,37,86.48648648648648,4.4034375,25,25,0,0,0,1
manha_2,371,cw1,1,44.02,93.0,106.91,24,37,64.86486486486487,4.454583333333333,24,24,0,0,1,1
manha_2,371,cw13,1,43.92,95.0,106.66,24,37,64.86486486486487,4.444166666666667,24,24,0,0,1,1
manha_2,371,multi,2,55.82,122.0,135.57,24,37,64.86486486486487,5.64875,21,21,0,0,0,0
manha_2,372,cw1,1,31.92,71.0,77.52,26,37,70.27027027027027,2.9815384615384612,26,26,0,0,0,0
manha_2,372,cw13,1,26.02,62.0,63.19,26,37,70.27027027027027,2.4303846153846154,26,26,0,0,0,0
manha_2,372,multi,1,37.82,83.0,91.85,26,37,70.27027027027027,3.5326923076923076,26,26,0,0,0,0
manha_2,373,cw1,1,38.3,85.0,93.02,24,37,64.86486486486487,3.875833333333333,21,32,0,0,0,2
manha_2,373,cw13,1,38.3,85.0,93.02,24,37,64.86486486486487,3.875833333333333,21,32,0,0,0,2
manha_2,373,multi,2,62.5,135.0,151.78,24,37,64.86486486486487,6.324166666666667,20,20,0,0,0,2
manha_2,374,cw1,1,43.1,91.0,104.67,20,37,54.054054054054056,5.2335,20,20,0,0,1,1
manha_2,374,cw13,1,43.0,93.0,104.43,20,37,54.054054054054056,5.221500000000001,20,20,0,0,1,1
manha_2,374,multi,2,56.2,119.0,136.49,20,37,54.054054054054056,6.8245000000000005,18,18,0,0,0,0
manha_2,375,cw1,1,38.52,85.0,93.55,21,37,56.75675675675676,4.454761904761905,19,29,0,0,0,2
manha_2,375,cw13,1,38.52,85.0,93.55,21,37,56.75675675675676,4.454761904761905,19,29,0,0,0,2
manha_2,375,multi,2,67.22,144.0,163.25,21,37,56.75675675675676,7.773809523809524,17,17,0,0,0,1
manha_2,376,cw1,1,31.72,72.0,77.04,24,37,64.86486486486487,3.2100000000000004,24,24,0,0,0,0
manha_2,376,cw13,1,31.72,72.0,77.04,24,37,64.86486486486487,3.2100000000000004,24,24,0,0,0,0
manha_2,376,multi,1,37.12,83.0,90.15,24,37,64.86486486486487,3.75625,24,24,0,0,0,0
manha_2,377,cw1,1,48.5,101.0,117.79,29,37,78.37837837837837,4.0617241379310345,28,28,0,0,1,2
manha_2,377,cw13,1,48.4,103.0,117.54,29,37,78.37837837837837,4.053103448275862,28,28,0,0,1,2
manha_2,377,multi,2,60.3,132.0,146.45,29,37,78.37837837837837,5.05,21,21,0,0,0,0
manha_2,378,cw1,1,38.42,86.0,93.31,26,37,70.27027027027027,3.588846153846154,25,32,0,0,0,2
manha_2,378,cw13,1,38.42,86.0,93.31,26,37,70.27027027027027,3.588846153846154,25,32,0,0,0,2
manha_2,378,multi,1,40.02,89.0,97.19,26,37,70.27027027027027,3.738076923076923,25,25,0,0,0,1
manha_2,379,cw1,1,38.52,85.0,93.55,27,37,72.97297297297297,3.464814814814815,26,36,0,0,0,2
manha_2,379,cw13,1,38.52,85.0,93.55,27,37,72.97297297297297,3.464814814814815,26,36,0,0,0,2
manha_2,379,multi,2,59.42,132.0,144.3,27,37,72.97297297297297,5.344444444444445,22,22,0,0,0,1
manha_2,380,cw1,1,38.4,85.0,93.26,24,37,64.86486486486487,3.8858333333333337,22,31,0,0,0,2
manha_2,380,cw13,1,38.4,85.0,93.26,24,37,64.86486486486487,3.8858333333333337,22,31,0,0,0,2
manha_2,380,multi,2,44.5,96.0,108.07,24,37,64.86486486486487,4.502916666666667,21,21,0,0,0,0
manha_2,381,cw1,1,38.52,85.0,93.55,26,37,70.27027027027027,3.598076923076923,25,34,0,0,0,2
manha_2,381,cw13,1,38.52,85.0,93.55,26,37,70.27027027027027,3.598076923076923,25,34,0,0,0,2
manha_2,381,multi,1,40.52,88.0,98.41,26,37,70.27027027027027,3.7849999999999997,24,24,0,0,0,1
manha_2,382,cw1,1,48.4,100.0,117.54,25,37,67.56756756756756,4.7016,23,23,0,0,1,2
manha_2,382,cw13,1,48.3,102.0,117.3,25,37,67.56756756756756,4.692,23,23,0,0,1,2
manha_2,382,multi,2,73.4,149.0,178.26,25,37,67.56756756756756,7.1304,20,20,0,0,0,1
manha_2,383,cw1,1,48.52,101.0,117.84,23,37,62.16216216216216,5.1234782608695655,21,21,0,0,1,2
manha_2,383,cw13,1,48.42,103.0,117.59,23,37,62.16216216216216,5.112608695652174,21,21,0,0,1,2
manha_2,383,multi,2,60.02,131.0,145.77,23,37,62.16216216216216,6.337826086956523,19,19,0,0,0,1
manha_2,384,cw1,1,43.22,91.0,104.96,24,37,64.86486486486487,4.373333333333333,24,24,0,0,1,1
manha_2,384,cw13,1,43.12,93.0,104.72,24,37,64.86486486486487,4.363333333333333,24,24,0,0,1,1
manha_2,384,multi,2,55.62,119.0,135.08,24,37,64.86486486486487,5.628333333333334,23,23,0,0,0,0
manha_2,385,cw1,1,38.4,86.0,93.26,27,37,72.97297297297297,3.4540740740740743,27,27,0,0,0,1
manha_2,385,cw13,1,38.4,86.0,93.26,27,37,72.97297297297297,3.4540740740740743,27,27,0,0,0,1
manha_2,385,multi,1,40.4,85.0,98.12,27,37,72.97297297297297,3.6340740740740745,25,25,0,0,0,0
manha_2,386,cw1,1,33.02,75.0,80.19,23,37,62.16216216216216,3.486521739130435,21,24,0,0,0,1
manha_2,386,cw13,1,33.02,75.0,80.19,23,37,62.16216216216216,3.486521739130435,21,24,0,0,0,1
manha_2,386,multi,1,38.62,81.0,93.79,23,37,62.16216216216216,4.077826086956522,21,21,0,0,0,0
manha_2,387,cw1,1,44.02,93.0,106.91,22,37,59.45945945945946,4.859545454545454,22,22,0,0,1,1
manha_2,387,cw13,1,43.92,95.0,106.66,22,37,59.45945945945946,4.848181818181818,22,22,0,0,1,1
manha_2,387,multi,2,70.42,146.0,171.02,22,37,59.45945945945946,7.773636363636364,16,16,0,0,0,0
manha_2,388,cw1,1,48.62,101.0,118.08,28,37,75.67567567567568,4.217142857142857,26,26,0,0,1,2
manha_2,388,cw13,1,48.52,103.0,117.84,28,37,75.67567567567568,4.208571428571429,26,26,0,0,1,2
manha_2,388,multi,2,59.82,128.0,145.28,28,37,75.67567567567568,5.188571428571429,24,24,0,0,0,1
manha_2,389,cw1,1,48.62,101.0,118.08,28,37,75.67567567567568,4.217142857142857,25,25,0,0,1,2
manha_2,389,cw13,1,48.52,103.0,117.84,28,37,75.67567567567568,4.208571428571429,25,25,0,0,1,2
manha_2,389,multi,2,59.82,128.0,145.28,28,37,75.67567567567568,5.188571428571429,21,21,0,0,0,1
manha_2,390,cw1,1,48.52,101.0,117.84,28,37,75.67567567567568,4.208571428571429,26,26,0,0,1,2
manha_2,390,cw13,1,48.42,103.0,117.59,28,37,75.67567567567568,4.199642857142857,26,26,0,0,1,2
manha_2,390,multi,2,73.82,151.0,179.28,28,37,75.67567567567568,6.402857142857143,24,24,0,0,0,1
manha_2,391,cw1,1,48.52,101.0,117.84,26,37,70.27027027027027,4.532307692307692,24,24,0,0,1,2
manha_2,391,cw13,1,48.42,103.0,117.59,26,37,70.27027027027027,4.522692307692308,24,24,0,0,1,2
manha_2,391,multi,2,69.02,140.0,167.62,26,37,70.27027027027027,6.446923076923077,22,22,0,0,0,0
manha_2,392,cw1,1,44.02,93.0,106.91,28,37,75.67567567567568,3.818214285714286,28,28,0,0,1,1
manha_2,392,cw13,1,43.92,95.0,106.66,28,37,75.67567567567568,3.809285714285714,28,28,0,0,1,1
manha_2,392,multi,2,60.02,132.0,145.77,28,37,75.67567567567568,5.206071428571429,24,24,0,0,0,0
manha_2,393,cw1,1,44.02,93.0,106.91,20,37,54.054054054054056,5.3454999999999995,20,20,0,0,1,1
manha_2,393,cw13,1,43.92,95.0,106.66,20,37,54.054054054054056,5.333,20,20,0,0,1,1
manha_2,393,multi,2,57.12,122.0,138.72,20,37,54.054054054054056,6.936,16,16,0,0,0,0
manha_2,394,cw1,1,48.62,101.0,118.08,23,37,62.16216216216216,5.133913043478261,22,22,0,0,1,2
manha_2,394,cw13,1,48.52,103.0,117.84,23,37,62.16216216216216,5.1234782608695655,22,22,0,0,1,2
manha_2,394,multi,2,79.52,164.0,193.12,23,37,62.16216216216216,8.396521739130435,18,18,0,0,0,1
manha_2,395,cw1,1,38.62,85.0,93.79,26,37,70.27027027027027,3.6073076923076925,24,35,0,0,0,2
manha_2,395,cw13,1,42.22,97.0,102.54,26,37,70.27027027027027,3.9438461538461542,25,35,0,0,1,2
manha_2,395,multi,1,39.42,87.0,95.74,26,37,70.27027027027027,3.6823076923076923,25,25,0,0,0,1
manha_2,396,cw1,1,48.0,101.0,116.57,26,37,70.27027027027027,4.483461538461539,26,26,0,0,1,2
manha_2,396,cw13,1,47.5,102.0,115.36,26,37,70.27027027027027,4.436923076923077,26,26,0,0,1,2
manha_2,396,multi,2,57.5,127.0,139.65,26,37,70.27027027027027,5.371153846153846,23,23,0,0,0,1
manha_2,397,cw1,1,48.62,101.0,118.08,27,37,72.97297297297297,4.373333333333333,26,26,0,0,1,2
manha_2,397,cw13,1,48.52,103.0,117.84,27,37,72.97297297297297,4.364444444444445,26,26,0,0,1,2
manha_2,397,multi,2,80.32,164.0,195.07,27,37,72.97297297297297,7.224814814814814,21,21,0,0,0,1
manha_2,398,cw1,1,38.52,85.0,93.55,30,37,81.08108108108108,3.118333333333333,27,42,0,0,0,2
manha_2,398,cw13,1,38.52,85.0,93.55,30,37,81.08108108108108,3.118333333333333,27,42,0,0,0,2
manha_2,398,multi,2,66.42,142.0,161.31,30,37,81.08108108108108,5.377,25,25,0,0,0,1
manha_2,399,cw1,1,48.52,101.0,117.84,30,37,81.08108108108108,3.928,29,29,0,0,1,2
manha_2,399,cw13,1,48.42,103.0,117.59,30,37,81.08108108108108,3.9196666666666666,29,29,0,0,1,2
manha_2,399,multi,2,78.32,162.0,190.21,30,37,81.08108108108108,6.340333333333334,23,23,0,0,0,1
tarde_1,0,cw1,2,141.79,327.0,344.35,84,91,92.3076923076923,4.099404761904762,43,82,0,7,2,9
tarde_1,0,cw13,2,139.97,319.0,339.93,84,91,92.3076923076923,4.046785714285714,42,82,0,6,2,10
tarde_1,0,multi,4,169.4,372.0,411.41,44,91,48.35164835164835,9.350227272727274,20,20,0,0,2,3
tarde_1,1,cw1,2,132.92,300.0,322.81,84,91,92.3076923076923,3.8429761904761905,40,44,0,4,2,8
tarde_1,1,cw13,2,132.92,300.0,322.81,84,91,92.3076923076923,3.8429761904761905,40,44,0,4,2,8
tarde_1,1,multi,3,116.5,255.0,282.93,47,91,51.64835164835165,6.019787234042553,25,25,0,0,1,1
tarde_1,2,cw1,2,133.19,307.0,323.47,84,91,92.3076923076923,3.8508333333333336,41,75,0,5,2,8
tarde_1,2,cw13,2,132.77,303.0,322.45,84,91,92.3076923076923,3.838690476190476,41,75,0,5,2,8
tarde_1,2,multi,3,121.92,267.0,296.09,50,91,54.94505494505494,5.921799999999999,27,27,0,0,1,2
tarde_1,3,cw1,2,129.57,298.0,314.68,85,91,93.4065934065934,3.7021176470588237,40,40,0,4,2,6
tarde_1,3,cw13,2,127.37,290.0,309.33,85,91,93.4065934065934,3.639176470588235,41,78,0,5,2,8
tarde_1,3,multi,3,117.3,251.0,284.88,48,91,52.747252747252745,5.935,27,27,0,0,0,2
tarde_1,4,cw1,2,125.85,285.0,305.64,88,91,96.7032967032967,3.473181818181818,47,47,0,11,2,7
tarde_1,4,cw13,2,125.85,285.0,305.64,88,91,96.7032967032967,3.473181818181818,47,47,0,11,2,7
tarde_1,4,multi,3,101.8,227.0,247.23,42,91,46.15384615384615,5.886428571428572,26,26,0,0,1,3
tarde_1,5,cw1,2,150.85,323.0,366.36,87,91,95.6043956043956,4.211034482758621,46,46,0,10,2,7
tarde_1,5,cw13,2,127.77,280.0,310.3,87,91,95.6043956043956,3.566666666666667,46,46,0,10,2,7
tarde_1,5,multi,3,119.52,260.0,290.26,41,91,45.05494505494506,7.079512195121951,16,16,0,0,0,8
tarde_1,6,cw1,2,135.19,312.0,328.32,85,91,93.4065934065934,3.8625882352941177,47,87,0,11,2,9
tarde_1,6,cw13,2,130.97,301.0,318.08,85,91,93.4065934065934,3.7421176470588233,46,86,0,11,2,9
tarde_1,6,multi,3,101.42,231.0,246.31,45,91,49.45054945054945,5.4735555555555555,22,22,0,0,1,3
tarde_1,7,cw1,2,134.34,308.0,326.26,84,91,92.3076923076923,3.8840476190476187,37,68,0,1,2,7
tarde_1,7,cw13,2,132.52,300.0,321.84,84,91,92.3076923076923,3.831428571428571,36,68,0,0,2,8
tarde_1,7,multi,4,134.02,297.0,325.48,52,91,57.142857142857146,6.259230769230769,25,25,0,0,0,1
tarde_1,8,cw1,2,125.29,280.0,304.28,85,91,93.4065934065934,3.5797647058823525,48,87,0,12,2,5
tarde_1,8,cw13,2,124.97,279.0,303.5,85,91,93.4065934065934,3.570588235294118,46,87,0,10,2,5
tarde_1,8,multi,3,111.82,243.0,271.57,44,91,48.35164835164835,6.172045454545454,18,18,0,0,0,1
tarde_1,9,cw1,2,123.25,277.0,299.33,83,91,91.20879120879121,3.6063855421686744,46,46,0,10,2,6
tarde_1,9,cw13,2,122.45,273.0,297.38,83,91,91.20879120879121,3.5828915662650602,48,48,0,12,2,7
tarde_1,9,multi,3,101.4,231.0,246.26,38,91,41.75824175824176,6.480526315789473,21,21,0,0,1,1
tarde_1,10,cw1,2,134.32,308.0,326.21,81,91,89.01098901098901,4.027283950617283,45,45,0,9,2,6
tarde_1,10,cw13,2,133.02,304.0,323.05,81,91,89.01098901098901,3.9882716049382716,45,85,0,9,2,6
tarde_1,10,multi,3,118.42,266.0,287.6,41,91,45.05494505494506,7.014634146341464,17,17,0,0,2,9
tarde_1,11,cw1,2,126.35,284.0,306.85,83,91,91.20879120879121,3.696987951807229,42,81,0,6,2,8
tarde_1,11,cw13,2,126.35,284.0,306.85,83,91,91.20879120879121,3.696987951807229,42,81,0,6,2,8
tarde_1,11,multi,3,101.9,240.0,247.47,44,91,48.35164835164835,5.6243181818181816,24,24,0,0,0,1
tarde_1,12,cw1,2,125.22,285.0,304.11,86,91,94.50549450549451,3.5361627906976745,40,41,0,4,2,7
tarde_1,12,cw13,2,122.12,278.0,296.58,86,91,94.50549450549451,3.4486046511627904,40,78,0,4,2,8
tarde_1,12,multi,4,135.12,311.0,328.15,48,91,52.747252747252745,6.836458333333333,24,24,0,0,1,2
tarde_1,13,cw1,2,131.17,295.0,318.56,80,91,87.91208791208791,3.982,48,48,0,12,2,7
tarde_1,13,cw13,2,127.77,283.0,310.3,80,91,87.91208791208791,3.87875,48,48,0,12,2,7
tarde_1,13,multi,3,106.52,235.0,258.7,33,91,36.26373626373626,7.839393939393939,16,16,0,0,1,2
tarde_1,14,cw1,2,130.94,298.0,318.0,87,91,95.6043956043956,3.6551724137931036,44,85,0,8,2,6
tarde_1,14,cw13,2,127.42,284.0,309.45,87,91,95.6043956043956,3.556896551724138,43,85,0,7,2,7
tarde_1,14,multi,3,114.82,253.0,278.85,45,91,49.45054945054945,6.196666666666667,32,32,0,0,1,1
tarde_1,15,cw1,2,134.19,310.0,325.9,86,91,94.50549450549451,3.78953488372093,43,82,0,7,2,8
tarde_1,15,cw13,2,132.97,303.0,322.93,86,91,94.50549450549451,3.755,42,82,0,6,2,8
tarde_1,15,multi,3,121.22,280.0,294.39,46,91,50.54945054945055,6.399782608695652,23,23,0,0,3,8
tarde_1,16,cw1,2,118.94,268.0,288.86,83,91,91.20879120879121,3.480240963855422,42,76,0,6,2,6
tarde_1,16,cw13,2,117.22,265.0,284.68,83,91,91.20879120879121,3.429879518072289,39,76,0,3,2,7
tarde_1,16,multi,3,129.9,270.0,315.48,46,91,50.54945054945055,6.858260869565218,24,24,0,0,0,2
tarde_1,17,cw1,2,123.39,274.0,299.66,85,91,93.4065934065934,3.5254117647058827,42,79,0,6,2,6
tarde_1,17,cw13,2,123.07,273.0,298.88,85,91,93.4065934065934,3.516235294117647,40,79,0,4,2,6
tarde_1,17,multi,3,95.92,218.0,232.95,46,91,50.54945054945055,5.064130434782609,28,28,0,0,0,1
tarde_1,18,cw1,2,126.94,295.0,308.29,85,91,93.4065934065934,3.6269411764705883,42,77,0,6,2,8
tarde_1,18,cw13,2,125.72,288.0,305.32,85,91,93.4065934065934,3.592,40,77,0,4,2,8
tarde_1,18,multi,3,85.02,201.0,206.48,48,91,52.747252747252745,4.301666666666667,30,30,0,0,1,2
tarde_1,19,cw1,3,140.14,315.0,340.35,81,91,89.01098901098901,4.201851851851852,32,58,0,0,2,3
tarde_1,19,cw13,3,138.92,308.0,337.39,81,91,89.01098901098901,4.165308641975308,31,58,0,0,2,4
tarde_1,19,multi,4,163.82,354.0,397.86,81,91,89.01098901098901,4.911851851851852,27,27,0,0,0,1
tarde_1,20,cw1,2,133.45,299.0,324.1,86,91,94.50549450549451,3.768604651162791,45,45,0,9,2,7
tarde_1,20,cw13,2,132.65,298.0,322.16,86,91,94.50549450549451,3.7460465116279074,45,89,0,9,2,9
tarde_1,20,multi,3,122.4,283.0,297.27,42,91,46.15384615384615,7.077857142857143,20,20,0,0,2,8
tarde_1,21,cw1,2,136.69,310.0,331.96,86,91,94.50549450549451,3.86,48,89,0,12,2,8
tarde_1,21,cw13,2,135.37,310.0,328.76,86,91,94.50549450549451,3.8227906976744186,46,89,0,10,2,8
tarde_1,21,multi,3,128.72,281.0,312.6,43,91,47.252747252747255,7.269767441860465,18,18,0,0,1,6
tarde_1,22,cw1,2,126.57,281.0,307.38,83,91,91.20879120879121,3.7033734939759038,41,43,0,5,2,8
tarde_1,22,cw13,2,123.77,275.0,300.59,83,91,91.20879120879121,3.6215662650602405,43,82,0,7,2,9
tarde_1,22,multi,3,116.72,258.0,283.47,44,91,48.35164835164835,6.442500000000001,25,25,0,0,0,1
tarde_1,23,cw1,2,126.15,297.0,306.36,76,91,83.51648351648352,4.031052631578947,42,72,0,6,2,9
tarde_1,23,cw13,2,126.15,297.0,306.36,76,91,83.51648351648352,4.031052631578947,42,72,0,6,2,9
tarde_1,23,multi,3,111.8,250.0,271.52,46,91,50.54945054945055,5.902608695652174,25,25,0,0,0,1
tarde_1,24,cw1,2,129.49,301.0,314.48,87,91,95.6043956043956,3.614712643678161,44,84,0,8,2,8
tarde_1,24,cw13,2,125.77,287.0,305.44,87,91,95.6043956043956,3.5108045977011493,46,87,0,10,2,9
tarde_1,24,multi,3,115.62,265.0,280.79,46,91,50.54945054945055,6.1041304347826095,20,20,0,0,1,2
tarde_1,25,cw1,2,133.09,290.0,323.22,83,91,91.20879120879121,3.89421686746988,44,80,0,8,2,9
tarde_1,25,cw13,2,132.77,289.0,322.45,83,91,91.20879120879121,3.8849397590361443,43,80,0,7,2,9
tarde_1,25,multi,3,107.42,237.0,260.88,49,91,53.84615384615385,5.324081632653061,25,25,0,0,0,0
tarde_1,26,cw1,2,135.89,320.0,330.02,89,91,97.8021978021978,3.7080898876404493,43,82,0,7,2,8
tarde_1,26,cw13,2,130.57,302.0,317.1,89,91,97.8021978021978,3.562921348314607,42,82,0,6,2,8
tarde_1,26,multi,3,129.64,297.0,314.85,49,91,53.84615384615385,6.425510204081633,23,23,0,0,3,10
tarde_1,27,cw1,2,135.92,311.0,330.1,83,91,91.20879120879121,3.97710843373494,42,42,0,6,2,8
tarde_1,27,cw13,2,133.32,301.0,323.78,83,91,91.20879120879121,3.9009638554216863,42,42,0,6,2,8
tarde_1,27,multi,3,123.02,272.0,298.77,44,91,48.35164835164835,6.790227272727273,25,25,0,0,2,9
tarde_1,28,cw1,2,135.17,307.0,328.28,86,91,94.50549450549451,3.817209302325581,47,47,0,11,2,5
tarde_1,28,cw13,2,134.27,301.0,326.09,86,91,94.50549450549451,3.7917441860465115,47,47,0,11,2,5
tarde_1,28,multi,3,117.92,261.0,286.38,40,91,43.956043956043956,7.1594999999999995,19,19,0,0,1,2
tarde_1,29,cw1,2,124.17,276.0,301.56,80,91,87.91208791208791,3.7695,38,72,0,2,2,9
tarde_1,29,cw13,2,123.97,279.0,301.08,80,91,87.91208791208791,3.7634999999999996,38,72,0,2,2,9
tarde_1,29,multi,3,110.62,256.0,268.66,46,91,50.54945054945055,5.840434782608696,25,25,0,0,1,2
tarde_1,30,cw1,2,133.94,308.0,325.29,83,91,91.20879120879121,3.9191566265060245,44,82,0,8,2,9
tarde_1,30,cw13,2,131.12,299.0,318.44,83,91,91.20879120879121,3.8366265060240963,44,82,0,8,2,9
tarde_1,30,multi,3,117.82,268.0,286.13,45,91,49.45054945054945,6.358444444444444,22,22,0,0,1,7
tarde_1,31,cw1,2,124.74,293.0,302.94,83,91,91.20879120879121,3.649879518072289,40,77,0,4,2,7
tarde_1,31,cw13,2,124.22,291.0,301.68,83,91,91.20879120879121,3.634698795180723,39,77,0,3,2,7
tarde_1,31,multi,3,90.92,212.0,220.81,45,91,49.45054945054945,4.906888888888889,23,23,0,0,0,1
tarde_1,32,cw1,2,135.87,306.0,329.97,87,91,95.6043956043956,3.7927586206896553,44,44,0,8,2,6
tarde_1,32,cw13,2,134.67,305.0,327.06,87,91,95.6043956043956,3.759310344827586,44,86,0,8,2,8
tarde_1,32,multi,3,126.72,283.0,307.75,45,91,49.45054945054945,6.838888888888889,22,22,0,0,3,7
tarde_1,33,cw1,2,149.3,329.0,362.59,82,91,90.10989010989012,4.421829268292683,47,47,0,11,2,6
tarde_1,33,cw13,2,131.42,289.0,319.17,82,91,90.10989010989012,3.892317073170732,47,47,0,11,2,6
tarde_1,33,multi,3,97.62,219.0,237.09,35,91,38.46153846153846,6.774,16,16,0,0,0,0
tarde_1,34,cw1,2,127.04,286.0,308.53,79,91,86.81318681318682,3.9054430379746834,46,83,0,10,2,8
tarde_1,34,cw13,2,126.62,282.0,307.51,79,91,86.81318681318682,3.89253164556962,45,83,0,9,2,8
tarde_1,34,multi,3,121.12,278.0,294.16,41,91,45.05494505494506,7.1746341463414645,19,19,0,0,2,1
tarde_1,35,cw1,2,129.85,298.0,315.35,85,91,93.4065934065934,3.7100000000000004,47,47,0,11,2,7
tarde_1,35,cw13,2,129.35,293.0,314.14,85,91,93.4065934065934,3.6957647058823526,47,92,0,11,2,9
tarde_1,35,multi,3,113.5,257.0,275.64,40,91,43.956043956043956,6.891,22,22,0,0,0,1
tarde_1,36,cw1,2,132.09,296.0,320.79,83,91,91.20879120879121,3.8649397590361447,45,77,0,9,2,8
tarde_1,36,cw13,2,129.07,287.0,313.46,83,91,91.20879120879121,3.776626506024096,44,80,0,8,2,10
tarde_1,36,multi,3,118.02,265.0,286.63,50,91,54.94505494505494,5.7326,26,26,0,0,1,2
tarde_1,37,cw1,2,130.65,298.0,317.29,84,91,92.3076923076923,3.777261904761905,45,45,0,9,2,8
tarde_1,37,cw13,2,128.85,293.0,312.92,84,91,92.3076923076923,3.7252380952380952,46,88,0,10,2,9
tarde_1,37,multi,3,83.7,202.0,203.27,42,91,46.15384615384615,4.839761904761905,20,20,0,0,0,2
tarde_1,38,cw1,2,127.25,280.0,309.04,84,91,92.3076923076923,3.679047619047619,49,49,1,13,2,5
tarde_1,38,cw13,2,124.95,277.0,303.45,84,91,92.3076923076923,3.6125,49,49,1,13,2,5
tarde_1,38,multi,3,95.7,224.0,232.42,35,91,38.46153846153846,6.640571428571429,22,22,0,0,1,2
tarde_1,39,cw1,2,125.67,289.0,305.2,80,91,87.91208791208791,3.815,37,74,0,1,2,6
tarde_1,39,cw13,2,118.77,277.0,288.45,80,91,87.91208791208791,3.605625,42,79,0,6,2,5
tarde_1,39,multi,3,98.22,225.0,238.54,43,91,47.252747252747255,5.547441860465116,25,25,0,0,1,2
tarde_1,40,cw1,2,131.19,297.0,318.61,83,91,91.20879120879121,3.838674698795181,42,77,0,6,2,6
tarde_1,40,cw13,2,127.87,283.0,310.55,83,91,91.20879120879121,3.741566265060241,40,77,0,4,2,6
tarde_1,40,multi,3,95.64,227.0,232.27,46,91,50.54945054945055,5.049347826086957,23,23,0,0,0,2
tarde_1,41,cw1,2,135.09,302.0,328.08,86,91,94.50549450549451,3.8148837209302324,44,74,0,8,2,7
tarde_1,41,cw13,2,133.87,295.0,325.12,86,91,94.50549450549451,3.78046511627907,40,74,0,4,2,7
tarde_1,41,multi,3,135.82,295.0,329.86,52,91,57.142857142857146,6.343461538461539,25,25,0,0,2,8
tarde_1,42,cw1,2,132.37,294.0,321.48,87,91,95.6043956043956,3.6951724137931037,44,49,0,8,2,8
tarde_1,42,cw13,2,130.87,293.0,317.83,87,91,95.6043956043956,3.6532183908045974,47,47,0,11,2,10
tarde_1,42,multi,3,120.32,269.0,292.22,46,91,50.54945054945055,6.352608695652174,20,20,0,0,2,9
tarde_1,43,cw1,2,131.57,306.0,319.53,86,91,94.50549450549451,3.7154651162790695,43,80,0,7,2,9
tarde_1,43,cw13,2,130.17,300.0,316.13,86,91,94.50549450549451,3.6759302325581396,43,80,0,7,2,9
tarde_1,43,multi,3,123.52,275.0,299.98,49,91,53.84615384615385,6.122040816326531,21,21,0,0,1,14
tarde_1,44,cw1,2,137.42,310.0,333.74,86,91,94.50549450549451,3.8806976744186046,44,44,0,8,2,6
tarde_1,44,cw13,2,136.12,304.0,330.58,86,91,94.50549450549451,3.843953488372093,44,86,0,8,2,8
tarde_1,44,multi,3,130.22,284.0,316.26,44,91,48.35164835164835,7.1877272727272725,20,20,0,0,1,8
tarde_1,45,cw1,2,130.49,299.0,316.9,81,91,89.01098901098901,3.912345679012345,48,92,0,12,2,7
tarde_1,45,cw13,2,128.97,295.0,313.22,81,91,89.01098901098901,3.866913580246914,47,92,0,11,2,7
tarde_1,45,multi,3,108.12,239.0,262.58,36,91,39.56043956043956,7.293888888888889,19,19,0,0,0,3
tarde_1,46,cw1,2,132.67,304.0,322.2,82,91,90.10989010989012,3.9292682926829268,46,46,0,10,2,5
tarde_1,46,cw13,2,129.57,290.0,314.67,82,91,90.10989010989012,3.8374390243902443,46,46,0,10,2,5
tarde_1,46,multi,3,117.92,258.0,286.39,38,91,41.75824175824176,7.536578947368421,25,25,0,0,0,1
tarde_1,47,cw1,2,127.17,290.0,308.84,87,91,95.6043956043956,3.549885057471264,48,48,0,12,2,5
tarde_1,47,cw13,2,126.77,289.0,307.87,87,91,95.6043956043956,3.5387356321839083,48,48,0,12,2,5
tarde_1,47,multi,3,107.4,246.0,260.83,44,91,48.35164835164835,5.927954545454545,26,26,0,0,0,2
tarde_1,48,cw1,2,134.99,311.0,327.84,85,91,93.4065934065934,3.856941176470588,48,92,0,12,2,7
tarde_1,48,cw13,2,134.47,305.0,326.57,85,91,93.4065934065934,3.842,47,92,0,11,2,7
tarde_1,48,multi,2,91.12,197.0,221.29,40,91,43.956043956043956,5.5322499999999994,23,39,0,0,1,11
tarde_1,49,cw1,2,134.67,302.0,327.06,86,91,94.50549450549451,3.8030232558139536,44,44,0,8,2,7
tarde_1,49,cw13,2,133.27,296.0,323.66,86,91,94.50549450549451,3.7634883720930237,44,44,0,8,2,7
tarde_1,49,multi,3,119.0,271.0,289.0,45,91,49.45054945054945,6.4222222222222225,22,22,0,0,2,11
tarde_1,50,cw1,2,140.54,315.0,341.31,86,91,94.50549450549451,3.9687209302325583,48,93,0,12,2,7
tarde_1,50,cw13,2,139.12,314.0,337.87,86,91,94.50549450549451,3.9287209302325583,47,93,0,11,2,8
tarde_1,50,multi,3,101.64,244.0,246.85,40,91,43.956043956043956,6.17125,20,20,0,0,0,3
tarde_1,51,cw1,2,123.89,284.0,300.88,83,91,91.20879120879121,3.6250602409638555,44,81,0,8,2,7
tarde_1,51,cw13,2,124.17,280.0,301.55,83,91,91.20879120879121,3.633132530120482,41,80,0,5,2,6
tarde_1,51,multi,3,91.22,205.0,221.54,44,91,48.35164835164835,5.035,25,25,0,0,0,2
tarde_1,52,cw1,2,150.8,326.0,366.23,86,91,94.50549450549451,4.258488372093024,48,48,0,12,2,4
tarde_1,52,cw13,2,126.82,274.0,308.0,86,91,94.50549450549451,3.5813953488372094,48,48,0,12,2,5
tarde_1,52,multi,3,111.12,257.0,269.87,39,91,42.857142857142854,6.9197435897435895,20,20,0,0,1,0
tarde_1,53,cw1,2,134.29,298.0,326.14,85,91,93.4065934065934,3.836941176470588,42,79,0,6,2,7
tarde_1,53,cw13,2,132.77,295.0,322.45,85,91,93.4065934065934,3.793529411764706,40,79,0,4,2,8
tarde_1,53,multi,3,118.02,265.0,286.62,46,91,50.54945054945055,6.230869565217391,27,27,0,0,1,2
tarde_1,54,cw1,2,129.47,292.0,314.43,82,91,90.10989010989012,3.834512195121951,45,45,0,9,2,8
tarde_1,54,cw13,2,127.37,287.0,309.33,82,91,90.10989010989012,3.7723170731707314,47,90,0,11,2,10
tarde_1,54,multi,3,117.8,259.0,286.09,39,91,42.857142857142854,7.335641025641025,20,20,0,0,0,1
tarde_1,55,cw1,2,116.89,263.0,283.88,81,91,89.01098901098901,3.5046913580246914,45,82,0,9,2,9
tarde_1,55,cw13,2,116.57,262.0,283.11,81,91,89.01098901098901,3.495185185185185,45,82,0,9,2,9
tarde_1,55,multi,3,98.02,218.0,238.05,44,91,48.35164835164835,5.410227272727273,26,26,0,0,0,1
tarde_1,56,cw1,3,144.37,317.0,350.62,86,91,94.50549450549451,4.076976744186046,35,35,0,0,2,3
tarde_1,56,cw13,3,143.57,316.0,348.68,86,91,94.50549450549451,4.054418604651163,35,66,0,0,2,5
tarde_1,56,multi,3,99.22,219.0,240.96,55,91,60.43956043956044,4.38109090909091,29,29,0,0,0,2
tarde_1,57,cw1,2,130.39,287.0,316.67,85,91,93.4065934065934,3.725529411764706,42,79,0,6,2,6
tarde_1,57,cw13,2,129.97,283.0,315.64,85,91,93.4065934065934,3.7134117647058824,40,79,0,4,2,6
tarde_1,57,multi,3,93.74,221.0,227.66,46,91,50.54945054945055,4.949130434782608,24,24,0,0,1,1
tarde_1,58,cw1,2,129.19,294.0,313.75,87,91,95.6043956043956,3.6063218390804597,46,82,0,10,2,7
tarde_1,58,cw13,2,128.87,293.0,312.97,87,91,95.6043956043956,3.5973563218390807,43,82,0,7,2,7
tarde_1,58,multi,3,120.02,274.0,291.47,48,91,52.747252747252745,6.0722916666666675,19,27,0,0,2,14
tarde_1,59,cw1,2,121.47,265.0,295.0,82,91,90.10989010989012,3.597560975609756,47,47,0,11,2,5
tarde_1,59,cw13,2,121.47,266.0,295.0,82,91,90.10989010989012,3.597560975609756,47,47,0,11,2,5
tarde_1,59,multi,3,85.32,193.0,207.2,38,91,41.75824175824176,5.4526315789473685,23,23,0,0,0,2
tarde_1,60,cw1,2,140.24,321.0,340.58,86,91,94.50549450549451,3.9602325581395346,48,82,0,12,2,9
tarde_1,60,cw13,2,139.92,320.0,339.81,86,91,94.50549450549451,3.951279069767442,42,82,0,6,2,9
tarde_1,60,multi,4,135.5,291.0,329.07,46,91,50.54945054945055,7.153695652173913,18,18,0,0,1,2
tarde_1,61,cw1,2,143.47,334.0,348.43,81,91,89.01098901098901,4.301604938271605,41,41,0,5,2,8
tarde_1,61,cw13,2,140.87,323.0,342.11,81,91,89.01098901098901,4.22358024691358,41,41,0,5,2,6
tarde_1,61,multi,3,127.62,282.0,309.94,44,91,48.35164835164835,7.044090909090909,22,22,0,0,3,7
tarde_1,62,cw1,2,138.59,308.0,336.58,82,91,90.10989010989012,4.104634146341463,42,80,0,6,2,9
tarde_1,62,cw13,2,136.87,305.0,332.4,82,91,90.10989010989012,4.053658536585366,41,80,0,5,2,10
tarde_1,62,multi,3,116.12,258.0,282.01,43,91,47.252747252747255,6.558372093023255,20,20,0,0,0,2
tarde_1,63,cw1,2,126.89,294.0,308.16,84,91,92.3076923076923,3.668571428571429,43,77,0,7,2,7
tarde_1,63,cw13,2,124.77,288.0,303.01,84,91,92.3076923076923,3.607261904761905,42,79,0,6,2,8
tarde_1,63,multi,3,123.32,266.0,299.5,47,91,51.64835164835165,6.372340425531915,22,22,0,0,0,6
tarde_1,64,cw1,2,135.89,300.0,330.02,82,91,90.10989010989012,4.024634146341463,45,83,0,9,2,7
tarde_1,64,cw13,2,134.17,297.0,325.84,82,91,90.10989010989012,3.9736585365853654,44,83,0,8,2,8
tarde_1,64,multi,3,119.42,269.0,290.02,43,91,47.252747252747255,6.7446511627906975,23,23,0,0,1,5
tarde_1,65,cw1,2,131.59,300.0,319.58,89,91,97.8021978021978,3.5907865168539326,48,90,0,12,2,8
tarde_1,65,cw13,2,131.27,299.0,318.8,89,91,97.8021978021978,3.5820224719101126,46,90,0,10,2,8
tarde_1,65,multi,3,95.92,220.0,232.95,45,91,49.45054945054945,5.176666666666667,20,20,0,0,0,1
tarde_1,66,cw1,2,128.1,281.0,311.1,86,91,94.50549450549451,3.6174418604651164,53,53,1,17,2,5
tarde_1,66,cw13,2,127.3,278.0,309.16,86,91,94.50549450549451,3.5948837209302327,53,53,1,17,2,5
tarde_1,66,multi,3,81.3,192.0,197.44,33,91,36.26373626373626,5.983030303030303,16,16,0,0,0,1
tarde_1,67,cw1,2,128.84,300.0,312.9,86,91,94.50549450549451,3.6383720930232557,43,79,0,7,2,9
tarde_1,67,cw13,2,126.52,291.0,307.26,86,91,94.50549450549451,3.5727906976744186,43,81,0,7,2,10
tarde_1,67,multi,3,106.92,244.0,259.67,48,91,52.747252747252745,5.409791666666667,24,24,0,0,1,15
tarde_1,68,cw1,2,133.19,295.0,323.47,81,91,89.01098901098901,3.993456790123457,41,78,0,5,2,7
tarde_1,68,cw13,2,131.67,292.0,319.77,81,91,89.01098901098901,3.9477777777777776,40,78,0,4,2,8
tarde_1,68,multi,3,120.22,265.0,291.97,43,91,47.252747252747255,6.790000000000001,20,20,0,0,1,2
tarde_1,69,cw1,2,124.89,276.0,303.31,86,91,94.50549450549451,3.526860465116279,46,86,0,10,2,7
tarde_1,69,cw13,2,123.47,272.0,299.85,86,91,94.50549450549451,3.4866279069767443,45,87,0,9,2,7
tarde_1,69,multi,3,99.92,228.0,242.67,44,91,48.35164835164835,5.515227272727272,21,21,0,0,1,1
tarde_1,70,cw1,2,129.74,290.0,315.08,80,91,87.91208791208791,3.9385,47,81,0,11,2,6
tarde_1,70,cw13,2,129.12,287.0,313.58,80,91,87.91208791208791,3.9197499999999996,45,81,0,9,2,6
tarde_1,70,multi,3,104.82,223.0,254.57,44,91,48.35164835164835,5.785681818181818,25,25,0,0,0,2
tarde_1,71,cw1,2,130.49,300.0,316.91,87,91,95.6043956043956,3.64264367816092,41,79,0,5,2,8
tarde_1,71,cw13,2,128.67,292.0,312.49,87,91,95.6043956043956,3.59183908045977,40,79,0,4,2,9
tarde_1,71,multi,3,91.32,208.0,221.77,48,91,52.747252747252745,4.620208333333333,27,27,0,0,1,2
tarde_1,72,cw1,2,129.54,296.0,314.6,84,91,92.3076923076923,3.7452380952380957,44,83,0,8,2,8
tarde_1,72,cw13,2,127.22,287.0,308.97,84,91,92.3076923076923,3.678214285714286,47,87,0,11,2,10
tarde_1,72,multi,4,125.62,290.0,305.07,44,91,48.35164835164835,6.933409090909091,18,18,0,0,1,2
tarde_1,73,cw1,2,132.32,305.0,321.35,87,91,95.6043956043956,3.6936781609195406,41,42,0,5,2,7
tarde_1,73,cw13,2,131.42,300.0,319.17,87,91,95.6043956043956,3.6686206896551727,41,78,0,5,2,9
tarde_1,73,multi,3,119.42,269.0,290.03,50,91,54.94505494505494,5.800599999999999,25,25,0,0,1,10
tarde_1,74,cw1,2,128.64,293.0,312.41,82,91,90.10989010989012,3.809878048780488,43,80,0,7,2,6
tarde_1,74,cw13,2,124.92,279.0,303.38,82,91,90.10989010989012,3.6997560975609756,44,82,0,8,2,8
tarde_1,74,multi,3,118.32,266.0,287.35,44,91,48.35164835164835,6.530681818181819,18,18,0,0,1,7
tarde_1,75,cw1,2,142.77,319.0,346.73,86,91,94.50549450549451,4.031744186046512,42,47,0,6,2,7
tarde_1,75,cw13,2,140.07,308.0,340.18,86,91,94.50549450549451,3.9555813953488372,39,75,0,3,2,7
tarde_1,75,multi,3,133.72,297.0,324.75,50,91,54.94505494505494,6.495,23,23,0,0,3,7
tarde_1,76,cw1,2,135.39,295.0,328.81,85,91,93.4065934065934,3.8683529411764708,48,88,0,12,2,8
tarde_1,76,cw13,2,134.27,293.0,326.08,85,91,93.4065934065934,3.836235294117647,47,88,0,11,2,8
tarde_1,76,multi,3,104.02,232.0,252.63,44,91,48.35164835164835,5.741590909090909,20,20,0,0,1,3
tarde_1,77,cw1,2,132.47,301.0,321.72,81,91,89.01098901098901,3.971851851851852,38,76,0,2,2,7
tarde_1,77,cw13,2,125.57,289.0,304.96,81,91,89.01098901098901,3.764938271604938,39,77,0,5,2,7
tarde_1,77,multi,3,115.12,258.0,279.58,43,91,47.252747252747255,6.501860465116279,22,22,0,0,0,1
tarde_1,78,cw1,2,125.45,290.0,304.67,86,91,94.50549450549451,3.5426744186046513,47,86,0,11,2,8
tarde_1,78,cw13,2,121.55,280.0,295.2,86,91,94.50549450549451,3.4325581395348834,44,83,0,8,2,8
tarde_1,78,multi,3,89.2,207.0,216.63,47,91,51.64835164835165,4.609148936170213,28,28,0,0,1,2
tarde_1,79,cw1,2,137.62,307.0,334.22,83,91,91.20879120879121,4.026746987951808,44,44,0,8,2,7
tarde_1,79,cw13,2,134.22,295.0,325.96,83,91,91.20879120879121,3.9272289156626505,44,44,0,8,2,7
tarde_1,79,multi,3,122.92,266.0,298.53,39,91,42.857142857142854,7.654615384615384,16,16,0,0,1,2
tarde_1,80,cw1,2,128.79,289.0,312.78,81,91,89.01098901098901,3.8614814814814813,48,91,0,12,2,7
tarde_1,80,cw13,2,128.47,288.0,312.0,81,91,89.01098901098901,3.8518518518518516,47,91,0,11,2,7
tarde_1,80,multi,3,121.22,272.0,294.4,37,91,40.65934065934066,7.956756756756756,20,20,0,0,1,2
tarde_1,81,cw1,2,137.04,305.0,332.81,89,91,97.8021978021978,3.7394382022471913,44,79,0,8,2,8
tarde_1,81,cw13,2,135.92,303.0,330.09,89,91,97.8021978021978,3.7088764044943816,41,79,0,5,2,9
tarde_1,81,multi,3,123.02,274.0,298.77,51,91,56.043956043956044,5.858235294117646,25,25,0,0,2,3
tarde_1,82,cw1,2,141.74,326.0,344.23,73,91,80.21978021978022,4.715479452054795,41,69,0,5,2,7
tarde_1,82,cw13,2,138.72,314.0,336.9,73,91,80.21978021978022,4.615068493150685,35,67,0,0,2,6
tarde_1,82,multi,3,115.12,255.0,279.58,41,91,45.05494505494506,6.819024390243902,19,19,0,0,0,7
tarde_1,83,cw1,2,126.12,289.0,306.29,82,91,90.10989010989012,3.7352439024390245,36,36,0,0,2,8
tarde_1,83,cw13,2,124.72,288.0,302.89,82,91,90.10989010989012,3.6937804878048777,36,69,0,0,2,10
tarde_1,83,multi,3,121.3,266.0,294.59,49,91,53.84615384615385,6.01204081632653,29,29,0,0,0,6
tarde_1,84,cw1,2,140.77,311.0,341.87,85,91,93.4065934065934,4.022,48,48,0,12,2,6
tarde_1,84,cw13,2,132.17,296.0,320.99,85,91,93.4065934065934,3.7763529411764707,46,88,0,10,2,7
tarde_1,84,multi,3,124.32,268.0,301.93,43,91,47.252747252747255,7.021627906976744,25,25,0,0,1,1
tarde_1,85,cw1,2,120.24,274.0,292.01,78,91,85.71428571428571,3.7437179487179484,40,71,0,4,2,7
tarde_1,85,cw13,2,119.92,273.0,291.23,78,91,85.71428571428571,3.733717948717949,39,71,0,3,2,7
tarde_1,85,multi,3,87.62,195.0,212.8,46,91,50.54945054945055,4.626086956521739,25,25,0,0,0,1
tarde_1,86,cw1,2,133.59,297.0,324.44,88,91,96.7032967032967,3.686818181818182,48,91,0,12,2,8
tarde_1,86,cw13,2,132.07,296.0,320.74,88,91,96.7032967032967,3.6447727272727275,46,91,0,10,2,8
tarde_1,86,multi,3,121.92,275.0,296.1,43,91,47.252747252747255,6.8860465116279075,22,22,0,0,2,8
tarde_1,87,cw1,2,121.04,275.0,293.96,81,91,89.01098901098901,3.6291358024691354,38,73,0,2,2,7
tarde_1,87,cw13,2,119.52,272.0,290.27,81,91,89.01098901098901,3.5835802469135802,37,73,0,1,2,8
tarde_1,87,multi,3,90.72,219.0,220.32,45,91,49.45054945054945,4.896,28,28,0,0,1,3
tarde_1,88,cw1,2,128.35,288.0,311.71,89,91,97.8021978021978,3.5023595505617977,47,47,0,11,2,8
tarde_1,88,cw13,2,127.75,287.0,310.25,89,91,97.8021978021978,3.485955056179775,47,47,0,11,2,8
tarde_1,88,multi,3,107.1,244.0,260.1,42,91,46.15384615384615,6.192857142857143,26,26,0,0,0,1
tarde_1,89,cw1,2,119.84,271.0,291.05,84,91,92.3076923076923,3.4648809523809527,46,82,0,10,2,9
tarde_1,89,cw13,2,119.52,270.0,290.27,84,91,92.3076923076923,3.455595238095238,45,82,0,9,2,9
tarde_1,89,multi,3,113.12,244.0,274.73,47,91,51.64835164835165,5.845319148936171,27,27,0,0,0,0
tarde_1,90,cw1,2,125.4,282.0,304.55,81,91,89.01098901098901,3.759876543209877,41,43,0,5,2,7
tarde_1,90,cw13,2,117.5,268.0,285.36,81,91,89.01098901098901,3.5229629629629633,44,84,0,8,2,7
tarde_1,90,multi,3,96.3,221.0,233.88,41,91,45.05494505494506,5.704390243902439,18,18,0,0,0,1
tarde_1,91,cw1,2,136.92,318.0,332.52,83,91,91.20879120879121,4.006265060240963,43,43,0,7,2,8
tarde_1,91,cw13,2,134.22,307.0,325.96,83,91,91.20879120879121,3.9272289156626505,39,39,0,3,2,7
tarde_1,91,multi,3,119.22,268.0,289.54,47,91,51.64835164835165,6.160425531914894,30,30,0,0,1,2
tarde_1,92,cw1,2,135.89,304.0,330.03,79,91,86.81318681318682,4.177594936708861,46,86,0,10,2,8
tarde_1,92,cw13,2,133.07,295.0,323.17,79,91,86.81318681318682,4.090759493670887,45,86,0,9,2,8
tarde_1,92,multi,4,160.9,352.0,390.77,38,91,41.75824175824176,10.283421052631578,20,20,0,0,1,3
tarde_1,93,cw1,2,128.1,297.0,311.1,80,91,87.91208791208791,3.8887500000000004,43,81,0,7,2,9
tarde_1,93,cw13,2,128.0,294.0,310.86,80,91,87.91208791208791,3.8857500000000003,43,81,0,7,2,9
tarde_1,93,multi,3,113.2,261.0,274.92,42,91,46.15384615384615,6.545714285714286,20,20,0,0,1,3
tarde_1,94,cw1,2,142.07,322.0,345.03,85,91,93.4065934065934,4.059176470588235,46,46,0,10,2,7
tarde_1,94,cw13,2,139.47,310.0,338.71,85,91,93.4065934065934,3.9848235294117647,46,87,0,10,2,6
tarde_1,94,multi,3,128.62,284.0,312.37,44,91,48.35164835164835,7.099318181818182,20,20,0,0,1,10
tarde_1,95,cw1,2,142.52,330.0,346.12,82,91,90.10989010989012,4.220975609756097,48,48,0,12,2,10
tarde_1,95,cw13,2,142.52,330.0,346.12,82,91,90.10989010989012,4.220975609756097,48,48,0,12,2,10
tarde_1,95,multi,4,160.8,356.0,390.52,37,91,40.65934065934066,10.554594594594594,18,18,0,0,1,2
tarde_1,96,cw1,2,128.57,286.0,312.25,81,91,89.01098901098901,3.8549382716049383,46,46,0,10,2,8
tarde_1,96,cw13,2,128.47,284.0,312.0,81,91,89.01098901098901,3.8518518518518516,46,46,0,10,2,8
tarde_1,96,multi,3,113.22,252.0,274.97,43,91,47.252747252747255,6.394651162790698,23,23,0,0,0,1
tarde_1,97,cw1,2,132.24,297.0,321.16,87,91,95.6043956043956,3.6914942528735635,44,78,0,8,2,8
tarde_1,97,cw13,2,128.72,283.0,312.61,87,91,95.6043956043956,3.593218390804598,41,78,0,5,2,9
tarde_1,97,multi,4,143.6,311.0,348.75,50,91,54.94505494505494,6.975,25,25,0,0,1,1
tarde_1,98,cw1,2,129.57,287.0,314.68,80,91,87.91208791208791,3.9335,44,44,0,8,2,7
tarde_1,98,cw13,2,128.37,286.0,311.75,80,91,87.91208791208791,3.896875,44,85,0,8,2,9
tarde_1,98,multi,3,97.92,213.0,237.81,39,91,42.857142857142854,6.0976923076923075,18,18,0,0,0,1
tarde_1,99,cw1,2,131.69,301.0,319.82,84,91,92.3076923076923,3.807380952380952,45,86,0,9,2,8
tarde_1,99,cw13,2,129.37,292.0,314.18,84,91,92.3076923076923,3.7402380952380954,47,89,0,11,2,9
tarde_1,99,multi,3,116.52,265.0,282.99,42,91,46.15384615384615,6.737857142857143,22,22,0,0,1,2
tarde_1,100,cw1,2,128.84,293.0,312.9,86,91,94.50549450549451,3.6383720930232557,43,75,0,7,2,8
tarde_1,100,cw13,2,125.22,284.0,304.11,86,91,94.50549450549451,3.5361627906976745,43,77,0,7,2,9
tarde_1,100,multi,3,124.72,267.0,302.9,52,91,57.142857142857146,5.824999999999999,26,26,0,0,1,1
tarde_1,101,cw1,2,135.32,314.0,328.64,84,91,92.3076923076923,3.912380952380952,38,69,0,2,2,8
tarde_1,101,cw13,2,133.92,308.0,325.24,84,91,92.3076923076923,3.871904761904762,38,69,0,2,2,8
tarde_1,101,multi,4,129.1,277.0,313.53,53,91,58.24175824175824,5.91566037735849,29,29,0,0,1,2
tarde_1,102,cw1,2,132.64,299.0,322.13,86,91,94.50549450549451,3.745697674418605,48,88,0,12,2,7
tarde_1,102,cw13,2,131.62,297.0,319.65,86,91,94.50549450549451,3.716860465116279,47,88,0,11,2,7
tarde_1,102,multi,3,110.82,244.0,269.14,45,91,49.45054945054945,5.980888888888889,18,18,0,0,0,1
tarde_1,103,cw1,3,150.84,338.0,366.33,85,91,93.4065934065934,4.309764705882353,36,69,0,0,2,3
tarde_1,103,cw13,3,149.62,331.0,363.37,85,91,93.4065934065934,4.2749411764705885,35,69,0,0,2,4
tarde_1,103,multi,4,128.52,293.0,312.13,51,91,56.043956043956044,6.1201960784313725,24,24,0,0,0,1
tarde_1,104,cw1,2,133.89,300.0,325.16,86,91,94.50549450549451,3.78093023255814,40,70,0,4,2,7
tarde_1,104,cw13,2,130.47,291.0,316.86,86,91,94.50549450549451,3.684418604651163,38,70,0,2,2,8
tarde_1,104,multi,3,118.62,266.0,288.08,54,91,59.34065934065934,5.3348148148148145,26,26,0,0,1,6
tarde_1,105,cw1,2,123.95,275.0,301.02,85,91,93.4065934065934,3.5414117647058823,48,48,0,12,2,6
tarde_1,105,cw13,2,123.55,275.0,300.05,85,91,93.4065934065934,3.5300000000000002,48,48,0,12,2,6
tarde_1,105,multi,3,99.1,219.0,240.68,40,91,43.956043956043956,6.017,23,23,0,0,0,1
tarde_1,106,cw1,2,132.39,299.0,321.52,86,91,94.50549450549451,3.7386046511627904,43,82,0,7,2,7
tarde_1,106,cw13,2,130.77,291.0,317.59,86,91,94.50549450549451,3.6929069767441858,42,82,0,6,2,8
tarde_1,106,multi,3,117.02,260.0,284.2,46,91,50.54945054945055,6.178260869565217,25,25,0,0,1,6
tarde_1,107,cw1,2,122.77,275.0,298.16,82,91,90.10989010989012,3.63609756097561,45,45,0,9,2,4
tarde_1,107,cw13,2,120.17,268.0,291.84,82,91,90.10989010989012,3.559024390243902,46,46,0,10,2,5
tarde_1,107,multi,3,116.7,258.0,283.41,41,91,45.05494505494506,6.9124390243902445,24,24,0,0,0,0
tarde_1,108,cw1,2,122.69,283.0,297.97,82,91,90.10989010989012,3.6337804878048785,37,67,0,1,2,8
tarde_1,108,cw13,2,117.97,270.0,286.5,82,91,90.10989010989012,3.4939024390243905,35,67,0,0,2,7
tarde_1,108,multi,3,118.32,265.0,287.35,50,91,54.94505494505494,5.747000000000001,23,23,0,0,0,1
tarde_1,109,cw1,2,137.09,306.0,332.94,84,91,92.3076923076923,3.9635714285714285,48,86,0,12,2,9
tarde_1,109,cw13,2,134.77,304.0,327.3,84,91,92.3076923076923,3.8964285714285714,44,83,0,8,2,10
tarde_1,109,multi,4,129.82,289.0,315.28,45,91,49.45054945054945,7.006222222222221,19,19,0,0,0,1
tarde_1,110,cw1,2,130.4,292.0,316.68,80,91,87.91208791208791,3.9585,48,48,0,12,2,5
tarde_1,110,cw13,2,130.4,292.0,316.68,80,91,87.91208791208791,3.9585,48,48,0,12,2,5
tarde_1,110,multi,2,71.6,166.0,173.89,33,91,36.26373626373626,5.269393939393939,26,26,0,0,0,4
tarde_1,111,cw1,2,128.89,294.0,313.02,83,91,91.20879120879121,3.771325301204819,44,80,0,8,2,7
tarde_1,111,cw13,2,122.07,276.0,296.46,83,91,91.20879120879121,3.5718072289156626,45,82,0,9,2,6
tarde_1,111,multi,4,135.12,301.0,328.16,46,91,50.54945054945055,7.133913043478262,26,26,0,0,0,1
tarde_1,112,cw1,2,132.49,307.0,321.77,82,91,90.10989010989012,3.9240243902439023,40,72,0,4,2,8
tarde_1,112,cw13,2,128.97,293.0,313.22,82,91,90.10989010989012,3.819756097560976,37,72,0,1,2,9
tarde_1,112,multi,4,158.42,341.0,384.74,47,91,51.64835164835165,8.18595744680851,20,20,0,0,0,1
tarde_1,113,cw1,2,132.34,307.0,321.4,86,91,94.50549450549451,3.737209302325581,48,92,0,12,2,8
tarde_1,113,cw13,2,131.52,305.0,319.41,86,91,94.50549450549451,3.7140697674418606,47,92,0,11,2,8
tarde_1,113,multi,2,73.42,168.0,178.31,41,91,45.05494505494506,4.349024390243902,22,22,0,0,0,1
tarde_1,114,cw1,2,132.52,300.0,321.83,83,91,91.20879120879121,3.877469879518072,42,42,0,6,2,5
tarde_1,114,cw13,2,131.02,294.0,318.19,83,91,91.20879120879121,3.833614457831325,42,81,0,6,2,7
tarde_1,114,multi,3,110.3,243.0,267.88,44,91,48.35164835164835,6.088181818181818,26,26,0,0,0,2
tarde_1,115,cw1,2,126.34,276.0,306.82,84,91,92.3076923076923,3.6526190476190474,47,88,0,11,2,6
tarde_1,115,cw13,2,124.02,271.0,301.2,84,91,92.3076923076923,3.5857142857142854,45,88,0,9,2,6
tarde_1,115,multi,3,101.92,229.0,247.53,41,91,45.05494505494506,6.0373170731707315,21,21,0,0,1,0
tarde_1,116,cw1,2,133.72,302.0,324.75,89,91,97.8021978021978,3.648876404494382,46,92,0,10,2,8
tarde_1,116,cw13,2,133.32,301.0,323.78,89,91,97.8021978021978,3.637977528089887,46,92,0,10,2,8
tarde_1,116,multi,3,115.32,258.0,280.08,43,91,47.252747252747255,6.513488372093023,20,20,0,0,1,2
tarde_1,117,cw1,2,136.99,313.0,332.69,88,91,96.7032967032967,3.780568181818182,47,88,0,11,2,9
tarde_1,117,cw13,2,130.87,293.0,317.83,88,91,96.7032967032967,3.611704545454545,47,89,0,11,2,9
tarde_1,117,multi,3,117.22,257.0,284.69,46,91,50.54945054945055,6.18891304347826,28,28,0,0,1,2
tarde_1,118,cw1,2,135.02,309.0,327.9,86,91,94.50549450549451,3.8127906976744184,37,73,0,1,2,7
tarde_1,118,cw13,2,128.12,297.0,311.15,86,91,94.50549450549451,3.618023255813953,44,80,0,8,2,6
tarde_1,118,multi,3,119.12,262.0,289.3,50,91,54.94505494505494,5.7860000000000005,27,27,0,0,0,12
tarde_1,119,cw1,2,132.19,296.0,321.04,83,91,91.20879120879121,3.867951807228916,44,80,0,8,2,8
tarde_1,119,cw13,2,128.57,287.0,312.24,83,91,91.20879120879121,3.7619277108433735,46,83,0,10,2,9
tarde_1,119,multi,3,122.52,272.0,297.55,46,91,50.54945054945055,6.468478260869565,24,24,0,0,1,2
tarde_1,120,cw1,2,127.69,290.0,310.11,87,91,95.6043956043956,3.5644827586206898,46,81,0,10,2,8
tarde_1,120,cw13,2,127.37,289.0,309.33,87,91,95.6043956043956,3.5555172413793104,44,81,0,8,2,8
tarde_1,120,multi,3,114.62,252.0,278.36,51,91,56.043956043956044,5.4580392156862745,27,27,0,0,2,2
tarde_1,121,cw1,2,125.49,284.0,304.76,81,91,89.01098901098901,3.762469135802469,46,89,0,10,2,8
tarde_1,121,cw13,2,123.67,281.0,300.35,81,91,89.01098901098901,3.708024691358025,47,91,0,11,2,9
tarde_1,121,multi,3,100.12,234.0,243.15,37,91,40.65934065934066,6.571621621621622,23,23,0,0,1,2
tarde_1,122,cw1,2,125.19,285.0,304.03,84,91,92.3076923076923,3.619404761904762,48,87,0,12,2,7
tarde_1,122,cw13,2,124.27,283.0,301.8,84,91,92.3076923076923,3.592857142857143,44,87,0,8,2,7
tarde_1,122,multi,3,110.12,239.0,267.45,41,91,45.05494505494506,6.523170731707316,16,16,0,0,0,0
tarde_1,123,cw1,2,133.49,302.0,324.2,81,91,89.01098901098901,4.002469135802469,40,76,0,4,2,8
tarde_1,123,cw13,2,131.97,299.0,320.5,81,91,89.01098901098901,3.95679012345679,39,76,0,3,2,8
tarde_1,123,multi,4,137.02,309.0,332.77,44,91,48.35164835164835,7.562954545454545,22,22,0,0,1,2
tarde_1,124,cw1,2,122.22,280.0,296.82,81,91,89.01098901098901,3.6644444444444444,44,87,0,8,2,7
tarde_1,124,cw13,2,122.02,277.0,296.34,81,91,89.01098901098901,3.6585185185185183,44,87,0,8,2,7
tarde_1,124,multi,2,90.32,192.0,219.35,38,91,41.75824175824176,5.772368421052631,26,26,0,0,1,13
tarde_1,125,cw1,2,130.37,297.0,316.62,84,91,92.3076923076923,3.769285714285714,45,89,0,9,2,6
tarde_1,125,cw13,2,128.67,291.0,312.49,84,91,92.3076923076923,3.7201190476190478,45,89,0,9,2,6
tarde_1,125,multi,2,88.74,198.0,215.51,40,91,43.956043956043956,5.38775,21,21,0,0,2,17
tarde_1,126,cw1,2,133.49,295.0,324.19,85,91,93.4065934065934,3.814,43,80,0,7,2,8
tarde_1,126,cw13,2,131.87,290.0,320.26,85,91,93.4065934065934,3.7677647058823527,41,80,0,5,2,8
tarde_1,126,multi,3,119.52,264.0,290.27,46,91,50.54945054945055,6.310217391304348,26,26,0,0,1,6
tarde_1,127,cw1,2,124.25,279.0,301.75,85,91,93.4065934065934,3.55,44,84,0,8,2,8
tarde_1,127,cw13,2,124.25,279.0,301.75,85,91,93.4065934065934,3.55,44,84,0,8,2,8
tarde_1,127,multi,3,116.1,260.0,281.96,45,91,49.45054945054945,6.265777777777777,22,22,0,0,1,2
tarde_1,128,cw1,2,132.84,303.0,322.61,87,91,95.6043956043956,3.70816091954023,45,85,0,9,2,7
tarde_1,128,cw13,2,131.12,300.0,318.44,87,91,95.6043956043956,3.660229885057471,43,85,0,7,2,8
tarde_1,128,multi,3,115.12,271.0,279.58,45,91,49.45054945054945,6.212888888888888,21,21,0,0,1,11
tarde_1,129,cw1,2,134.29,304.0,326.14,84,91,92.3076923076923,3.8826190476190474,42,79,0,6,2,7
tarde_1,129,cw13,2,132.47,296.0,321.72,84,91,92.3076923076923,3.8300000000000005,41,79,0,5,2,8
tarde_1,129,multi,3,122.72,279.0,298.05,46,91,50.54945054945055,6.479347826086957,22,22,0,0,2,11
tarde_1,130,cw1,2,131.79,303.0,320.07,84,91,92.3076923076923,3.8103571428571428,48,89,0,12,2,8
tarde_1,130,cw13,2,130.77,301.0,317.59,84,91,92.3076923076923,3.780833333333333,46,89,0,10,2,8
tarde_1,130,multi,3,126.72,279.0,307.76,41,91,45.05494505494506,7.506341463414634,20,20,0,0,1,7
tarde_1,131,cw1,2,121.82,275.0,295.85,82,91,90.10989010989012,3.607926829268293,43,43,0,7,2,7
tarde_1,131,cw13,2,120.32,269.0,292.21,82,91,90.10989010989012,3.5635365853658536,43,82,0,7,2,9
tarde_1,131,multi,3,118.4,265.0,287.54,43,91,47.252747252747255,6.686976744186047,23,23,0,0,0,7
tarde_1,132,cw1,2,127.79,289.0,310.35,81,91,89.01098901098901,3.831481481481482,47,80,0,11,2,9
tarde_1,132,cw13,2,127.47,288.0,309.57,81,91,89.01098901098901,3.821851851851852,44,80,0,8,2,9
tarde_1,132,multi,3,113.12,250.0,274.72,45,91,49.45054945054945,6.1048888888888895,25,25,0,0,0,1
tarde_1,133,cw1,2,136.99,314.0,332.7,84,91,92.3076923076923,3.9607142857142854,38,67,0,2,2,9
tarde_1,133,cw13,2,134.37,306.0,326.33,84,91,92.3076923076923,3.884880952380952,34,67,0,0,2,9
tarde_1,133,multi,3,124.52,283.0,302.41,51,91,56.043956043956044,5.929607843137255,26,26,0,0,2,8
tarde_1,134,cw1,2,130.84,303.0,317.75,86,91,94.50549450549451,3.6947674418604652,42,74,0,6,2,8
tarde_1,134,cw13,2,128.02,297.0,310.91,86,91,94.50549450549451,3.6152325581395353,42,76,0,6,2,8
tarde_1,134,multi,3,110.1,240.0,267.39,52,91,57.142857142857146,5.142115384615384,27,27,0,0,0,3
tarde_1,135,cw1,2,129.84,300.0,315.33,82,91,90.10989010989012,3.8454878048780485,42,78,0,6,2,8
tarde_1,135,cw13,2,128.62,293.0,312.36,82,91,90.10989010989012,3.809268292682927,41,78,0,5,2,9
tarde_1,135,multi,3,111.62,250.0,271.09,45,91,49.45054945054945,6.024222222222222,23,23,0,0,0,1
tarde_1,136,cw1,2,136.72,293.0,332.04,88,91,96.7032967032967,3.7731818181818184,43,43,0,7,2,7
tarde_1,136,cw13,2,135.32,292.0,328.64,88,91,96.7032967032967,3.7345454545454544,43,83,0,7,2,9
tarde_1,136,multi,3,126.22,276.0,306.53,48,91,52.747252747252745,6.386041666666666,23,23,0,0,2,12
tarde_1,137,cw1,2,140.85,311.0,342.07,82,91,90.10989010989012,4.171585365853659,53,53,1,17,2,5
tarde_1,137,cw13,2,139.95,312.0,339.88,82,91,90.10989010989012,4.1448780487804875,53,53,1,17,2,5
tarde_1,137,multi,3,108.2,254.0,262.77,29,91,31.86813186813187,9.06103448275862,14,14,0,0,0,1
tarde_1,138,cw1,2,131.97,302.0,320.5,81,91,89.01098901098901,3.95679012345679,47,47,0,11,2,8
tarde_1,138,cw13,2,135.17,300.0,328.27,81,91,89.01098901098901,4.052716049382716,48,48,0,12,2,9
tarde_1,138,multi,3,106.22,243.0,257.97,40,91,43.956043956043956,6.449250000000001,19,19,0,0,0,1
tarde_1,139,cw1,2,115.19,264.0,279.75,82,91,90.10989010989012,3.4115853658536586,47,85,0,11,2,10
tarde_1,139,cw13,2,114.77,260.0,278.73,82,91,90.10989010989012,3.399146341463415,47,85,0,11,2,10
tarde_1,139,multi,3,120.72,265.0,293.18,44,91,48.35164835164835,6.663181818181818,24,24,0,0,1,2
tarde_1,140,cw1,2,141.77,314.0,344.3,86,91,94.50549450549451,4.003488372093023,47,47,0,11,2,8
tarde_1,140,cw13,2,139.87,313.0,339.68,86,91,94.50549450549451,3.949767441860465,47,47,0,11,2,8
tarde_1,140,multi,3,119.92,271.0,291.24,40,91,43.956043956043956,7.281000000000001,20,22,0,0,2,12
tarde_1,141,cw1,2,129.19,294.0,313.75,87,91,95.6043956043956,3.6063218390804597,46,88,0,10,2,8
tarde_1,141,cw13,2,127.97,287.0,310.79,87,91,95.6043956043956,3.572298850574713,45,88,0,9,2,9
tarde_1,141,multi,3,118.92,258.0,288.81,44,91,48.35164835164835,6.563863636363636,22,22,0,0,0,1
tarde_1,142,cw1,2,132.89,305.0,322.74,86,91,94.50549450549451,3.7527906976744188,48,88,0,12,2,7
tarde_1,142,cw13,2,131.97,303.0,320.5,86,91,94.50549450549451,3.7267441860465116,46,88,0,10,2,7
tarde_1,142,multi,3,119.22,260.0,289.54,44,91,48.35164835164835,6.580454545454546,23,23,0,0,0,8
tarde_1,143,cw1,2,154.25,338.0,374.61,84,91,92.3076923076923,4.459642857142858,46,46,0,10,2,7
tarde_1,143,cw13,2,140.37,314.0,340.9,84,91,92.3076923076923,4.058333333333333,47,93,0,11,2,9
tarde_1,143,multi,3,114.62,261.0,278.36,38,91,41.75824175824176,7.325263157894737,19,19,0,0,1,7
tarde_1,144,cw1,2,129.52,290.0,314.55,84,91,92.3076923076923,3.7446428571428574,39,74,0,3,2,6
tarde_1,144,cw13,2,129.52,290.0,314.55,84,91,92.3076923076923,3.7446428571428574,39,74,0,3,2,6
tarde_1,144,multi,3,100.12,227.0,243.15,49,91,53.84615384615385,4.9622448979591836,29,29,0,0,0,1
tarde_1,145,cw1,2,125.79,291.0,305.49,82,91,90.10989010989012,3.725487804878049,44,81,0,8,2,7
tarde_1,145,cw13,2,124.67,287.0,302.77,82,91,90.10989010989012,3.6923170731707313,44,81,0,8,2,7
tarde_1,145,multi,3,113.02,254.0,274.48,45,91,49.45054945054945,6.099555555555556,21,21,0,0,1,4
tarde_1,146,cw1,2,125.14,287.0,303.92,84,91,92.3076923076923,3.6180952380952385,48,82,0,12,2,9
tarde_1,146,cw13,2,124.72,283.0,302.89,84,91,92.3076923076923,3.605833333333333,45,82,0,9,2,9
tarde_1,146,multi,3,110.02,248.0,267.19,47,91,51.64835164835165,5.6848936170212765,22,22,0,0,0,9
tarde_1,147,cw1,2,133.67,302.0,324.63,82,91,90.10989010989012,3.9589024390243903,45,45,0,9,2,6
tarde_1,147,cw13,2,131.77,296.0,320.02,82,91,90.10989010989012,3.902682926829268,45,45,0,9,2,6
tarde_1,147,multi,3,127.82,275.0,310.42,39,91,42.857142857142854,7.95948717948718,16,30,0,0,1,11
tarde_1,148,cw1,2,129.07,296.0,313.46,84,91,92.3076923076923,3.7316666666666665,41,41,0,5,2,7
tarde_1,148,cw13,2,122.07,277.0,296.46,84,91,92.3076923076923,3.529285714285714,47,48,0,11,2,10
tarde_1,148,multi,3,116.6,257.0,283.18,44,91,48.35164835164835,6.4359090909090915,25,25,0,0,1,4
tarde_1,149,cw1,2,135.42,313.0,328.88,85,91,93.4065934065934,3.8691764705882354,42,47,0,6,2,8
tarde_1,149,cw13,2,131.02,295.0,318.2,85,91,93.4065934065934,3.7435294117647056,41,47,0,5,2,6
tarde_1,149,multi,3,118.6,258.0,288.04,48,91,52.747252747252745,6.0008333333333335,26,26,0,0,0,5
tarde_1,150,cw1,2,129.47,277.0,314.43,83,91,91.20879120879121,3.7883132530120482,46,90,0,10,2,6
tarde_1,150,cw13,2,129.47,277.0,314.43,83,91,91.20879120879121,3.7883132530120482,46,90,0,10,2,6
tarde_1,150,multi,3,106.42,236.0,258.45,39,91,42.857142857142854,6.6269230769230765,21,21,0,0,0,0
tarde_1,151,cw1,2,130.09,287.0,315.94,87,91,95.6043956043956,3.631494252873563,48,86,0,12,2,5
tarde_1,151,cw13,2,127.27,278.0,309.09,87,91,95.6043956043956,3.552758620689655,44,86,0,8,2,5
tarde_1,151,multi,3,117.82,260.0,286.14,45,91,49.45054945054945,6.358666666666666,24,24,0,0,0,1
tarde_1,152,cw1,2,133.3,298.0,323.73,85,91,93.4065934065934,3.808588235294118,42,42,0,6,2,6
tarde_1,152,cw13,2,132.1,296.0,320.82,85,91,93.4065934065934,3.7743529411764705,42,82,0,6,2,7
tarde_1,152,multi,3,114.1,259.0,277.11,45,91,49.45054945054945,6.158,23,23,0,0,0,1
tarde_1,153,cw1,2,124.19,281.0,301.6,78,91,85.71428571428571,3.866666666666667,45,79,0,9,2,8
tarde_1,153,cw13,2,123.57,272.0,300.11,78,91,85.71428571428571,3.8475641025641028,42,79,0,6,2,8
tarde_1,153,multi,3,119.72,259.0,290.75,41,91,45.05494505494506,7.091463414634147,17,17,0,0,1,0
tarde_1,154,cw1,3,149.7,332.0,363.56,84,91,92.3076923076923,4.328095238095238,35,35,0,0,2,2
tarde_1,154,cw13,3,148.8,326.0,361.38,84,91,92.3076923076923,4.302142857142857,35,69,0,0,2,4
tarde_1,154,multi,3,104.0,240.0,252.57,50,91,54.94505494505494,5.0514,30,30,0,0,1,1
tarde_1,155,cw1,2,135.89,312.0,330.02,82,91,90.10989010989012,4.024634146341463,38,72,0,2,2,8
tarde_1,155,cw13,2,132.57,298.0,321.96,82,91,90.10989010989012,3.926341463414634,37,72,0,1,2,9
tarde_1,155,multi,3,115.12,259.0,279.57,47,91,51.64835164835165,5.948297872340425,21,21,0,0,0,10
tarde_1,156,cw1,2,137.39,319.0,333.67,83,91,91.20879120879121,4.020120481927711,42,77,0,6,2,9
tarde_1,156,cw13,2,134.47,306.0,326.57,83,91,91.20879120879121,3.934578313253012,39,75,0,3,2,8
tarde_1,156,multi,3,114.02,253.0,276.9,47,91,51.64835164835165,5.891489361702127,29,29,0,0,0,2
tarde_1,157,cw1,2,131.44,304.0,319.21,86,91,94.50549450549451,3.7117441860465115,45,81,0,9,2,8
tarde_1,157,cw13,2,129.32,292.0,314.06,86,91,94.50549450549451,3.651860465116279,44,83,0,8,2,9
tarde_1,157,multi,3,120.82,270.0,293.42,47,91,51.64835164835165,6.2429787234042555,22,22,0,0,2,2
tarde_1,158,cw1,2,125.02,276.0,303.62,83,91,91.20879120879121,3.6580722891566264,48,48,0,12,2,6
tarde_1,158,cw13,2,124.62,276.0,302.65,83,91,91.20879120879121,3.6463855421686744,48,48,0,12,2,6
tarde_1,158,multi,3,104.62,230.0,254.07,40,91,43.956043956043956,6.35175,17,17,0,0,0,0
tarde_1,159,cw1,2,154.75,338.0,375.83,88,91,96.7032967032967,4.270795454545454,47,47,0,11,2,7
tarde_1,159,cw13,2,137.17,310.0,333.13,88,91,96.7032967032967,3.785568181818182,47,47,0,11,2,7
tarde_1,159,multi,3,119.92,258.0,291.24,41,91,45.05494505494506,7.1034146341463416,24,24,0,0,0,1
tarde_1,160,cw1,2,144.14,318.0,350.06,89,91,97.8021978021978,3.933258426966292,48,90,0,12,2,8
tarde_1,160,cw13,2,134.52,307.0,326.69,89,91,97.8021978021978,3.6706741573033708,46,90,0,10,2,8
tarde_1,160,multi,3,123.42,272.0,299.74,45,91,49.45054945054945,6.6608888888888895,24,24,0,0,1,2
tarde_1,161,cw1,2,126.4,281.0,306.97,82,91,90.10989010989012,3.743536585365854,38,44,0,2,2,6
tarde_1,161,cw13,2,125.6,280.0,305.03,82,91,90.10989010989012,3.7198780487804877,38,75,0,2,2,8
tarde_1,161,multi,3,97.7,234.0,237.27,45,91,49.45054945054945,5.272666666666667,23,23,0,0,1,3
tarde_1,162,cw1,2,138.47,311.0,336.29,85,91,93.4065934065934,3.956352941176471,41,41,0,5,2,7
tarde_1,162,cw13,2,137.17,305.0,333.13,85,91,93.4065934065934,3.9191764705882353,41,80,0,5,2,9
tarde_1,162,multi,3,109.22,253.0,265.25,46,91,50.54945054945055,5.766304347826087,25,25,0,0,1,7
tarde_1,163,cw1,2,130.47,286.0,316.85,80,91,87.91208791208791,3.9606250000000003,45,45,0,9,2,6
tarde_1,163,cw13,2,128.27,281.0,311.52,80,91,87.91208791208791,3.8939999999999997,46,46,0,10,2,7
tarde_1,163,multi,3,117.92,260.0,286.39,35,91,38.46153846153846,8.182571428571428,19,19,0,0,1,3
tarde_1,164,cw1,2,132.99,297.0,322.98,84,91,92.3076923076923,3.845,46,84,0,10,2,9
tarde_1,164,cw13,2,131.47,294.0,319.29,84,91,92.3076923076923,3.801071428571429,43,84,0,7,2,10
tarde_1,164,multi,3,122.92,279.0,298.52,43,91,47.252747252747255,6.942325581395348,21,21,0,0,2,9
tarde_1,165,cw1,2,136.0,295.0,330.29,86,91,94.50549450549451,3.8405813953488375,48,48,0,12,2,5
tarde_1,165,cw13,2,122.62,266.0,297.79,86,91,94.50549450549451,3.462674418604651,48,48,0,12,2,5
tarde_1,165,multi,3,122.42,261.0,297.31,39,91,42.857142857142854,7.623333333333333,23,23,0,0,1,4
tarde_1,166,cw1,2,126.8,283.0,307.94,86,91,94.50549450549451,3.5806976744186048,42,42,0,6,2,6
tarde_1,166,cw13,2,126.5,282.0,307.21,86,91,94.50549450549451,3.572209302325581,42,42,0,6,2,6
tarde_1,166,multi,3,95.6,219.0,232.17,46,91,50.54945054945055,5.047173913043478,27,27,0,0,0,0
tarde_1,167,cw1,2,131.37,289.0,319.04,86,91,94.50549450549451,3.7097674418604654,48,48,0,12,2,5
tarde_1,167,cw13,2,128.77,280.0,312.73,86,91,94.50549450549451,3.6363953488372096,48,48,0,12,2,5
tarde_1,167,multi,2,80.22,182.0,194.82,38,91,41.75824175824176,5.126842105263158,23,23,0,0,1,13
tarde_1,168,cw1,2,123.84,283.0,300.75,80,91,87.91208791208791,3.759375,43,77,0,7,2,9
tarde_1,168,cw13,2,123.52,282.0,299.98,80,91,87.91208791208791,3.74975,42,77,0,6,2,9
tarde_1,168,multi,3,115.42,265.0,280.32,45,91,49.45054945054945,6.229333333333333,24,24,0,0,0,2
tarde_1,169,cw1,2,128.49,286.0,312.05,84,91,92.3076923076923,3.7148809523809527,40,73,0,4,2,6
tarde_1,169,cw13,2,126.67,278.0,307.63,84,91,92.3076923076923,3.6622619047619045,38,73,0,2,2,7
tarde_1,169,multi,4,137.22,298.0,333.25,49,91,53.84615384615385,6.801020408163265,21,21,0,0,0,2
tarde_1,170,cw1,2,138.37,309.0,336.05,84,91,92.3076923076923,4.000595238095238,48,48,0,12,2,7
tarde_1,170,cw13,2,134.97,300.0,327.79,84,91,92.3076923076923,3.902261904761905,48,48,0,12,2,5
tarde_1,170,multi,3,115.82,257.0,281.29,38,91,41.75824175824176,7.402368421052632,24,24,0,0,1,6
tarde_1,171,cw1,2,130.89,302.0,317.88,85,91,93.4065934065934,3.739764705882353,48,92,0,12,2,9
tarde_1,171,cw13,2,129.77,293.0,315.16,85,91,93.4065934065934,3.707764705882353,47,92,0,11,2,9
tarde_1,171,multi,3,104.82,233.0,254.57,40,91,43.956043956043956,6.36425,24,24,0,0,1,2
tarde_1,172,cw1,2,139.74,325.0,339.37,86,91,94.50549450549451,3.9461627906976746,40,72,0,4,2,9
tarde_1,172,cw13,2,136.22,311.0,330.82,86,91,94.50549450549451,3.8467441860465117,37,72,0,1,2,9
tarde_1,172,multi,4,147.92,335.0,359.25,51,91,56.043956043956044,7.044117647058823,23,23,0,0,1,2
tarde_1,173,cw1,2,136.19,316.0,330.75,84,91,92.3076923076923,3.9375,45,87,0,9,2,7
tarde_1,173,cw13,2,135.17,308.0,328.28,84,91,92.3076923076923,3.9080952380952376,44,87,0,8,2,8
tarde_1,173,multi,3,119.64,276.0,290.55,41,91,45.05494505494506,7.086585365853659,23,23,0,0,1,3
tarde_1,174,cw1,2,140.14,318.0,340.34,78,91,85.71428571428571,4.363333333333333,45,83,0,9,2,6
tarde_1,174,cw13,2,135.12,302.0,328.15,78,91,85.71428571428571,4.207051282051282,45,85,0,9,2,7
tarde_1,174,multi,3,118.82,269.0,288.57,38,91,41.75824175824176,7.593947368421053,17,17,0,0,1,1
tarde_1,175,cw1,2,122.34,284.0,297.12,78,91,85.71428571428571,3.809230769230769,43,79,0,7,2,8
tarde_1,175,cw13,2,121.92,280.0,296.09,78,91,85.71428571428571,3.7960256410256408,42,79,0,6,2,8
tarde_1,175,multi,4,135.52,297.0,329.13,41,91,45.05494505494506,8.027560975609756,16,16,0,0,1,2
tarde_1,176,cw1,2,127.34,303.0,309.26,84,91,92.3076923076923,3.6816666666666666,44,78,0,8,2,7
tarde_1,176,cw13,2,126.92,299.0,308.23,84,91,92.3076923076923,3.669404761904762,42,78,0,6,2,7
tarde_1,176,multi,3,106.92,247.0,259.67,48,91,52.747252747252745,5.409791666666667,24,24,0,0,1,6
tarde_1,177,cw1,2,135.45,309.0,328.96,90,91,98.9010989010989,3.6551111111111108,49,49,1,13,2,8
tarde_1,177,cw13,2,135.35,311.0,328.72,90,91,98.9010989010989,3.652444444444445,49,49,1,13,2,8
tarde_1,177,multi,3,109.4,253.0,265.69,41,91,45.05494505494506,6.480243902439025,20,20,0,0,1,2
tarde_1,178,cw1,2,129.8,289.0,315.23,80,91,87.91208791208791,3.9403750000000004,44,44,0,8,2,6
tarde_1,178,cw13,2,124.5,281.0,302.36,80,91,87.91208791208791,3.7795,48,48,0,12,2,7
tarde_1,178,multi,2,79.2,184.0,192.34,36,91,39.56043956043956,5.342777777777778,25,25,0,0,2,8
tarde_1,179,cw1,2,132.65,311.0,322.16,86,91,94.50549450549451,3.7460465116279074,41,41,0,5,2,7
tarde_1,179,cw13,2,129.45,298.0,314.39,86,91,94.50549450549451,3.6556976744186045,41,81,0,5,2,8
tarde_1,179,multi,3,116.5,266.0,282.94,46,91,50.54945054945055,6.150869565217391,29,29,0,0,1,3
tarde_1,180,cw1,2,130.09,296.0,315.93,85,91,93.4065934065934,3.716823529411765,46,87,0,10,2,8
tarde_1,180,cw13,2,128.97,294.0,313.21,85,91,93.4065934065934,3.6848235294117644,45,87,0,9,2,9
tarde_1,180,multi,3,122.82,275.0,298.29,43,91,47.252747252747255,6.936976744186047,23,23,0,0,1,9
tarde_1,181,cw1,2,123.05,281.0,298.84,86,91,94.50549450549451,3.474883720930232,47,47,0,11,2,6
tarde_1,181,cw13,2,120.35,270.0,292.28,86,91,94.50549450549451,3.3986046511627905,46,46,0,10,2,6
tarde_1,181,multi,3,75.6,182.0,183.6,44,91,48.35164835164835,4.172727272727273,24,24,0,0,0,0
tarde_1,182,cw1,2,136.37,312.0,331.19,83,91,91.20879120879121,3.9902409638554217,39,76,0,3,2,8
tarde_1,182,cw13,2,134.97,306.0,327.79,83,91,91.20879120879121,3.9492771084337353,39,76,0,3,2,8
tarde_1,182,multi,3,121.12,271.0,294.15,46,91,50.54945054945055,6.394565217391304,21,21,0,0,2,7
tarde_1,183,cw1,2,131.02,292.0,318.2,86,91,94.50549450549451,3.6999999999999997,47,92,0,11,2,8
tarde_1,183,cw13,2,131.02,292.0,318.2,86,91,94.50549450549451,3.6999999999999997,47,92,0,11,2,8
tarde_1,183,multi,3,117.42,265.0,285.17,41,91,45.05494505494506,6.955365853658537,22,22,0,0,0,1
tarde_1,184,cw1,2,125.25,284.0,304.18,81,91,89.01098901098901,3.755308641975309,38,44,0,2,2,8
tarde_1,184,cw13,2,122.15,276.0,296.65,81,91,89.01098901098901,3.662345679012345,38,75,0,2,2,10
tarde_1,184,multi,3,113.5,260.0,275.65,44,91,48.35164835164835,6.264772727272727,19,19,0,0,1,3
tarde_1,185,cw1,2,126.22,279.0,306.54,82,91,90.10989010989012,3.7382926829268297,40,80,0,4,2,6
tarde_1,185,cw13,2,121.02,271.0,293.91,82,91,90.10989010989012,3.584268292682927,47,87,0,11,2,7
tarde_1,185,multi,2,73.32,170.0,178.06,42,91,46.15384615384615,4.23952380952381,30,33,0,0,0,13
tarde_1,186,cw1,2,118.19,269.0,287.04,84,91,92.3076923076923,3.4171428571428573,43,83,0,7,2,6
tarde_1,186,cw13,2,117.77,265.0,286.01,84,91,92.3076923076923,3.4048809523809522,43,83,0,7,2,6
tarde_1,186,multi,3,117.52,258.0,285.41,44,91,48.35164835164835,6.48659090909091,25,25,0,0,0,1
tarde_1,187,cw1,2,132.2,299.0,321.06,84,91,92.3076923076923,3.822142857142857,46,46,0,10,2,7
tarde_1,187,cw13,2,126.4,280.0,306.97,84,91,92.3076923076923,3.6544047619047624,48,48,0,12,2,7
tarde_1,187,multi,3,94.9,222.0,230.47,40,91,43.956043956043956,5.76175,25,25,0,0,1,2
tarde_1,188,cw1,3,138.94,318.0,337.43,82,91,90.10989010989012,4.115,33,58,0,0,2,2
tarde_1,188,cw13,3,131.02,295.0,318.19,82,91,90.10989010989012,3.8803658536585366,31,58,0,0,2,6
tarde_1,188,multi,4,136.92,303.0,332.53,54,91,59.34065934065934,6.157962962962962,25,25,0,0,1,1
tarde_1,189,cw1,2,118.2,267.0,287.06,85,91,93.4065934065934,3.3771764705882354,40,43,0,4,2,5
tarde_1,189,cw13,2,116.7,260.0,283.41,85,91,93.4065934065934,3.334235294117647,40,79,0,4,2,6
tarde_1,189,multi,3,110.6,251.0,268.6,46,91,50.54945054945055,5.839130434782609,28,28,0,0,0,1
tarde_1,190,cw1,2,124.14,288.0,301.49,83,91,91.20879120879121,3.632409638554217,40,74,0,4,2,8
tarde_1,190,cw13,2,123.82,287.0,300.71,83,91,91.20879120879121,3.623012048192771,39,74,0,3,2,8
tarde_1,190,multi,3,116.22,252.0,282.26,48,91,52.747252747252745,5.880416666666666,23,23,0,0,0,1
tarde_1,191,cw1,2,128.69,281.0,312.54,82,91,90.10989010989012,3.8114634146341464,48,90,0,12,2,6
tarde_1,191,cw13,2,127.67,277.0,310.06,82,91,90.10989010989012,3.781219512195122,47,90,0,11,2,6
tarde_1,191,multi,3,93.22,207.0,226.39,39,91,42.857142857142854,5.8048717948717945,24,24,0,0,1,2
tarde_1,192,cw1,2,124.84,295.0,303.19,79,91,86.81318681318682,3.8378481012658225,42,80,0,6,2,6
tarde_1,192,cw13,2,123.72,291.0,300.46,79,91,86.81318681318682,3.803291139240506,41,80,0,5,2,6
tarde_1,192,multi,3,93.02,215.0,225.91,40,91,43.956043956043956,5.64775,23,23,0,0,2,2
tarde_1,193,cw1,2,131.67,302.0,319.77,86,91,94.50549450549451,3.7182558139534883,40,47,0,4,2,7
tarde_1,193,cw13,2,129.87,298.0,315.4,86,91,94.50549450549451,3.667441860465116,44,82,0,8,2,8
tarde_1,193,multi,3,134.82,297.0,327.43,48,91,52.747252747252745,6.821458333333333,21,21,0,0,3,6
tarde_1,194,cw1,2,126.35,284.0,306.85,85,91,93.4065934065934,3.6100000000000003,45,45,0,9,2,7
tarde_1,194,cw13,2,124.85,282.0,303.21,85,91,93.4065934065934,3.567176470588235,48,48,0,12,2,8
tarde_1,194,multi,3,104.4,238.0,253.55,43,91,47.252747252747255,5.896511627906977,25,25,0,0,1,1
tarde_1,195,cw1,2,137.37,313.0,333.61,87,91,95.6043956043956,3.8345977011494257,44,86,0,8,2,7
tarde_1,195,cw13,2,135.07,306.0,328.03,87,91,95.6043956043956,3.7704597701149423,44,86,0,8,2,7
tarde_1,195,multi,3,123.32,272.0,299.49,45,91,49.45054945054945,6.655333333333333,16,16,0,0,2,2
tarde_1,196,cw1,2,130.09,300.0,315.94,85,91,93.4065934065934,3.716941176470588,41,78,0,5,2,8
tarde_1,196,cw13,2,129.47,299.0,314.43,85,91,93.4065934065934,3.6991764705882355,40,78,0,4,2,8
tarde_1,196,multi,3,94.12,212.0,228.58,47,91,51.64835164835165,4.863404255319149,29,29,0,0,1,0
tarde_1,197,cw1,2,125.62,279.0,305.08,84,91,92.3076923076923,3.6319047619047615,38,41,0,2,2,6
tarde_1,197,cw13,2,125.02,278.0,303.63,84,91,92.3076923076923,3.614642857142857,38,41,0,2,2,6
tarde_1,197,multi,3,118.22,256.0,287.11,52,91,57.142857142857146,5.521346153846154,25,25,0,0,0,12
tarde_1,198,cw1,2,135.79,317.0,329.78,86,91,94.50549450549451,3.8346511627906974,42,77,0,6,2,9
tarde_1,198,cw13,2,132.87,304.0,322.69,86,91,94.50549450549451,3.7522093023255816,41,78,0,5,2,7
tarde_1,198,multi,3,111.62,243.0,271.09,49,91,53.84615384615385,5.532448979591837,22,22,0,0,0,0
tarde_1,199,cw1,2,124.49,282.0,302.33,81,91,89.01098901098901,3.732469135802469,38,66,0,2,2,8
tarde_1,199,cw13,2,124.17,281.0,301.55,81,91,89.01098901098901,3.7228395061728397,36,66,0,0,2,8
tarde_1,199,multi,3,108.92,242.0,264.53,51,91,56.043956043956044,5.186862745098039,22,22,0,0,1,2
tarde_1,200,cw1,2,133.19,304.0,323.47,87,91,95.6043956043956,3.7180459770114944,47,90,0,11,2,8
tarde_1,200,cw13,2,131.97,304.0,320.5,87,91,95.6043956043956,3.6839080459770117,46,90,0,10,2,8
tarde_1,200,multi,3,120.62,273.0,292.94,43,91,47.252747252747255,6.812558139534883,21,21,0,0,1,7
tarde_1,201,cw1,2,130.49,305.0,316.91,84,91,92.3076923076923,3.7727380952380956,41,77,0,5,2,7
tarde_1,201,cw13,2,130.07,301.0,315.88,84,91,92.3076923076923,3.7604761904761905,40,77,0,4,2,7
tarde_1,201,multi,3,103.62,235.0,251.65,47,91,51.64835164835165,5.354255319148936,29,29,0,0,1,0
tarde_1,202,cw1,2,134.35,302.0,326.28,85,91,93.4065934065934,3.838588235294117,44,44,0,8,2,7
tarde_1,202,cw13,2,131.45,294.0,319.24,85,91,93.4065934065934,3.755764705882353,44,87,0,8,2,9
tarde_1,202,multi,3,115.1,259.0,279.54,42,91,46.15384615384615,6.655714285714287,22,22,0,0,0,2
tarde_1,203,cw1,2,132.07,293.0,320.75,88,91,96.7032967032967,3.6448863636363638,47,47,0,11,2,6
tarde_1,203,cw13,2,130.57,285.0,317.1,88,91,96.7032967032967,3.603409090909091,47,47,0,11,2,6
tarde_1,203,multi,3,102.42,221.0,248.73,41,91,45.05494505494506,6.066585365853658,21,21,0,0,0,1
tarde_1,204,cw1,2,131.14,298.0,318.49,82,91,90.10989010989012,3.8840243902439027,47,83,0,11,2,9
tarde_1,204,cw13,2,128.32,289.0,311.64,82,91,90.10989010989012,3.8004878048780486,45,83,0,9,2,9
tarde_1,204,multi,3,112.22,253.0,272.54,44,91,48.35164835164835,6.194090909090909,23,23,0,0,0,1
tarde_1,205,cw1,2,129.92,298.0,315.52,82,91,90.10989010989012,3.8478048780487804,46,46,0,10,2,8
tarde_1,205,cw13,2,127.32,294.0,309.21,82,91,90.10989010989012,3.770853658536585,46,89,0,10,2,9
tarde_1,205,multi,3,111.1,243.0,269.82,39,91,42.857142857142854,6.918461538461538,25,25,0,0,1,2
tarde_1,206,cw1,2,128.59,289.0,312.29,82,91,90.10989010989012,3.8084146341463416,45,82,0,9,2,9
tarde_1,206,cw13,2,128.27,288.0,311.51,82,91,90.10989010989012,3.79890243902439,45,82,0,9,2,9
tarde_1,206,multi,3,105.72,231.0,256.75,45,91,49.45054945054945,5.705555555555556,23,23,0,0,0,0
tarde_1,207,cw1,2,123.84,282.0,300.75,85,91,93.4065934065934,3.538235294117647,43,83,0,7,2,7
tarde_1,207,cw13,2,122.22,279.0,296.82,85,91,93.4065934065934,3.492,44,85,0,8,2,7
tarde_1,207,multi,3,104.72,246.0,254.33,44,91,48.35164835164835,5.780227272727273,21,21,0,0,1,1
tarde_1,208,cw1,2,127.17,290.0,308.85,85,91,93.4065934065934,3.633529411764706,39,48,0,3,2,6
tarde_1,208,cw13,2,125.47,281.0,304.71,85,91,93.4065934065934,3.5848235294117643,41,48,0,5,2,7
tarde_1,208,multi,3,117.02,263.0,284.2,52,91,57.142857142857146,5.4653846153846155,26,26,0,0,1,1
tarde_1,209,cw1,3,149.14,336.0,362.21,88,91,96.7032967032967,4.116022727272727,34,59,0,0,2,3
tarde_1,209,cw13,3,146.22,328.0,355.12,88,91,96.7032967032967,4.035454545454545,31,59,0,0,2,4
tarde_1,209,multi,3,124.32,278.0,301.92,60,91,65.93406593406593,5.032,31,31,0,0,3,6
tarde_1,210,cw1,2,135.24,313.0,328.44,86,91,94.50549450549451,3.8190697674418606,45,86,0,9,2,8
tarde_1,210,cw13,2,130.72,298.0,317.47,86,91,94.50549450549451,3.691511627906977,44,86,0,8,2,8
tarde_1,210,multi,3,116.42,269.0,282.73,44,91,48.35164835164835,6.425681818181818,26,26,0,0,1,7
tarde_1,211,cw1,2,131.59,301.0,319.58,85,91,93.4065934065934,3.7597647058823527,48,85,0,12,2,8
tarde_1,211,cw13,2,131.27,300.0,318.8,85,91,93.4065934065934,3.750588235294118,46,85,0,10,2,8
tarde_1,211,multi,3,121.72,270.0,295.62,46,91,50.54945054945055,6.426521739130435,24,30,0,0,1,12
tarde_1,212,cw1,2,133.09,308.0,323.22,87,91,95.6043956043956,3.7151724137931037,46,88,0,10,2,8
tarde_1,212,cw13,2,131.87,301.0,320.25,87,91,95.6043956043956,3.6810344827586206,45,88,0,9,2,9
tarde_1,212,multi,4,131.52,300.0,319.41,44,91,48.35164835164835,7.259318181818182,26,26,0,0,1,2
tarde_1,213,cw1,2,134.59,306.0,326.86,85,91,93.4065934065934,3.8454117647058825,45,85,0,9,2,8
tarde_1,213,cw13,2,132.77,303.0,322.44,85,91,93.4065934065934,3.7934117647058825,47,88,0,11,2,10
tarde_1,213,multi,3,105.12,238.0,255.29,44,91,48.35164835164835,5.802045454545454,23,23,0,0,1,2
tarde_1,214,cw1,2,131.67,301.0,319.77,88,91,96.7032967032967,3.6337499999999996,40,79,0,4,2,8
tarde_1,214,cw13,2,129.07,291.0,313.46,88,91,96.7032967032967,3.5620454545454545,40,79,0,4,2,8
tarde_1,214,multi,3,104.22,234.0,253.12,49,91,53.84615384615385,5.1657142857142855,35,35,0,0,1,2
tarde_1,215,cw1,2,121.52,272.0,295.12,81,91,89.01098901098901,3.643456790123457,45,45,0,9,2,5
tarde_1,215,cw13,2,120.72,275.0,293.18,81,91,89.01098901098901,3.619506172839506,46,88,0,10,2,5
tarde_1,215,multi,3,95.82,208.0,232.71,39,91,42.857142857142854,5.966923076923077,24,24,0,0,0,1
tarde_1,216,cw1,2,125.24,282.0,304.16,87,91,95.6043956043956,3.496091954022989,47,91,0,11,2,8
tarde_1,216,cw13,2,124.92,281.0,303.38,87,91,95.6043956043956,3.487126436781609,46,91,0,10,2,8
tarde_1,216,multi,2,81.32,182.0,197.5,42,91,46.15384615384615,4.7023809523809526,24,24,0,0,1,2
tarde_1,217,cw1,2,125.87,283.0,305.68,84,91,92.3076923076923,3.639047619047619,45,45,0,9,2,6
tarde_1,217,cw13,2,123.57,276.0,300.1,84,91,92.3076923076923,3.572619047619048,45,45,0,9,2,6
tarde_1,217,multi,3,100.5,226.0,244.08,42,91,46.15384615384615,5.811428571428571,27,27,0,0,1,3
tarde_1,218,cw1,2,154.15,339.0,374.37,85,91,93.4065934065934,4.40435294117647,50,50,1,14,2,6
tarde_1,218,cw13,2,136.17,301.0,330.7,85,91,93.4065934065934,3.8905882352941177,50,50,1,14,2,6
tarde_1,218,multi,3,107.12,249.0,260.15,35,91,38.46153846153846,7.432857142857142,18,18,0,0,1,1
tarde_1,219,cw1,2,134.99,307.0,327.84,83,91,91.20879120879121,3.9498795180722888,41,76,0,5,2,7
tarde_1,219,cw13,2,132.37,299.0,321.47,83,91,91.20879120879121,3.873132530120482,39,76,0,3,2,7
tarde_1,219,multi,3,117.82,260.0,286.14,46,91,50.54945054945055,6.220434782608695,21,21,0,0,1,2
tarde_1,220,cw1,2,128.59,286.0,312.29,88,91,96.7032967032967,3.54875,43,79,0,7,2,6
tarde_1,220,cw13,2,125.47,278.0,304.72,88,91,96.7032967032967,3.462727272727273,44,82,0,8,2,6
tarde_1,220,multi,3,117.12,257.0,284.44,50,91,54.94505494505494,5.6888,21,21,0,0,0,2
tarde_1,221,cw1,2,127.07,285.0,308.6,81,91,89.01098901098901,3.8098765432098767,37,46,0,1,2,6
tarde_1,221,cw13,2,127.07,285.0,308.6,81,91,89.01098901098901,3.8098765432098767,37,46,0,1,2,6
tarde_1,221,multi,3,102.02,234.0,247.76,48,91,52.747252747252745,5.161666666666666,27,27,0,0,1,1
tarde_1,222,cw1,2,134.62,315.0,326.94,85,91,93.4065934065934,3.8463529411764705,45,90,0,9,2,9
tarde_1,222,cw13,2,134.62,315.0,326.94,85,91,93.4065934065934,3.8463529411764705,45,90,0,9,2,9
tarde_1,222,multi,3,109.72,243.0,266.47,40,91,43.956043956043956,6.6617500000000005,23,23,0,0,0,2
tarde_1,223,cw1,2,124.04,290.0,301.25,85,91,93.4065934065934,3.5441176470588234,43,79,0,7,2,8
tarde_1,223,cw13,2,123.72,289.0,300.47,85,91,93.4065934065934,3.5349411764705887,42,79,0,6,2,8
tarde_1,223,multi,2,74.42,176.0,180.73,48,91,52.747252747252745,3.7652083333333333,22,22,0,0,1,2
tarde_1,224,cw1,2,133.57,301.0,324.39,82,91,90.10989010989012,3.955975609756097,43,43,0,7,2,6
tarde_1,224,cw13,2,133.57,301.0,324.39,82,91,90.10989010989012,3.955975609756097,43,43,0,7,2,6
tarde_1,224,multi,3,114.1,255.0,277.1,43,91,47.252747252747255,6.4441860465116285,24,24,0,0,1,1
tarde_1,225,cw1,2,129.84,301.0,315.33,85,91,93.4065934065934,3.709764705882353,41,76,0,5,2,9
tarde_1,225,cw13,2,129.52,300.0,314.55,85,91,93.4065934065934,3.7005882352941177,40,76,0,4,2,9
tarde_1,225,multi,3,125.62,273.0,305.08,49,91,53.84615384615385,6.226122448979591,21,21,0,0,1,2
tarde_1,226,cw1,2,127.07,283.0,308.61,87,91,95.6043956043956,3.547241379310345,41,41,0,5,2,5
tarde_1,226,cw13,2,127.17,286.0,308.84,87,91,95.6043956043956,3.549885057471264,41,80,0,5,2,7
tarde_1,226,multi,3,110.82,256.0,269.14,48,91,52.747252747252745,5.607083333333333,27,27,0,0,2,1
tarde_1,227,cw1,2,124.89,286.0,303.31,81,91,89.01098901098901,3.744567901234568,43,79,0,7,2,11
tarde_1,227,cw13,2,124.47,282.0,302.28,81,91,89.01098901098901,3.7318518518518515,43,79,0,7,2,11
tarde_1,227,multi,3,106.52,242.0,258.69,45,91,49.45054945054945,5.748666666666667,30,30,0,0,0,3
tarde_1,228,cw1,2,134.47,298.0,326.58,88,91,96.7032967032967,3.7111363636363635,50,50,1,14,2,7
tarde_1,228,cw13,2,134.17,297.0,325.85,88,91,96.7032967032967,3.7028409090909093,50,50,1,14,2,7
tarde_1,228,multi,3,107.82,255.0,261.86,38,91,41.75824175824176,6.8910526315789475,18,18,0,0,1,2
tarde_1,229,cw1,2,129.24,293.0,313.87,84,91,92.3076923076923,3.7365476190476192,41,75,0,5,2,8
tarde_1,229,cw13,2,128.12,291.0,311.16,84,91,92.3076923076923,3.7042857142857146,40,75,0,4,2,9
tarde_1,229,multi,3,120.02,274.0,291.48,49,91,53.84615384615385,5.948571428571429,21,21,0,0,2,2
tarde_1,230,cw1,2,128.67,289.0,312.49,81,91,89.01098901098901,3.857901234567901,44,44,0,8,2,8
tarde_1,230,cw13,2,128.67,289.0,312.49,81,91,89.01098901098901,3.857901234567901,44,44,0,8,2,8
tarde_1,230,multi,3,102.92,232.0,249.96,41,91,45.05494505494506,6.096585365853659,24,24,0,0,1,2
tarde_1,231,cw1,2,133.14,303.0,323.35,87,91,95.6043956043956,3.716666666666667,45,86,0,9,2,8
tarde_1,231,cw13,2,132.82,300.0,322.56,87,91,95.6043956043956,3.707586206896552,46,88,0,10,2,9
tarde_1,231,multi,3,107.02,256.0,259.91,45,91,49.45054945054945,5.775777777777778,21,21,0,0,1,3
tarde_1,232,cw1,2,131.49,298.0,319.33,84,91,92.3076923076923,3.8015476190476187,42,80,0,6,2,9
tarde_1,232,cw13,2,129.77,295.0,315.16,84,91,92.3076923076923,3.751904761904762,41,80,0,5,2,10
tarde_1,232,multi,3,120.82,276.0,293.42,45,91,49.45054945054945,6.520444444444445,24,24,0,0,1,2
tarde_1,233,cw1,2,135.62,308.0,329.37,84,91,92.3076923076923,3.9210714285714285,47,47,0,11,2,8
tarde_1,233,cw13,2,133.12,300.0,323.3,84,91,92.3076923076923,3.848809523809524,47,47,0,11,2,8
tarde_1,233,multi,3,123.52,276.0,299.98,45,91,49.45054945054945,6.666222222222222,24,24,0,0,2,9
tarde_1,234,cw1,2,135.75,310.0,329.68,76,91,83.51648351648352,4.337894736842105,39,39,0,3,2,7
tarde_1,234,cw13,2,133.05,301.0,323.13,76,91,83.51648351648352,4.251710526315789,40,77,0,4,2,7
tarde_1,234,multi,3,98.4,230.0,238.98,39,91,42.857142857142854,6.127692307692308,21,21,0,0,1,0
tarde_1,235,cw1,2,138.99,321.0,337.55,86,91,94.50549450549451,3.9250000000000003,41,76,0,5,2,7
tarde_1,235,cw13,2,135.47,307.0,329.01,86,91,94.50549450549451,3.8256976744186044,39,76,0,3,2,8
tarde_1,235,multi,3,116.22,262.0,282.25,49,91,53.84615384615385,5.760204081632653,27,27,0,0,0,4
tarde_1,236,cw1,2,131.87,302.0,320.26,85,91,93.4065934065934,3.7677647058823527,44,88,0,8,2,8
tarde_1,236,cw13,2,131.57,301.0,319.53,85,91,93.4065934065934,3.759176470588235,44,88,0,8,2,8
tarde_1,236,multi,3,114.52,257.0,278.13,41,91,45.05494505494506,6.783658536585365,25,25,0,0,0,1
tarde_1,237,cw1,2,136.0,296.0,330.29,88,91,96.7032967032967,3.7532954545454547,50,50,1,14,2,7
tarde_1,237,cw13,2,131.0,287.0,318.14,88,91,96.7032967032967,3.6152272727272727,50,50,1,14,2,7
tarde_1,237,multi,3,91.5,202.0,222.22,38,91,41.75824175824176,5.847894736842105,21,21,0,0,1,2
tarde_1,238,cw1,2,128.19,284.0,311.32,81,91,89.01098901098901,3.8434567901234566,45,83,0,9,2,5
tarde_1,238,cw13,2,126.17,279.0,306.42,81,91,89.01098901098901,3.782962962962963,45,85,0,9,2,6
tarde_1,238,multi,3,123.92,267.0,300.95,41,91,45.05494505494506,7.340243902439024,22,22,0,0,0,0
tarde_1,239,cw1,2,129.24,293.0,313.87,85,91,93.4065934065934,3.6925882352941177,45,86,0,9,2,6
tarde_1,239,cw13,2,128.92,290.0,313.09,85,91,93.4065934065934,3.683411764705882,46,88,0,10,2,7
tarde_1,239,multi,3,114.92,255.0,279.09,43,91,47.252747252747255,6.490465116279069,22,22,0,0,0,8
tarde_1,240,cw1,2,110.37,250.0,268.04,83,91,91.20879120879121,3.229397590361446,38,73,0,2,2,7
tarde_1,240,cw13,2,110.37,250.0,268.04,83,91,91.20879120879121,3.229397590361446,38,73,0,2,2,7
tarde_1,240,multi,3,110.42,232.0,268.17,48,91,52.747252747252745,5.586875,24,24,0,0,0,0
tarde_1,241,cw1,2,127.29,288.0,309.14,79,91,86.81318681318682,3.913164556962025,39,71,0,3,2,8
tarde_1,241,cw13,2,126.97,287.0,308.36,79,91,86.81318681318682,3.9032911392405065,37,71,0,1,2,8
tarde_1,241,multi,3,118.02,266.0,286.62,45,91,49.45054945054945,6.3693333333333335,24,24,0,0,1,7
tarde_1,242,cw1,2,136.84,313.0,332.33,85,91,93.4065934065934,3.9097647058823526,37,68,0,1,2,9
tarde_1,242,cw13,2,134.42,307.0,326.46,85,91,93.4065934065934,3.8407058823529407,34,67,0,0,2,8
tarde_1,242,multi,3,124.22,276.0,301.68,52,91,57.142857142857146,5.8015384615384615,27,27,0,0,2,6
tarde_1,243,cw1,2,156.05,330.0,378.98,84,91,92.3076923076923,4.511666666666667,50,50,1,14,2,8
tarde_1,243,cw13,2,137.07,304.0,332.89,84,91,92.3076923076923,3.96297619047619,50,50,1,14,2,8
tarde_1,243,multi,3,108.32,239.0,263.07,34,91,37.362637362637365,7.7373529411764705,17,17,0,0,0,0
tarde_1,244,cw1,2,141.47,315.0,343.57,86,91,94.50549450549451,3.995,54,54,1,18,2,7
tarde_1,244,cw13,2,139.57,313.0,338.96,86,91,94.50549450549451,3.941395348837209,54,54,1,18,2,7
tarde_1,244,multi,3,121.0,265.0,293.86,32,91,35.16483516483517,9.183125,18,18,0,0,2,13
tarde_1,245,cw1,2,134.39,306.0,326.38,84,91,92.3076923076923,3.8854761904761905,46,87,0,10,2,8
tarde_1,245,cw13,2,129.37,290.0,314.19,84,91,92.3076923076923,3.740357142857143,46,89,0,10,2,10
tarde_1,245,multi,3,122.12,276.0,296.58,41,91,45.05494505494506,7.233658536585366,17,17,0,0,1,6
tarde_1,246,cw1,2,139.24,321.0,338.16,85,91,93.4065934065934,3.978352941176471,46,77,0,10,2,9
tarde_1,246,cw13,2,136.32,308.0,331.07,85,91,93.4065934065934,3.894941176470588,38,72,0,2,2,7
tarde_1,246,multi,3,122.32,275.0,297.06,51,91,56.043956043956044,5.824705882352942,26,26,0,0,2,12
tarde_1,247,cw1,2,147.6,319.0,358.46,83,91,91.20879120879121,4.3187951807228915,48,48,0,12,2,4
tarde_1,247,cw13,2,132.32,294.0,321.35,83,91,91.20879120879121,3.871686746987952,48,48,0,12,2,4
tarde_1,247,multi,3,93.62,206.0,227.37,35,91,38.46153846153846,6.496285714285714,19,19,0,0,1,1
tarde_1,248,cw1,2,134.77,302.0,327.3,86,91,94.50549450549451,3.8058139534883724,45,45,0,9,2,7
tarde_1,248,cw13,2,132.77,295.0,322.45,86,91,94.50549450549451,3.749418604651163,47,47,0,11,2,9
tarde_1,248,multi,4,139.52,305.0,338.85,46,91,50.54945054945055,7.3663043478260875,22,22,0,0,1,1
tarde_1,249,cw1,2,134.44,314.0,326.5,86,91,94.50549450549451,3.796511627906977,42,74,0,6,2,10
tarde_1,249,cw13,2,134.02,310.0,325.48,86,91,94.50549450549451,3.784651162790698,40,74,0,4,2,10
tarde_1,249,multi,3,122.62,276.0,297.8,52,91,57.142857142857146,5.726923076923077,25,25,0,0,2,11
tarde_1,250,cw1,2,136.89,318.0,332.45,82,91,90.10989010989012,4.054268292682926,43,77,0,7,2,9
tarde_1,250,cw13,2,133.87,306.0,325.11,82,91,90.10989010989012,3.9647560975609757,39,74,0,3,2,7
tarde_1,250,multi,2,90.54,195.0,219.88,47,91,51.64835164835165,4.678297872340425,26,43,0,0,1,13
tarde_1,251,cw1,2,133.84,303.0,325.04,85,91,93.4065934065934,3.8240000000000003,40,75,0,4,2,8
tarde_1,251,cw13,2,131.52,298.0,319.41,85,91,93.4065934065934,3.7577647058823533,42,78,0,6,2,7
tarde_1,251,multi,3,106.04,256.0,257.53,49,91,53.84615384615385,5.255714285714285,22,22,0,0,1,3
tarde_1,252,cw1,2,132.54,310.0,321.88,79,91,86.81318681318682,4.074430379746835,34,63,0,0,2,8
tarde_1,252,cw13,2,130.92,305.0,317.95,79,91,86.81318681318682,4.024683544303797,33,63,0,0,2,7
tarde_1,252,multi,3,110.12,243.0,267.44,49,91,53.84615384615385,5.457959183673469,29,29,0,0,2,2
tarde_1,253,cw1,2,118.17,266.0,286.98,86,91,94.50549450549451,3.3369767441860465,48,48,0,12,2,8
tarde_1,253,cw13,2,118.17,266.0,286.98,86,91,94.50549450549451,3.3369767441860465,48,48,0,12,2,8
tarde_1,253,multi,3,115.7,256.0,280.99,47,91,51.64835164835165,5.978510638297872,26,26,0,0,0,3
tarde_1,254,cw1,2,129.07,285.0,313.46,84,91,92.3076923076923,3.7316666666666665,44,87,0,8,2,7
tarde_1,254,cw13,2,128.87,282.0,312.98,84,91,92.3076923076923,3.725952380952381,44,87,0,8,2,7
tarde_1,254,multi,3,108.62,236.0,263.8,41,91,45.05494505494506,6.434146341463415,20,20,0,0,0,0
tarde_1,255,cw1,2,132.79,293.0,322.49,84,91,92.3076923076923,3.839166666666667,42,78,0,6,2,8
tarde_1,255,cw13,2,131.07,290.0,318.31,84,91,92.3076923076923,3.7894047619047617,40,78,0,4,2,9
tarde_1,255,multi,3,118.02,267.0,286.63,46,91,50.54945054945055,6.231086956521739,23,23,0,0,1,7
tarde_1,256,cw1,2,141.32,319.0,343.21,83,91,91.20879120879121,4.135060240963855,43,43,0,7,2,7
tarde_1,256,cw13,2,138.72,307.0,336.89,83,91,91.20879120879121,4.058915662650603,40,77,0,4,2,7
tarde_1,256,multi,3,128.8,285.0,312.81,46,91,50.54945054945055,6.800217391304348,24,24,0,0,2,9
tarde_1,257,cw1,2,136.52,304.0,331.55,85,91,93.4065934065934,3.900588235294118,45,89,0,9,2,9
tarde_1,257,cw13,2,136.02,303.0,330.34,85,91,93.4065934065934,3.88635294117647,45,89,0,9,2,9
tarde_1,257,multi,3,101.82,225.0,247.28,41,91,45.05494505494506,6.031219512195122,20,20,0,0,0,1
tarde_1,258,cw1,2,130.99,299.0,318.13,84,91,92.3076923076923,3.7872619047619045,43,80,0,7,2,9
tarde_1,258,cw13,2,130.47,295.0,316.85,84,91,92.3076923076923,3.7720238095238097,45,83,0,9,2,11
tarde_1,258,multi,3,116.92,260.0,283.95,46,91,50.54945054945055,6.172826086956522,22,22,0,0,0,6
tarde_1,259,cw1,2,140.64,312.0,341.56,86,91,94.50549450549451,3.971627906976744,46,83,0,10,2,9
tarde_1,259,cw13,2,140.32,311.0,340.78,86,91,94.50549450549451,3.9625581395348832,44,83,0,8,2,9
tarde_1,259,multi,3,111.12,248.0,269.88,47,91,51.64835164835165,5.742127659574468,25,25,0,0,0,1
tarde_1,260,cw1,2,125.69,280.0,305.25,84,91,92.3076923076923,3.6339285714285716,38,66,0,2,2,9
tarde_1,260,cw13,2,125.37,279.0,304.47,84,91,92.3076923076923,3.6246428571428573,36,66,0,0,2,9
tarde_1,260,multi,3,116.32,263.0,282.5,54,91,59.34065934065934,5.231481481481482,29,29,0,0,0,1
tarde_1,261,cw1,2,127.74,291.0,310.23,85,91,93.4065934065934,3.6497647058823532,42,77,0,6,2,6
tarde_1,261,cw13,2,126.62,289.0,307.5,85,91,93.4065934065934,3.6176470588235294,39,77,0,3,2,7
tarde_1,261,multi,3,115.92,266.0,281.53,47,91,51.64835164835165,5.989999999999999,23,23,0,0,2,6
tarde_1,262,cw1,2,138.57,320.0,336.53,86,91,94.50549450549451,3.9131395348837206,47,47,0,11,2,10
tarde_1,262,cw13,2,135.97,308.0,330.22,86,91,94.50549450549451,3.8397674418604653,46,91,0,10,2,10
tarde_1,262,multi,3,121.82,272.0,295.85,41,91,45.05494505494506,7.215853658536586,18,18,0,0,1,2
tarde_1,263,cw1,2,139.54,304.0,338.89,83,91,91.20879120879121,4.083012048192771,48,85,0,12,2,7
tarde_1,263,cw13,2,139.02,305.0,337.63,83,91,91.20879120879121,4.067831325301205,44,85,0,8,2,7
tarde_1,263,multi,3,114.72,261.0,278.62,42,91,46.15384615384615,6.633809523809524,19,26,0,0,1,15
tarde_1,264,cw1,2,130.65,293.0,317.3,85,91,93.4065934065934,3.732941176470588,41,48,0,5,2,5
tarde_1,264,cw13,2,129.25,287.0,313.9,85,91,93.4065934065934,3.692941176470588,41,48,0,5,2,5
tarde_1,264,multi,3,112.4,257.0,272.97,48,91,52.747252747252745,5.686875000000001,21,21,0,0,1,1
tarde_1,265,cw1,2,123.27,270.0,299.37,83,91,91.20879120879121,3.6068674698795182,44,44,0,8,2,6
tarde_1,265,cw13,2,121.17,268.0,294.27,83,91,91.20879120879121,3.545421686746988,47,47,0,11,2,7
tarde_1,265,multi,3,115.32,260.0,280.06,42,91,46.15384615384615,6.668095238095238,25,25,0,0,0,3
tarde_1,266,cw1,2,134.14,299.0,325.77,86,91,94.50549450549451,3.7880232558139535,43,78,0,7,2,8
tarde_1,266,cw13,2,131.32,296.0,318.93,86,91,94.50549450549451,3.7084883720930235,44,80,0,8,2,10
tarde_1,266,multi,3,99.72,222.0,242.19,51,91,56.043956043956044,4.748823529411765,24,24,0,0,1,1
tarde_1,267,cw1,2,140.94,320.0,342.29,84,91,92.3076923076923,4.074880952380953,42,73,0,6,2,9
tarde_1,267,cw13,2,137.92,308.0,334.96,84,91,92.3076923076923,3.9876190476190474,39,71,0,3,2,7
tarde_1,267,multi,4,134.12,300.0,325.73,52,91,57.142857142857146,6.264038461538462,24,24,0,0,0,0
tarde_1,268,cw1,2,136.14,310.0,330.63,83,91,91.20879120879121,3.9834939759036145,38,70,0,2,2,9
tarde_1,268,cw13,2,133.32,302.0,323.78,83,91,91.20879120879121,3.9009638554216863,37,70,0,1,2,10
tarde_1,268,multi,3,113.12,255.0,274.73,50,91,54.94505494505494,5.4946,23,23,0,0,1,1
tarde_1,269,cw1,2,115.29,261.0,279.99,85,91,93.4065934065934,3.294,44,82,0,8,2,9
tarde_1,269,cw13,2,114.97,260.0,279.21,85,91,93.4065934065934,3.2848235294117645,44,82,0,8,2,9
tarde_1,269,multi,3,121.5,267.0,295.08,47,91,51.64835164835165,6.278297872340425,22,22,0,0,1,2
tarde_1,270,cw1,2,137.07,316.0,332.89,85,91,93.4065934065934,3.9163529411764704,44,44,0,8,2,8
tarde_1,270,cw13,2,134.47,305.0,326.57,85,91,93.4065934065934,3.842,42,81,0,6,2,8
tarde_1,270,multi,3,119.92,265.0,291.23,46,91,50.54945054945055,6.331086956521739,26,26,0,0,1,2
tarde_1,271,cw1,2,129.59,305.0,314.72,86,91,94.50549450549451,3.6595348837209305,46,86,0,10,2,8
tarde_1,271,cw13,2,128.77,294.0,312.73,86,91,94.50549450549451,3.6363953488372096,45,87,0,9,2,9
tarde_1,271,multi,3,121.92,278.0,296.09,44,91,48.35164835164835,6.729318181818181,25,25,0,0,2,8
tarde_1,272,cw1,2,131.02,297.0,318.2,81,91,89.01098901098901,3.928395061728395,42,82,0,6,2,8
tarde_1,272,cw13,2,128.42,287.0,311.88,81,91,89.01098901098901,3.85037037037037,42,82,0,6,2,8
tarde_1,272,multi,2,81.62,187.0,198.23,41,91,45.05494505494506,4.834878048780488,24,43,0,0,1,19
tarde_1,273,cw1,2,130.59,308.0,317.15,84,91,92.3076923076923,3.775595238095238,42,80,0,6,2,7
tarde_1,273,cw13,2,125.47,293.0,304.71,84,91,92.3076923076923,3.6275,42,81,0,6,2,8
tarde_1,273,multi,3,119.22,270.0,289.54,45,91,49.45054945054945,6.434222222222223,22,22,0,0,1,2
tarde_1,274,cw1,3,143.27,314.0,347.94,87,91,95.6043956043956,3.999310344827586,36,36,0,0,2,1
tarde_1,274,cw13,3,143.27,315.0,347.94,87,91,95.6043956043956,3.999310344827586,36,36,0,0,2,1
tarde_1,274,multi,3,106.82,243.0,259.43,54,91,59.34065934065934,4.8042592592592595,27,27,0,0,0,1
tarde_1,275,cw1,2,137.09,298.0,332.94,87,91,95.6043956043956,3.826896551724138,47,83,0,11,2,8
tarde_1,275,cw13,2,135.97,296.0,330.21,87,91,95.6043956043956,3.79551724137931,45,83,0,9,2,8
tarde_1,275,multi,3,122.32,266.0,297.07,49,91,53.84615384615385,6.0626530612244895,20,20,0,0,1,1
tarde_1,276,cw1,2,131.69,288.0,319.83,86,91,94.50549450549451,3.718953488372093,46,87,0,10,2,8
tarde_1,276,cw13,2,136.27,299.0,330.95,86,91,94.50549450549451,3.848255813953488,46,87,0,10,2,8
tarde_1,276,multi,3,108.42,238.0,263.31,45,91,49.45054945054945,5.851333333333334,26,26,0,0,0,1
tarde_1,277,cw1,2,134.85,296.0,327.49,85,91,93.4065934065934,3.852823529411765,46,46,0,10,2,7
tarde_1,277,cw13,2,134.35,298.0,326.28,85,91,93.4065934065934,3.838588235294117,46,90,0,10,2,9
tarde_1,277,multi,3,119.8,276.0,290.95,41,91,45.05494505494506,7.096341463414634,19,19,0,0,1,1
tarde_1,278,cw1,2,119.39,273.0,289.95,79,91,86.81318681318682,3.670253164556962,42,78,0,6,2,8
tarde_1,278,cw13,2,119.07,272.0,289.18,79,91,86.81318681318682,3.660506329113924,42,78,0,6,2,8
tarde_1,278,multi,3,122.12,275.0,296.58,43,91,47.252747252747255,6.897209302325581,20,20,0,0,2,9
tarde_1,279,cw1,2,122.49,282.0,297.48,86,91,94.50549450549451,3.4590697674418607,45,87,0,9,2,8
tarde_1,279,cw13,2,122.17,281.0,296.7,86,91,94.50549450549451,3.4499999999999997,44,87,0,8,2,8
tarde_1,279,multi,3,100.42,226.0,243.88,43,91,47.252747252747255,5.671627906976744,24,24,0,0,1,1
tarde_1,280,cw1,2,129.19,289.0,313.75,85,91,93.4065934065934,3.6911764705882355,48,88,0,12,2,8
tarde_1,280,cw13,2,128.87,288.0,312.97,85,91,93.4065934065934,3.6820000000000004,47,88,0,11,2,8
tarde_1,280,multi,3,89.92,206.0,218.38,44,91,48.35164835164835,4.963181818181818,27,27,0,0,2,2
tarde_1,281,cw1,2,125.59,279.0,305.01,79,91,86.81318681318682,3.860886075949367,44,77,0,8,2,5
tarde_1,281,cw13,2,125.27,278.0,304.23,79,91,86.81318681318682,3.8510126582278486,41,77,0,5,2,5
tarde_1,281,multi,3,115.42,257.0,280.31,43,91,47.252747252747255,6.518837209302325,21,21,0,0,0,1
tarde_1,282,cw1,2,136.77,314.0,332.16,77,91,84.61538461538461,4.313766233766234,41,79,0,5,2,8
tarde_1,282,cw13,2,134.17,304.0,325.84,77,91,84.61538461538461,4.231688311688312,41,79,0,5,2,8
tarde_1,282,multi,3,119.72,272.0,290.75,39,91,42.857142857142854,7.455128205128205,24,24,0,0,1,2
tarde_1,283,cw1,2,122.62,270.0,297.79,85,91,93.4065934065934,3.5034117647058824,47,47,0,11,2,7
tarde_1,283,cw13,2,122.62,271.0,297.79,85,91,93.4065934065934,3.5034117647058824,47,47,0,11,2,7
tarde_1,283,multi,3,114.82,255.0,278.85,43,91,47.252747252747255,6.484883720930233,25,25,0,0,2,1
tarde_1,284,cw1,2,132.94,296.0,322.86,88,91,96.7032967032967,3.6688636363636364,48,89,0,12,2,8
tarde_1,284,cw13,2,132.62,295.0,322.08,88,91,96.7032967032967,3.6599999999999997,46,89,0,10,2,8
tarde_1,284,multi,3,100.72,232.0,244.61,45,91,49.45054945054945,5.435777777777778,24,24,0,0,0,1
tarde_1,285,cw1,2,124.84,284.0,303.19,83,91,91.20879120879121,3.65289156626506,40,77,0,4,2,8
tarde_1,285,cw13,2,123.72,282.0,300.46,83,91,91.20879120879121,3.6199999999999997,39,77,0,3,2,9
tarde_1,285,multi,3,101.92,235.0,247.53,45,91,49.45054945054945,5.500666666666667,24,24,0,0,1,2
tarde_1,286,cw1,2,126.27,288.0,306.66,85,91,93.4065934065934,3.6077647058823534,38,74,0,2,2,7
tarde_1,286,cw13,2,126.27,288.0,306.66,85,91,93.4065934065934,3.6077647058823534,38,74,0,2,2,7
tarde_1,286,multi,3,114.62,256.0,278.38,49,91,53.84615384615385,5.681224489795918,25,25,0,0,0,1
tarde_1,287,cw1,2,128.69,300.0,312.53,82,91,90.10989010989012,3.811341463414634,46,87,0,10,2,8
tarde_1,287,cw13,2,128.27,296.0,311.52,82,91,90.10989010989012,3.7990243902439023,45,87,0,9,2,8
tarde_1,287,multi,3,99.42,233.0,241.45,40,91,43.956043956043956,6.03625,22,22,0,0,1,2
tarde_1,288,cw1,2,140.37,316.0,340.9,82,91,90.10989010989012,4.157317073170732,49,49,1,13,2,5
tarde_1,288,cw13,2,135.47,308.0,329.0,82,91,90.10989010989012,4.012195121951219,49,49,1,13,2,5
tarde_1,288,multi,3,102.12,234.0,248.01,33,91,36.26373626373626,7.515454545454546,15,15,0,0,1,1
tarde_1,289,cw1,2,127.24,298.0,309.02,85,91,93.4065934065934,3.6355294117647055,43,75,0,7,2,10
tarde_1,289,cw13,2,126.82,294.0,307.99,85,91,93.4065934065934,3.6234117647058826,41,75,0,5,2,10
tarde_1,289,multi,4,149.12,329.0,362.16,51,91,56.043956043956044,7.101176470588236,19,19,0,0,1,2
tarde_1,290,cw1,2,127.79,287.0,310.35,77,91,84.61538461538461,4.030519480519481,42,80,0,6,2,7
tarde_1,290,cw13,2,124.97,279.0,303.5,77,91,84.61538461538461,3.9415584415584415,41,80,0,5,2,8
tarde_1,290,multi,3,113.72,252.0,276.19,38,91,41.75824175824176,7.268157894736842,20,20,0,0,0,2
tarde_1,291,cw1,2,124.99,290.0,303.55,84,91,92.3076923076923,3.6136904761904765,46,89,0,10,2,7
tarde_1,291,cw13,2,124.37,289.0,302.05,84,91,92.3076923076923,3.5958333333333337,45,89,0,9,2,7
tarde_1,291,multi,3,99.62,221.0,241.93,40,91,43.956043956043956,6.04825,25,25,0,0,0,1
tarde_1,292,cw1,2,132.57,312.0,321.96,87,91,95.6043956043956,3.7006896551724138,44,44,0,8,2,5
tarde_1,292,cw13,2,129.27,302.0,313.95,87,91,95.6043956043956,3.6086206896551722,46,46,0,10,2,6
tarde_1,292,multi,3,116.92,271.0,283.95,45,91,49.45054945054945,6.31,22,22,0,0,1,2
tarde_1,293,cw1,2,123.84,281.0,300.76,81,91,89.01098901098901,3.713086419753086,46,83,0,10,2,8
tarde_1,293,cw13,2,123.52,280.0,299.98,81,91,89.01098901098901,3.703456790123457,45,83,0,9,2,8
tarde_1,293,multi,3,94.32,219.0,229.07,43,91,47.252747252747255,5.327209302325581,29,29,0,0,1,3
tarde_1,294,cw1,2,134.17,305.0,325.84,83,91,91.20879120879121,3.9257831325301202,38,45,0,2,2,8
tarde_1,294,cw13,2,139.57,308.0,338.96,83,91,91.20879120879121,4.083855421686747,39,73,0,3,2,7
tarde_1,294,multi,3,128.8,275.0,312.81,49,91,53.84615384615385,6.383877551020408,23,23,0,0,2,9
tarde_1,295,cw1,2,138.42,319.0,336.16,76,91,83.51648351648352,4.423157894736843,36,42,0,0,2,7
tarde_1,295,cw13,2,135.42,307.0,328.88,76,91,83.51648351648352,4.327368421052632,36,69,0,0,2,8
tarde_1,295,multi,3,119.1,267.0,289.25,43,91,47.252747252747255,6.726744186046512,17,17,0,0,2,3
tarde_1,296,cw1,2,138.45,310.0,336.24,86,91,94.50549450549451,3.909767441860465,48,48,0,12,2,7
tarde_1,296,cw13,2,137.75,306.0,334.54,86,91,94.50549450549451,3.89,48,48,0,12,2,7
tarde_1,296,multi,3,121.4,276.0,294.83,38,91,41.75824175824176,7.758684210526315,17,17,0,0,2,7
tarde_1,297,cw1,2,126.29,275.0,306.71,83,91,91.20879120879121,3.695301204819277,39,71,0,3,2,6
tarde_1,297,cw13,2,125.17,273.0,303.99,83,91,91.20879120879121,3.662530120481928,37,71,0,1,2,7
tarde_1,297,multi,3,122.72,258.0,298.04,49,91,53.84615384615385,6.082448979591837,23,23,0,0,0,3
tarde_1,298,cw1,2,134.97,304.0,327.78,83,91,91.20879120879121,3.949156626506024,48,48,0,12,2,7
tarde_1,298,cw13,2,134.97,305.0,327.78,83,91,91.20879120879121,3.949156626506024,48,48,0,12,2,7
tarde_1,298,multi,3,125.9,282.0,305.75,44,91,48.35164835164835,6.948863636363637,24,24,0,0,2,9
tarde_1,299,cw1,2,126.67,281.0,307.63,82,91,90.10989010989012,3.7515853658536584,45,45,0,9,2,7
tarde_1,299,cw13,2,126.67,281.0,307.63,82,91,90.10989010989012,3.7515853658536584,45,45,0,9,2,7
tarde_1,299,multi,3,118.62,268.0,288.08,45,91,49.45054945054945,6.401777777777777,20,20,0,0,1,10
tarde_1,300,cw1,2,150.45,310.0,365.38,89,91,97.8021978021978,4.105393258426966,48,48,0,12,2,7
tarde_1,300,cw13,2,126.97,276.0,308.35,89,91,97.8021978021978,3.464606741573034,48,48,0,12,2,7
tarde_1,300,multi,3,110.12,239.0,267.44,41,91,45.05494505494506,6.522926829268292,18,18,0,0,0,1
tarde_1,301,cw1,2,119.2,274.0,289.49,87,91,95.6043956043956,3.327471264367816,39,39,0,3,2,6
tarde_1,301,cw13,2,116.6,262.0,283.17,87,91,95.6043956043956,3.254827586206897,39,76,0,3,2,8
tarde_1,301,multi,3,113.7,255.0,276.13,50,91,54.94505494505494,5.5226,27,27,0,0,0,2
tarde_1,302,cw1,2,137.72,313.0,334.46,86,91,94.50549450549451,3.8890697674418604,40,42,0,4,2,7
tarde_1,302,cw13,2,129.77,292.0,315.16,86,91,94.50549450549451,3.664651162790698,47,81,0,11,2,5
tarde_1,302,multi,4,147.1,321.0,357.24,52,91,57.142857142857146,6.87,32,32,0,0,1,1
tarde_1,303,cw1,2,132.24,301.0,321.16,79,91,86.81318681318682,4.065316455696203,47,90,0,11,2,5
tarde_1,303,cw13,2,129.42,292.0,314.31,79,91,86.81318681318682,3.978607594936709,46,90,0,10,2,5
tarde_1,303,multi,3,105.62,238.0,256.51,35,91,38.46153846153846,7.328857142857142,16,16,0,0,1,0
tarde_1,304,cw1,2,130.17,291.0,316.13,85,91,93.4065934065934,3.719176470588235,44,85,0,8,2,7
tarde_1,304,cw13,2,127.47,288.0,309.57,85,91,93.4065934065934,3.642,47,88,0,11,2,7
tarde_1,304,multi,3,116.72,258.0,283.46,44,91,48.35164835164835,6.4422727272727265,23,23,0,0,0,10
tarde_1,305,cw1,2,128.14,281.0,311.2,86,91,94.50549450549451,3.6186046511627907,38,68,0,2,2,7
tarde_1,305,cw13,2,127.42,279.0,309.45,86,91,94.50549450549451,3.598255813953488,36,68,0,0,2,7
tarde_1,305,multi,4,122.22,273.0,296.81,54,91,59.34065934065934,5.4964814814814815,24,24,0,0,1,1
tarde_1,306,cw1,2,135.97,316.0,330.21,81,91,89.01098901098901,4.076666666666666,41,41,0,5,2,6
tarde_1,306,cw13,2,132.77,303.0,322.44,81,91,89.01098901098901,3.9807407407407407,41,79,0,5,2,8
tarde_1,306,multi,3,119.22,270.0,289.54,43,91,47.252747252747255,6.733488372093023,21,21,0,0,2,12
tarde_1,307,cw1,2,150.35,326.0,365.14,86,91,94.50549450549451,4.245813953488372,51,51,1,15,2,4
tarde_1,307,cw13,2,136.67,298.0,331.91,86,91,94.50549450549451,3.859418604651163,51,51,1,15,2,4
tarde_1,307,multi,3,101.12,219.0,245.58,35,91,38.46153846153846,7.016571428571429,20,20,0,0,0,1
tarde_1,308,cw1,2,121.59,274.0,295.29,81,91,89.01098901098901,3.6455555555555557,40,75,0,4,2,6
tarde_1,308,cw13,2,121.27,273.0,294.51,81,91,89.01098901098901,3.635925925925926,39,75,0,3,2,6
tarde_1,308,multi,2,69.82,163.0,169.56,45,91,49.45054945054945,3.7680000000000002,27,27,0,0,0,1
tarde_1,309,cw1,2,129.37,284.0,314.19,86,91,94.50549450549451,3.653372093023256,44,87,0,8,2,6
tarde_1,309,cw13,2,127.27,282.0,309.09,86,91,94.50549450549451,3.59406976744186,44,87,0,8,2,6
tarde_1,309,multi,3,100.42,218.0,243.89,43,91,47.252747252747255,5.6718604651162785,22,22,0,0,1,2
tarde_1,310,cw1,2,152.75,321.0,370.97,82,91,90.10989010989012,4.524024390243903,43,43,0,7,2,7
tarde_1,310,cw13,2,129.27,286.0,313.95,82,91,90.10989010989012,3.828658536585366,47,47,0,11,2,7
tarde_1,310,multi,3,117.72,263.0,285.9,39,91,42.857142857142854,7.3307692307692305,15,15,0,0,1,7
tarde_1,311,cw1,2,137.27,308.0,333.37,84,91,92.3076923076923,3.9686904761904764,47,47,0,11,2,8
tarde_1,311,cw13,2,133.87,296.0,325.11,84,91,92.3076923076923,3.870357142857143,47,47,0,11,2,8
tarde_1,311,multi,3,111.62,247.0,271.09,37,91,40.65934065934066,7.326756756756756,15,15,0,0,1,2
tarde_1,312,cw1,2,136.24,315.0,330.88,83,91,91.20879120879121,3.9865060240963857,44,83,0,8,2,8
tarde_1,312,cw13,2,133.62,307.0,324.51,83,91,91.20879120879121,3.909759036144578,43,83,0,7,2,8
tarde_1,312,multi,3,106.12,249.0,257.73,43,91,47.252747252747255,5.993720930232558,20,20,0,0,2,3
tarde_1,313,cw1,2,121.19,267.0,294.32,87,91,95.6043956043956,3.3829885057471265,47,82,0,11,2,7
tarde_1,313,cw13,2,120.87,266.0,293.54,87,91,95.6043956043956,3.3740229885057476,45,82,0,9,2,7
tarde_1,313,multi,3,101.62,225.0,246.8,50,91,54.94505494505494,4.936,28,28,0,0,1,0
tarde_1,314,cw1,2,128.99,293.0,313.27,85,91,93.4065934065934,3.6855294117647057,47,89,0,11,2,6
tarde_1,314,cw13,2,125.67,277.0,305.21,85,91,93.4065934065934,3.5907058823529407,45,89,0,9,2,6
tarde_1,314,multi,3,112.42,253.0,273.03,41,91,45.05494505494506,6.659268292682926,24,24,0,0,1,2
tarde_1,315,cw1,2,124.84,291.0,303.19,86,91,94.50549450549451,3.5254651162790696,46,79,0,10,2,10
tarde_1,315,cw13,2,124.52,290.0,302.41,86,91,94.50549450549451,3.5163953488372095,45,79,0,9,2,10
tarde_1,315,multi,3,103.02,235.0,250.19,52,91,57.142857142857146,4.811346153846154,26,26,0,0,0,2
tarde_1,316,cw1,2,129.07,294.0,313.46,84,91,92.3076923076923,3.7316666666666665,43,44,0,7,2,6
tarde_1,316,cw13,2,127.27,290.0,309.09,84,91,92.3076923076923,3.679642857142857,47,85,0,11,2,8
tarde_1,316,multi,3,109.22,242.0,265.25,46,91,50.54945054945055,5.766304347826087,21,21,0,0,0,4
tarde_1,317,cw1,2,124.19,279.0,301.61,84,91,92.3076923076923,3.590595238095238,43,78,0,7,2,8
tarde_1,317,cw13,2,123.87,278.0,300.83,84,91,92.3076923076923,3.581309523809524,42,78,0,6,2,8
tarde_1,317,multi,3,123.32,263.0,299.5,48,91,52.747252747252745,6.239583333333333,24,24,0,0,1,0
tarde_1,318,cw1,2,122.39,271.0,297.24,84,91,92.3076923076923,3.5385714285714287,48,89,0,12,2,7
tarde_1,318,cw13,2,119.97,263.0,291.36,84,91,92.3076923076923,3.468571428571429,45,89,0,9,2,7
tarde_1,318,multi,3,97.02,213.0,235.62,40,91,43.956043956043956,5.8905,24,24,0,0,0,2
tarde_1,319,cw1,2,120.89,273.0,293.59,78,91,85.71428571428571,3.763974358974359,47,90,0,11,2,5
tarde_1,319,cw13,2,120.07,273.0,291.6,78,91,85.71428571428571,3.738461538461539,45,90,0,9,2,5
tarde_1,319,multi,2,79.02,180.0,191.91,33,91,36.26373626373626,5.815454545454545,14,16,0,0,1,12
tarde_1,320,cw1,2,131.52,301.0,319.41,83,91,91.20879120879121,3.8483132530120483,46,91,0,10,2,7
tarde_1,320,cw13,2,131.42,296.0,319.16,83,91,91.20879120879121,3.8453012048192776,46,91,0,10,2,7
tarde_1,320,multi,3,101.62,220.0,246.8,38,91,41.75824175824176,6.494736842105263,22,22,0,0,0,1
tarde_1,321,cw1,2,130.3,296.0,316.44,84,91,92.3076923076923,3.767142857142857,50,50,1,14,2,6
tarde_1,321,cw13,2,130.3,296.0,316.44,84,91,92.3076923076923,3.767142857142857,50,50,1,14,2,6
tarde_1,321,multi,2,74.5,176.0,180.93,34,91,37.362637362637365,5.321470588235294,22,22,0,0,0,10
tarde_1,322,cw1,2,120.27,266.0,292.09,82,91,90.10989010989012,3.562073170731707,43,85,0,7,2,4
tarde_1,322,cw13,2,120.27,266.0,292.09,82,91,90.10989010989012,3.562073170731707,43,85,0,7,2,4
tarde_1,322,multi,3,104.72,235.0,254.33,40,91,43.956043956043956,6.35825,23,23,0,0,0,0
tarde_1,323,cw1,2,126.84,289.0,308.04,80,91,87.91208791208791,3.8505000000000003,40,76,0,4,2,8
tarde_1,323,cw13,2,124.52,284.0,302.41,80,91,87.91208791208791,3.7801250000000004,40,77,0,4,2,7
tarde_1,323,multi,3,98.22,225.0,238.54,43,91,47.252747252747255,5.547441860465116,25,25,0,0,1,2
tarde_1,324,cw1,2,121.64,265.0,295.41,86,91,94.50549450549451,3.4350000000000005,39,70,0,3,2,9
tarde_1,324,cw13,2,121.32,264.0,294.64,86,91,94.50549450549451,3.4260465116279066,38,70,0,2,2,9
tarde_1,324,multi,3,96.62,216.0,234.66,54,91,59.34065934065934,4.345555555555555,29,29,0,0,0,0
tarde_1,325,cw1,2,127.67,293.0,310.06,85,91,93.4065934065934,3.647764705882353,42,42,0,6,2,7
tarde_1,325,cw13,2,126.77,288.0,307.88,85,91,93.4065934065934,3.6221176470588237,42,82,0,6,2,9
tarde_1,325,multi,3,115.92,257.0,281.52,45,91,49.45054945054945,6.255999999999999,26,26,0,0,0,1
tarde_1,326,cw1,2,135.67,305.0,329.48,85,91,93.4065934065934,3.8762352941176474,40,47,0,4,2,7
tarde_1,326,cw13,2,128.67,286.0,312.48,85,91,93.4065934065934,3.6762352941176473,45,45,0,9,2,10
tarde_1,326,multi,3,104.72,234.0,254.33,46,91,50.54945054945055,5.528913043478261,22,22,0,0,1,2
tarde_1,327,cw1,2,140.57,320.0,341.39,80,91,87.91208791208791,4.2673749999999995,46,46,0,10,2,6
tarde_1,327,cw13,2,128.07,294.0,311.03,80,91,87.91208791208791,3.8878749999999997,43,84,0,7,2,7
tarde_1,327,multi,3,121.22,265.0,294.4,39,91,42.857142857142854,7.5487179487179485,16,16,0,0,0,5
tarde_1,328,cw1,2,135.19,293.0,328.32,84,91,92.3076923076923,3.9085714285714284,45,80,0,9,2,10
tarde_1,328,cw13,2,134.07,289.0,325.6,84,91,92.3076923076923,3.8761904761904766,44,80,0,8,2,10
tarde_1,328,multi,3,119.32,263.0,289.79,48,91,52.747252747252745,6.037291666666667,26,26,0,0,1,2
tarde_1,329,cw1,2,126.55,279.0,307.34,83,91,91.20879120879121,3.70289156626506,47,47,0,11,2,4
tarde_1,329,cw13,2,126.55,279.0,307.34,83,91,91.20879120879121,3.70289156626506,47,47,0,11,2,4
tarde_1,329,multi,3,85.5,203.0,207.65,37,91,40.65934065934066,5.6121621621621625,25,25,0,0,1,2
tarde_1,330,cw1,2,121.55,271.0,295.19,83,91,91.20879120879121,3.5565060240963855,43,43,0,7,2,9
tarde_1,330,cw13,2,121.55,271.0,295.19,83,91,91.20879120879121,3.5565060240963855,43,43,0,7,2,9
tarde_1,330,multi,3,95.8,224.0,232.67,44,91,48.35164835164835,5.287954545454546,22,22,0,0,1,3
tarde_1,331,cw1,3,142.24,319.0,345.44,87,91,95.6043956043956,3.9705747126436783,38,73,0,2,2,4
tarde_1,331,cw13,3,141.92,318.0,344.66,87,91,95.6043956043956,3.961609195402299,37,73,0,1,2,4
tarde_1,331,multi,3,119.12,275.0,289.3,51,91,56.043956043956044,5.672549019607843,25,25,0,0,1,7
tarde_1,332,cw1,2,131.9,313.0,320.33,82,91,90.10989010989012,3.906463414634146,47,47,0,11,2,6
tarde_1,332,cw13,2,130.7,303.0,317.41,82,91,90.10989010989012,3.8708536585365856,48,48,0,12,2,7
tarde_1,332,multi,3,89.7,218.0,217.84,37,91,40.65934065934066,5.887567567567568,24,24,0,0,1,3
tarde_1,333,cw1,2,128.19,293.0,311.32,81,91,89.01098901098901,3.8434567901234566,42,79,0,6,2,9
tarde_1,333,cw13,2,127.87,292.0,310.55,81,91,89.01098901098901,3.833950617283951,41,79,0,5,2,9
tarde_1,333,multi,3,109.12,245.0,265.01,43,91,47.252747252747255,6.163023255813953,22,22,0,0,1,2
tarde_1,334,cw1,2,130.45,301.0,316.81,83,91,91.20879120879121,3.816987951807229,46,46,0,10,2,5
tarde_1,334,cw13,2,127.95,290.0,310.74,83,91,91.20879120879121,3.7438554216867472,46,46,0,10,2,5
tarde_1,334,multi,3,102.7,225.0,249.42,40,91,43.956043956043956,6.2355,25,25,0,0,1,2
tarde_1,335,cw1,2,153.75,337.0,373.39,86,91,94.50549450549451,4.341744186046512,48,48,0,12,2,5
tarde_1,335,cw13,2,139.47,315.0,338.71,86,91,94.50549450549451,3.938488372093023,48,48,0,12,2,5
tarde_1,335,multi,2,89.72,193.0,217.9,38,91,41.75824175824176,5.734210526315789,20,20,0,0,2,13
tarde_1,336,cw1,2,124.45,282.0,302.24,86,91,94.50549450549451,3.514418604651163,45,45,0,9,2,7
tarde_1,336,cw13,2,124.45,282.0,302.24,86,91,94.50549450549451,3.514418604651163,45,45,0,9,2,7
tarde_1,336,multi,2,69.0,160.0,167.57,45,91,49.45054945054945,3.7237777777777774,27,27,0,0,0,1
tarde_1,337,cw1,2,143.04,333.0,347.39,82,91,90.10989010989012,4.236463414634146,39,69,0,3,2,10
tarde_1,337,cw13,2,140.02,321.0,340.05,82,91,90.10989010989012,4.146951219512196,37,65,0,1,2,9
tarde_1,337,multi,4,137.02,318.0,332.77,51,91,56.043956043956044,6.524901960784313,20,20,0,0,2,3
tarde_1,338,cw1,2,141.57,327.0,343.82,85,91,93.4065934065934,4.044941176470588,48,48,0,12,2,6
tarde_1,338,cw13,2,141.27,327.0,343.09,85,91,93.4065934065934,4.03635294117647,48,48,0,12,2,6
tarde_1,338,multi,3,126.32,279.0,306.78,41,91,45.05494505494506,7.482439024390243,20,20,0,0,3,10
tarde_1,339,cw1,3,146.2,331.0,355.06,85,91,93.4065934065934,4.177176470588235,36,36,0,0,2,2
tarde_1,339,cw13,3,143.3,327.0,348.02,85,91,93.4065934065934,4.094352941176471,37,72,0,1,2,4
tarde_1,339,multi,3,117.1,265.0,284.4,50,91,54.94505494505494,5.688,28,28,0,0,0,1
tarde_1,340,cw1,2,126.99,278.0,308.41,82,91,90.10989010989012,3.76109756097561,44,83,0,8,2,6
tarde_1,340,cw13,2,124.17,269.0,301.56,82,91,90.10989010989012,3.6775609756097563,43,83,0,7,2,6
tarde_1,340,multi,3,108.42,247.0,263.3,42,91,46.15384615384615,6.269047619047619,20,20,0,0,0,0
tarde_1,341,cw1,2,133.19,303.0,323.47,85,91,93.4065934065934,3.8055294117647063,44,82,0,8,2,7
tarde_1,341,cw13,2,130.27,290.0,316.37,85,91,93.4065934065934,3.722,42,82,0,6,2,8
tarde_1,341,multi,3,119.22,268.0,289.54,45,91,49.45054945054945,6.434222222222223,21,21,0,0,1,6
tarde_1,342,cw1,2,121.09,283.0,294.08,87,91,95.6043956043956,3.3802298850574712,40,74,0,4,2,6
tarde_1,342,cw13,2,117.37,272.0,285.04,87,91,95.6043956043956,3.27632183908046,44,80,0,8,2,6
tarde_1,342,multi,3,123.64,280.0,300.27,51,91,56.043956043956044,5.8876470588235295,28,28,0,0,2,7
tarde_1,343,cw1,2,121.99,281.0,296.27,82,91,90.10989010989012,3.6130487804878046,38,70,0,2,2,8
tarde_1,343,cw13,2,121.67,280.0,295.49,82,91,90.10989010989012,3.6035365853658536,36,70,0,0,2,8
tarde_1,343,multi,3,103.72,230.0,251.9,48,91,52.747252747252745,5.247916666666667,27,27,0,0,1,2
tarde_1,344,cw1,2,133.32,295.0,323.78,82,91,90.10989010989012,3.9485365853658534,45,45,0,9,2,5
tarde_1,344,cw13,2,132.02,291.0,320.62,82,91,90.10989010989012,3.91,47,91,0,11,2,6
tarde_1,344,multi,3,102.92,229.0,249.95,38,91,41.75824175824176,6.5776315789473685,20,20,0,0,0,10
tarde_1,345,cw1,2,131.32,298.0,318.93,84,91,92.3076923076923,3.7967857142857144,41,41,0,5,2,7
tarde_1,345,cw13,2,128.72,294.0,312.61,84,91,92.3076923076923,3.721547619047619,42,80,0,6,2,8
tarde_1,345,multi,3,111.42,250.0,270.6,46,91,50.54945054945055,5.882608695652174,25,25,0,0,1,2
tarde_1,346,cw1,2,139.85,309.0,339.64,81,91,89.01098901098901,4.193086419753087,48,48,0,12,2,7
tarde_1,346,cw13,2,137.35,301.0,333.57,81,91,89.01098901098901,4.118148148148148,48,48,0,12,2,7
tarde_1,346,multi,3,92.3,217.0,224.16,39,91,42.857142857142854,5.747692307692308,18,18,0,0,1,3
tarde_1,347,cw1,2,122.39,277.0,297.24,80,91,87.91208791208791,3.7155,40,71,0,4,2,9
tarde_1,347,cw13,2,122.07,276.0,296.46,80,91,87.91208791208791,3.7057499999999997,39,71,0,3,2,9
tarde_1,347,multi,3,118.52,265.0,287.84,48,91,52.747252747252745,5.996666666666666,28,28,0,0,1,2
tarde_1,348,cw1,2,129.45,297.0,314.38,83,91,91.20879120879121,3.787710843373494,45,45,0,9,2,8
tarde_1,348,cw13,2,128.35,294.0,311.71,83,91,91.20879120879121,3.7555421686746984,48,48,0,12,2,8
tarde_1,348,multi,3,116.0,265.0,281.72,41,91,45.05494505494506,6.871219512195123,21,21,0,0,1,2
tarde_1,349,cw1,2,136.69,310.0,331.97,84,91,92.3076923076923,3.95202380952381,46,87,0,10,2,7
tarde_1,349,cw13,2,133.17,296.0,323.42,84,91,92.3076923076923,3.8502380952380952,45,87,0,9,2,7
tarde_1,349,multi,3,122.82,268.0,298.28,42,91,46.15384615384615,7.101904761904761,22,22,0,0,1,4
tarde_1,350,cw1,2,145.5,311.0,353.36,86,91,94.50549450549451,4.108837209302326,48,48,0,12,2,5
tarde_1,350,cw13,2,128.02,279.0,310.91,86,91,94.50549450549451,3.6152325581395353,48,48,0,12,2,5
tarde_1,350,multi,2,92.12,203.0,223.73,38,91,41.75824175824176,5.887631578947368,23,30,0,0,2,14
tarde_1,351,cw1,2,128.77,288.0,312.73,85,91,93.4065934065934,3.6791764705882355,46,46,0,10,2,7
tarde_1,351,cw13,2,126.27,281.0,306.65,85,91,93.4065934065934,3.607647058823529,46,46,0,10,2,7
tarde_1,351,multi,3,120.32,274.0,292.2,43,91,47.252747252747255,6.7953488372093025,22,22,0,0,1,9
tarde_1,352,cw1,2,129.99,289.0,315.69,79,91,86.81318681318682,3.9960759493670888,43,81,0,7,2,7
tarde_1,352,cw13,2,126.77,280.0,307.87,79,91,86.81318681318682,3.8970886075949367,41,81,0,5,2,8
tarde_1,352,multi,3,122.54,272.0,297.59,39,91,42.857142857142854,7.63051282051282,17,17,0,0,1,4
tarde_1,353,cw1,2,131.74,303.0,319.95,85,91,93.4065934065934,3.7641176470588236,45,83,0,9,2,8
tarde_1,353,cw13,2,130.12,294.0,316.0,85,91,93.4065934065934,3.7176470588235295,43,83,0,7,2,7
tarde_1,353,multi,3,112.62,252.0,273.51,45,91,49.45054945054945,6.077999999999999,24,24,0,0,1,2
tarde_1,354,cw1,2,146.9,320.0,356.76,88,91,96.7032967032967,4.054090909090909,47,47,0,11,2,6
tarde_1,354,cw13,2,134.32,295.0,326.21,88,91,96.7032967032967,3.706931818181818,47,47,0,11,2,6
tarde_1,354,multi,3,98.12,220.0,238.29,41,91,45.05494505494506,5.811951219512195,18,18,0,0,0,0
tarde_1,355,cw1,2,125.02,282.0,303.62,83,91,91.20879120879121,3.6580722891566264,41,80,0,5,2,8
tarde_1,355,cw13,2,125.02,282.0,303.62,83,91,91.20879120879121,3.6580722891566264,41,80,0,5,2,8
tarde_1,355,multi,3,118.62,268.0,288.08,44,91,48.35164835164835,6.547272727272727,17,17,0,0,1,2
tarde_1,356,cw1,3,155.79,351.0,378.35,86,91,94.50549450549451,4.399418604651163,35,65,0,0,2,3
tarde_1,356,cw13,3,154.57,344.0,375.39,86,91,94.50549450549451,4.365,34,65,0,0,2,4
tarde_1,356,multi,4,144.62,322.0,351.23,55,91,60.43956043956044,6.386,23,23,0,0,2,1
tarde_1,357,cw1,2,121.8,281.0,295.8,81,91,89.01098901098901,3.651851851851852,43,43,0,7,2,6
tarde_1,357,cw13,2,120.9,275.0,293.62,81,91,89.01098901098901,3.6249382716049383,43,85,0,7,2,8
tarde_1,357,multi,3,114.3,266.0,277.6,39,91,42.857142857142854,7.117948717948718,17,17,0,0,1,4
tarde_1,358,cw1,2,128.39,307.0,311.81,85,91,93.4065934065934,3.6683529411764706,46,87,0,10,2,7
tarde_1,358,cw13,2,126.77,299.0,307.87,85,91,93.4065934065934,3.622,46,89,0,10,2,8
tarde_1,358,multi,3,113.24,263.0,275.01,42,91,46.15384615384615,6.547857142857143,24,24,0,0,0,6
tarde_1,359,cw1,2,133.39,306.0,323.95,80,91,87.91208791208791,4.0493749999999995,40,74,0,4,2,8
tarde_1,359,cw13,2,131.87,303.0,320.26,80,91,87.91208791208791,4.0032499999999995,39,74,0,3,2,9
tarde_1,359,multi,3,118.12,263.0,286.87,45,91,49.45054945054945,6.374888888888889,21,21,0,0,0,1
tarde_1,360,cw1,3,144.55,327.0,351.06,85,91,93.4065934065934,4.130117647058824,30,37,0,0,2,2
tarde_1,360,cw13,3,143.65,321.0,348.88,85,91,93.4065934065934,4.104470588235294,30,58,0,0,2,3
tarde_1,360,multi,3,99.0,232.0,240.43,57,91,62.637362637362635,4.218070175438597,28,28,0,0,1,2
tarde_1,361,cw1,2,129.32,281.0,314.06,88,91,96.7032967032967,3.5688636363636363,46,46,0,10,2,7
tarde_1,361,cw13,2,129.12,284.0,313.58,88,91,96.7032967032967,3.5634090909090905,46,86,0,10,2,9
tarde_1,361,multi,3,103.82,224.0,252.14,48,91,52.747252747252745,5.252916666666667,28,28,0,0,0,1
tarde_1,362,cw1,2,124.09,284.0,301.36,82,91,90.10989010989012,3.6751219512195124,40,74,0,4,2,8
tarde_1,362,cw13,2,123.77,283.0,300.58,82,91,90.10989010989012,3.665609756097561,39,74,0,3,2,8
tarde_1,362,multi,3,112.72,251.0,273.75,47,91,51.64835164835165,5.824468085106383,28,28,0,0,1,2
tarde_1,363,cw1,2,130.02,296.0,315.76,86,91,94.50549450549451,3.671627906976744,46,91,0,10,2,7
tarde_1,363,cw13,2,127.72,289.0,310.18,86,91,94.50549450549451,3.606744186046512,46,91,0,10,2,7
tarde_1,363,multi,3,119.52,268.0,290.27,41,91,45.05494505494506,7.079756097560975,23,23,0,0,1,4
tarde_1,364,cw1,2,135.74,308.0,329.66,82,91,90.10989010989012,4.020243902439025,46,89,0,10,2,9
tarde_1,364,cw13,2,134.62,306.0,326.94,82,91,90.10989010989012,3.987073170731707,45,89,0,9,2,9
tarde_1,364,multi,3,116.92,262.0,283.95,38,91,41.75824175824176,7.472368421052631,23,23,0,0,2,2
tarde_1,365,cw1,2,145.4,321.0,353.12,86,91,94.50549450549451,4.106046511627907,48,48,0,12,2,6
tarde_1,365,cw13,2,129.82,291.0,315.28,86,91,94.50549450549451,3.666046511627907,48,48,0,12,2,6
tarde_1,365,multi,3,114.12,255.0,277.15,38,91,41.75824175824176,7.293421052631579,19,19,0,0,1,2
tarde_1,366,cw1,2,130.24,297.0,316.3,82,91,90.10989010989012,3.857317073170732,40,76,0,4,2,7
tarde_1,366,cw13,2,128.42,289.0,311.88,82,91,90.10989010989012,3.8034146341463413,39,76,0,3,2,8
tarde_1,366,multi,3,101.32,225.0,246.07,45,91,49.45054945054945,5.468222222222222,22,22,0,0,0,1
tarde_1,367,cw1,2,146.05,315.0,354.7,85,91,93.4065934065934,4.172941176470588,48,48,0,12,2,6
tarde_1,367,cw13,2,133.27,293.0,323.66,85,91,93.4065934065934,3.807764705882353,48,48,0,12,2,6
tarde_1,367,multi,2,72.92,170.0,177.1,38,91,41.75824175824176,4.660526315789474,21,21,0,0,0,0
tarde_1,368,cw1,2,105.67,246.0,256.63,80,91,87.91208791208791,3.207875,43,43,0,7,2,8
tarde_1,368,cw13,2,105.67,247.0,256.63,80,91,87.91208791208791,3.207875,43,43,0,7,2,8
tarde_1,368,multi,3,101.2,218.0,245.77,45,91,49.45054945054945,5.461555555555556,26,26,0,0,0,2
tarde_1,369,cw1,2,126.14,286.0,306.35,83,91,91.20879120879121,3.690963855421687,44,77,0,8,2,9
tarde_1,369,cw13,2,133.02,291.0,323.05,83,91,91.20879120879121,3.8921686746987953,40,75,0,4,2,9
tarde_1,369,multi,3,101.42,225.0,246.32,48,91,52.747252747252745,5.131666666666667,27,27,0,0,0,1
tarde_1,370,cw1,2,137.54,310.0,334.02,85,91,93.4065934065934,3.9296470588235293,45,81,0,9,2,6
tarde_1,370,cw13,2,128.62,292.0,312.36,85,91,93.4065934065934,3.674823529411765,41,78,0,5,2,4
tarde_1,370,multi,3,112.22,249.0,272.54,48,91,52.747252747252745,5.677916666666667,24,24,0,0,0,6
tarde_1,371,cw1,2,132.25,296.0,321.18,85,91,93.4065934065934,3.7785882352941176,46,46,0,10,2,6
tarde_1,371,cw13,2,131.25,293.0,318.75,85,91,93.4065934065934,3.75,46,91,0,10,2,8
tarde_1,371,multi,2,77.9,184.0,189.18,40,91,43.956043956043956,4.7295,22,22,0,0,1,2
tarde_1,372,cw1,2,131.72,299.0,319.9,84,91,92.3076923076923,3.808333333333333,46,46,0,10,2,7
tarde_1,372,cw13,2,129.22,291.0,313.83,84,91,92.3076923076923,3.7360714285714285,46,46,0,10,2,7
tarde_1,372,multi,3,118.32,273.0,287.35,45,91,49.45054945054945,6.385555555555556,22,22,0,0,2,10
tarde_1,373,cw1,2,136.19,308.0,330.75,88,91,96.7032967032967,3.758522727272727,45,85,0,9,2,7
tarde_1,373,cw13,2,133.07,302.0,323.18,88,91,96.7032967032967,3.6725,44,85,0,8,2,8
tarde_1,373,multi,3,118.72,270.0,288.32,47,91,51.64835164835165,6.134468085106382,24,24,0,0,1,11
tarde_1,374,cw1,2,129.59,303.0,314.72,88,91,96.7032967032967,3.5763636363636366,45,82,0,9,2,8
tarde_1,374,cw13,2,127.97,298.0,310.78,88,91,96.7032967032967,3.531590909090909,46,84,0,10,2,8
tarde_1,374,multi,3,93.52,210.0,227.12,50,91,54.94505494505494,4.5424,26,26,0,0,1,1
tarde_1,375,cw1,2,132.57,302.0,321.96,89,91,97.8021978021978,3.61752808988764,46,46,0,10,2,7
tarde_1,375,cw13,2,131.07,295.0,318.32,89,91,97.8021978021978,3.576629213483146,46,89,0,10,2,9
tarde_1,375,multi,3,122.1,272.0,296.53,46,91,50.54945054945055,6.446304347826087,22,22,0,0,1,7
tarde_1,376,cw1,2,134.84,305.0,327.47,83,91,91.20879120879121,3.9454216867469882,38,70,0,2,2,7
tarde_1,376,cw13,2,133.22,297.0,323.54,83,91,91.20879120879121,3.8980722891566266,36,70,0,0,2,8
tarde_1,376,multi,3,105.32,229.0,255.77,49,91,53.84615384615385,5.219795918367347,24,24,0,0,0,0
tarde_1,377,cw1,2,130.84,298.0,317.75,87,91,95.6043956043956,3.6522988505747125,43,78,0,7,2,8
tarde_1,377,cw13,2,130.42,294.0,316.74,87,91,95.6043956043956,3.6406896551724137,41,78,0,5,2,8
tarde_1,377,multi,3,122.82,265.0,298.29,50,91,54.94505494505494,5.965800000000001,26,26,0,0,0,0
tarde_1,378,cw1,2,127.07,282.0,308.6,85,91,93.4065934065934,3.630588235294118,46,46,0,10,2,5
tarde_1,378,cw13,2,126.57,279.0,307.39,85,91,93.4065934065934,3.6163529411764705,46,46,0,10,2,5
tarde_1,378,multi,3,124.9,262.0,303.33,42,91,46.15384615384615,7.222142857142857,26,26,0,0,0,2
tarde_1,379,cw1,2,124.5,281.0,302.36,82,91,90.10989010989012,3.687317073170732,44,44,0,8,2,7
tarde_1,379,cw13,2,123.6,275.0,300.17,82,91,90.10989010989012,3.660609756097561,44,87,0,8,2,8
tarde_1,379,multi,3,101.5,232.0,246.5,39,91,42.857142857142854,6.32051282051282,21,21,0,0,0,0
tarde_1,380,cw1,2,124.34,276.0,301.97,82,91,90.10989010989012,3.6825609756097566,42,76,0,6,2,7
tarde_1,380,cw13,2,124.02,275.0,301.19,82,91,90.10989010989012,3.6730487804878047,42,76,0,6,2,7
tarde_1,380,multi,4,128.6,287.0,312.32,48,91,52.747252747252745,6.506666666666667,23,23,0,0,1,1
tarde_1,381,cw1,2,135.3,305.0,328.59,80,91,87.91208791208791,4.107374999999999,42,42,0,6,2,5
tarde_1,381,cw13,2,127.45,283.0,309.52,80,91,87.91208791208791,3.8689999999999998,46,86,0,10,2,6
tarde_1,381,multi,3,109.4,251.0,265.68,40,91,43.956043956043956,6.642,23,23,0,0,1,0
tarde_1,382,cw1,3,148.49,343.0,360.62,89,91,97.8021978021978,4.0519101123595505,39,73,0,3,2,4
tarde_1,382,cw13,3,147.27,336.0,357.66,89,91,97.8021978021978,4.018651685393259,37,73,0,1,2,5
tarde_1,382,multi,3,108.52,246.0,263.56,53,91,58.24175824175824,4.972830188679246,24,24,0,0,0,2
tarde_1,383,cw1,2,131.79,305.0,320.07,82,91,90.10989010989012,3.9032926829268293,42,77,0,6,2,8
tarde_1,383,cw13,2,128.17,296.0,311.27,82,91,90.10989010989012,3.7959756097560975,41,78,0,5,2,9
tarde_1,383,multi,3,117.12,253.0,284.44,45,91,49.45054945054945,6.320888888888889,24,24,0,0,2,2
tarde_1,384,cw1,2,121.04,271.0,293.95,84,91,92.3076923076923,3.4994047619047617,47,89,0,11,2,8
tarde_1,384,cw13,2,120.62,265.0,292.94,84,91,92.3076923076923,3.4873809523809522,46,89,0,10,2,8
tarde_1,384,multi,2,90.62,200.0,220.08,41,91,45.05494505494506,5.367804878048781,23,23,0,0,2,18
tarde_1,385,cw1,2,118.69,262.0,288.25,85,91,93.4065934065934,3.3911764705882352,47,89,0,11,2,8
tarde_1,385,cw13,2,117.27,258.0,284.81,85,91,93.4065934065934,3.3507058823529414,47,90,0,11,2,9
tarde_1,385,multi,3,94.62,206.0,229.79,42,91,46.15384615384615,5.471190476190476,27,27,0,0,0,1
tarde_1,386,cw1,2,124.99,281.0,303.55,84,91,92.3076923076923,3.6136904761904765,48,91,0,12,2,8
tarde_1,386,cw13,2,124.67,280.0,302.77,84,91,92.3076923076923,3.6044047619047617,47,91,0,11,2,8
tarde_1,386,multi,3,117.42,254.0,285.16,40,91,43.956043956043956,7.1290000000000004,20,20,0,0,1,1
tarde_1,387,cw1,2,135.07,311.0,328.03,87,91,95.6043956043956,3.7704597701149423,46,46,0,10,2,7
tarde_1,387,cw13,2,133.77,304.0,324.88,87,91,95.6043956043956,3.7342528735632183,42,80,0,6,2,8
tarde_1,387,multi,3,115.92,262.0,281.53,49,91,53.84615384615385,5.745510204081632,23,23,0,0,1,2
tarde_1,388,cw1,2,129.69,295.0,314.97,80,91,87.91208791208791,3.9371250000000004,44,80,0,8,2,8
tarde_1,388,cw13,2,125.07,280.0,303.74,80,91,87.91208791208791,3.7967500000000003,42,79,0,6,2,6
tarde_1,388,multi,3,113.32,246.0,275.21,43,91,47.252747252747255,6.4002325581395345,27,27,0,0,1,2
tarde_1,389,cw1,2,132.77,303.0,322.45,88,91,96.7032967032967,3.6642045454545453,47,47,0,11,2,8
tarde_1,389,cw13,2,132.37,297.0,321.47,88,91,96.7032967032967,3.653068181818182,47,47,0,11,2,8
tarde_1,389,multi,3,115.0,256.0,279.29,45,91,49.45054945054945,6.206444444444445,23,23,0,0,2,2
tarde_1,390,cw1,2,134.94,302.0,327.72,88,91,96.7032967032967,3.7240909090909096,46,85,0,10,2,9
tarde_1,390,cw13,2,134.22,300.0,325.96,88,91,96.7032967032967,3.7040909090909087,45,85,0,9,2,9
tarde_1,390,multi,3,115.92,257.0,281.53,48,91,52.747252747252745,5.8652083333333325,25,25,0,0,1,13
tarde_1,391,cw1,2,157.75,341.0,383.11,84,91,92.3076923076923,4.560833333333333,48,48,0,12,2,6
tarde_1,391,cw13,2,135.57,297.0,329.24,84,91,92.3076923076923,3.9195238095238096,48,48,0,12,2,6
tarde_1,391,multi,2,85.72,191.0,208.18,36,91,39.56043956043956,5.782777777777778,21,22,0,0,1,10
tarde_1,392,cw1,2,125.77,277.0,305.45,85,91,93.4065934065934,3.5935294117647056,42,83,0,6,2,5
tarde_1,392,cw13,2,121.27,271.0,294.51,85,91,93.4065934065934,3.4648235294117646,46,87,0,10,2,6
tarde_1,392,multi,2,86.22,190.0,209.39,44,91,48.35164835164835,4.758863636363636,28,40,0,0,1,14
tarde_1,393,cw1,2,130.62,299.0,317.22,73,91,80.21978021978022,4.345479452054795,42,45,0,6,2,7
tarde_1,393,cw13,2,129.32,296.0,314.07,73,91,80.21978021978022,4.302328767123288,42,76,0,6,2,8
tarde_1,393,multi,3,123.92,260.0,300.95,39,91,42.857142857142854,7.716666666666667,19,37,0,0,1,11
tarde_1,394,cw1,2,135.04,312.0,327.96,82,91,90.10989010989012,3.9995121951219508,37,69,0,1,2,9
tarde_1,394,cw13,2,132.02,300.0,320.63,82,91,90.10989010989012,3.9101219512195122,37,70,0,1,2,8
tarde_1,394,multi,3,109.22,248.0,265.26,49,91,53.84615384615385,5.413469387755102,25,25,0,0,0,1
tarde_1,395,cw1,2,127.74,297.0,310.22,86,91,94.50549450549451,3.6072093023255816,45,76,0,9,2,10
tarde_1,395,cw13,2,127.32,293.0,309.21,86,91,94.50549450549451,3.5954651162790694,42,76,0,6,2,10
tarde_1,395,multi,3,117.72,263.0,285.9,52,91,57.142857142857146,5.498076923076923,23,23,0,0,1,2
tarde_1,396,cw1,2,137.49,309.0,333.91,87,91,95.6043956043956,3.8380459770114945,48,84,0,12,2,7
tarde_1,396,cw13,2,137.17,308.0,333.13,87,91,95.6043956043956,3.8290804597701147,45,84,0,9,2,7
tarde_1,396,multi,3,123.84,277.0,300.77,48,91,52.747252747252745,6.266041666666666,25,25,0,0,2,9
tarde_1,397,cw1,2,134.47,311.0,326.58,90,91,98.9010989010989,3.6286666666666667,48,48,0,12,2,6
tarde_1,397,cw13,2,133.87,311.0,325.12,90,91,98.9010989010989,3.6124444444444443,48,48,0,12,2,6
tarde_1,397,multi,3,118.0,261.0,286.57,45,91,49.45054945054945,6.368222222222222,24,24,0,0,0,11
tarde_1,398,cw1,2,130.27,291.0,316.37,82,91,90.10989010989012,3.8581707317073173,44,85,0,8,2,9
tarde_1,398,cw13,2,130.07,294.0,315.89,82,91,90.10989010989012,3.8523170731707315,44,85,0,8,2,10
tarde_1,398,multi,3,115.22,253.0,279.82,41,91,45.05494505494506,6.824878048780487,19,19,0,0,0,9
tarde_1,399,cw1,2,121.54,273.0,295.17,79,91,86.81318681318682,3.7363291139240506,35,67,0,0,2,7
tarde_1,399,cw13,2,118.72,267.0,288.33,79,91,86.81318681318682,3.649746835443038,35,68,0,0,2,8
tarde_1,399,multi,3,92.32,209.0,224.21,46,91,50.54945054945055,4.874130434782609,27,27,0,0,0,1
tarde_2,0,cw1,1,62.82,142.0,152.56,44,48,91.66666666666667,3.4672727272727273,31,45,0,0,1,7
tarde_2,0,cw13,1,59.62,138.0,144.79,44,48,91.66666666666667,3.290681818181818,31,45,0,0,1,7
tarde_2,0,multi,3,123.9,259.0,300.91,44,48,91.66666666666667,6.838863636363637,19,19,0,0,1,1
tarde_2,1,cw1,1,55.9,125.0,135.76,42,48,87.5,3.2323809523809524,27,36,0,0,1,5
tarde_2,1,cw13,1,52.6,121.0,127.74,42,48,87.5,3.0414285714285714,27,36,0,0,1,5
tarde_2,1,multi,3,107.1,221.0,260.1,42,48,87.5,6.192857142857143,22,22,0,0,0,1
tarde_2,2,cw1,1,62.32,140.0,151.35,44,48,91.66666666666667,3.439772727272727,29,45,0,0,1,7
tarde_2,2,cw13,1,59.12,136.0,143.58,44,48,91.66666666666667,3.2631818181818186,29,45,0,0,1,7
tarde_2,2,multi,2,85.5,187.0,207.65,44,48,91.66666666666667,4.719318181818182,21,21,0,0,2,2
tarde_2,3,cw1,1,58.22,131.0,141.39,44,48,91.66666666666667,3.2134090909090904,40,57,0,4,1,4
tarde_2,3,cw13,1,55.22,123.0,134.11,44,48,91.66666666666667,3.047954545454546,40,57,0,4,1,4
tarde_2,3,multi,3,126.6,242.0,307.46,44,48,91.66666666666667,6.987727272727272,21,21,0,0,2,1
tarde_2,4,cw1,1,54.9,120.0,133.33,44,48,91.66666666666667,3.030227272727273,35,35,0,0,1,4
tarde_2,4,cw13,1,54.8,122.0,133.09,44,48,91.66666666666667,3.0247727272727274,35,35,0,0,1,4
tarde_2,4,multi,3,100.5,207.0,244.07,44,48,91.66666666666667,5.547045454545454,23,23,0,0,0,1
tarde_2,5,cw1,1,62.82,142.0,152.56,47,48,97.91666666666667,3.245957446808511,37,55,0,1,1,7
tarde_2,5,cw13,1,59.62,138.0,144.79,47,48,97.91666666666667,3.08063829787234,37,55,0,1,1,7
tarde_2,5,multi,3,113.1,241.0,274.68,47,48,97.91666666666667,5.844255319148936,23,23,0,0,0,1
tarde_2,6,cw1,1,55.9,130.0,135.76,40,48,83.33333333333333,3.3939999999999997,30,37,0,0,1,5
tarde_2,6,cw13,1,52.7,124.0,127.99,40,48,83.33333333333333,3.19975,30,37,0,0,1,5
tarde_2,6,multi,3,102.6,214.0,249.17,40,48,83.33333333333333,6.2292499999999995,23,23,0,0,1,1
tarde_2,7,cw1,1,56.7,127.0,137.7,47,48,97.91666666666667,2.929787234042553,32,46,0,0,1,5
tarde_2,7,cw13,1,53.3,118.0,129.44,47,48,97.91666666666667,2.754042553191489,32,46,0,0,1,5
tarde_2,7,multi,3,111.6,230.0,271.03,47,48,97.91666666666667,5.766595744680851,22,22,0,0,0,1
tarde_2,8,cw1,1,60.72,138.0,147.46,45,48,93.75,3.276888888888889,31,43,0,0,1,7
tarde_2,8,cw13,1,57.52,134.0,139.69,45,48,93.75,3.104222222222222,31,43,0,0,1,7
tarde_2,8,multi,3,102.9,209.0,249.9,45,48,93.75,5.553333333333334,29,29,0,0,1,3
tarde_2,9,cw1,1,57.82,131.0,140.42,46,48,95.83333333333333,3.052608695652174,37,52,0,1,1,5
tarde_2,9,cw13,1,54.72,125.0,132.89,46,48,95.83333333333333,2.8889130434782606,37,52,0,1,1,5
tarde_2,9,multi,3,102.3,217.0,248.44,46,48,95.83333333333333,5.400869565217391,24,24,0,0,0,1
tarde_2,10,cw1,1,58.6,137.0,142.32,42,48,87.5,3.3885714285714283,25,45,0,0,1,6
tarde_2,10,cw13,1,55.2,128.0,134.06,42,48,87.5,3.191904761904762,25,45,0,0,1,6
tarde_2,10,multi,3,110.2,228.0,267.64,42,48,87.5,6.3723809523809525,17,17,0,0,0,1
tarde_2,11,cw1,1,60.42,137.0,146.74,44,48,91.66666666666667,3.3350000000000004,37,53,0,1,1,5
tarde_2,11,cw13,1,57.22,130.0,138.96,44,48,91.66666666666667,3.158181818181818,37,53,0,1,1,5
tarde_2,11,multi,3,117.0,244.0,284.14,44,48,91.66666666666667,6.457727272727272,22,22,0,0,1,1
tarde_2,12,cw1,1,56.02,126.0,136.05,44,48,91.66666666666667,3.0920454545454548,39,39,0,3,1,4
tarde_2,12,cw13,1,56.12,126.0,136.29,44,48,91.66666666666667,3.0974999999999997,39,39,0,3,1,4
tarde_2,12,multi,3,109.6,226.0,266.17,44,48,91.66666666666667,6.049318181818182,21,21,0,0,1,2
tarde_2,13,cw1,1,53.84,122.0,130.76,41,48,85.41666666666667,3.1892682926829266,39,50,0,3,1,3
tarde_2,13,cw13,1,53.52,120.0,129.98,41,48,85.41666666666667,3.170243902439024,39,50,0,3,1,3
tarde_2,13,multi,2,91.92,195.0,223.23,41,48,85.41666666666667,5.444634146341463,26,26,0,0,2,0
tarde_2,14,cw1,1,56.9,126.0,138.19,42,48,87.5,3.290238095238095,39,55,0,3,1,4
tarde_2,14,cw13,1,53.7,120.0,130.42,42,48,87.5,3.105238095238095,39,55,0,3,1,4
tarde_2,14,multi,2,72.9,157.0,177.05,42,48,87.5,4.215476190476191,20,20,0,0,0,2
tarde_2,15,cw1,1,61.12,139.0,148.44,47,48,97.91666666666667,3.1582978723404254,37,50,0,1,1,6
tarde_2,15,cw13,1,57.92,132.0,140.66,47,48,97.91666666666667,2.9927659574468084,37,50,0,1,1,6
tarde_2,15,multi,3,93.7,203.0,227.56,47,48,97.91666666666667,4.841702127659574,23,23,0,0,0,1
tarde_2,16,cw1,1,54.52,122.0,132.41,42,48,87.5,3.1526190476190474,35,35,0,0,1,4
tarde_2,16,cw13,1,54.42,123.0,132.16,42,48,87.5,3.1466666666666665,35,35,0,0,1,4
tarde_2,16,multi,2,77.9,169.0,189.19,42,48,87.5,4.50452380952381,20,20,0,0,0,1
tarde_2,17,cw1,1,58.52,131.0,142.12,44,48,91.66666666666667,3.23,35,48,0,0,1,6
tarde_2,17,cw13,1,55.32,127.0,134.35,44,48,91.66666666666667,3.0534090909090907,35,48,0,0,1,6
tarde_2,17,multi,3,92.9,203.0,225.61,44,48,91.66666666666667,5.1275,22,22,0,0,1,2
tarde_2,18,cw1,1,60.82,136.0,147.71,42,48,87.5,3.516904761904762,25,36,0,0,1,6
tarde_2,18,cw13,1,57.62,132.0,139.94,42,48,87.5,3.3319047619047617,25,36,0,0,1,6
tarde_2,18,multi,3,126.8,266.0,307.95,42,48,87.5,7.332142857142857,21,21,0,0,1,0
tarde_2,19,cw1,1,58.4,131.0,141.83,40,48,83.33333333333333,3.5457500000000004,25,36,0,0,1,6
tarde_2,19,cw13,1,55.0,122.0,133.57,40,48,83.33333333333333,3.33925,25,36,0,0,1,6
tarde_2,19,multi,3,114.8,236.0,278.8,40,48,83.33333333333333,6.970000000000001,16,16,0,0,0,2
tarde_2,20,cw1,1,56.72,128.0,137.75,44,48,91.66666666666667,3.1306818181818183,37,52,0,1,1,4
tarde_2,20,cw13,1,53.72,122.0,130.46,44,48,91.66666666666667,2.9650000000000003,37,52,0,1,1,4
tarde_2,20,multi,3,101.8,224.0,247.23,44,48,91.66666666666667,5.618863636363636,18,18,0,0,0,1
tarde_2,21,cw1,1,56.82,126.0,137.99,42,48,87.5,3.285476190476191,34,47,0,0,1,5
tarde_2,21,cw13,1,53.72,120.0,130.46,42,48,87.5,3.106190476190476,34,47,0,0,1,5
tarde_2,21,multi,3,115.1,235.0,279.53,42,48,87.5,6.65547619047619,19,19,0,0,0,0
tarde_2,22,cw1,1,59.72,134.0,145.04,44,48,91.66666666666667,3.2963636363636364,36,51,0,0,1,5
tarde_2,22,cw13,1,56.62,128.0,137.51,44,48,91.66666666666667,3.1252272727272725,36,51,0,0,1,5
tarde_2,22,multi,3,113.9,237.0,276.62,44,48,91.66666666666667,6.286818181818182,24,24,0,0,0,1
tarde_2,23,cw1,1,62.8,142.0,152.52,45,48,93.75,3.3893333333333335,35,50,0,0,1,7
tarde_2,23,cw13,1,59.5,138.0,144.5,45,48,93.75,3.2111111111111112,35,50,0,0,1,7
tarde_2,23,multi,3,92.5,196.0,224.65,45,48,93.75,4.992222222222223,22,22,0,0,0,2
tarde_2,24,cw1,1,57.62,134.0,139.94,47,48,97.91666666666667,2.977446808510638,43,60,0,7,1,5
tarde_2,24,cw13,1,54.62,126.0,132.65,47,48,97.91666666666667,2.822340425531915,43,60,0,7,1,5
tarde_2,24,multi,3,101.0,217.0,245.29,47,48,97.91666666666667,5.218936170212766,22,22,0,0,0,1
tarde_2,25,cw1,1,59.1,132.0,143.53,46,48,95.83333333333333,3.120217391304348,32,44,0,0,1,6
tarde_2,25,cw13,1,55.8,128.0,135.52,46,48,95.83333333333333,2.9460869565217394,32,44,0,0,1,6
tarde_2,25,multi,3,109.0,223.0,264.72,46,48,95.83333333333333,5.754782608695653,24,24,0,0,0,2
tarde_2,26,cw1,1,55.12,123.0,133.86,45,48,93.75,2.974666666666667,41,41,0,5,1,3
tarde_2,26,cw13,1,55.22,123.0,134.11,45,48,93.75,2.9802222222222223,41,41,0,5,1,3
tarde_2,26,multi,2,82.4,168.0,200.12,45,48,93.75,4.447111111111111,24,24,0,0,0,1
tarde_2,27,cw1,1,60.72,137.0,147.46,46,48,95.83333333333333,3.2056521739130437,39,52,0,3,1,6
tarde_2,27,cw13,1,57.62,131.0,139.94,46,48,95.83333333333333,3.042173913043478,39,52,0,3,1,6
tarde_2,27,multi,3,118.02,245.0,286.62,46,48,95.83333333333333,6.230869565217391,22,22,0,0,1,2
tarde_2,28,cw1,1,57.02,127.0,138.48,45,48,93.75,3.0773333333333333,38,52,0,2,1,5
tarde_2,28,cw13,1,53.92,121.0,130.95,45,48,93.75,2.9099999999999997,38,52,0,2,1,5
tarde_2,28,multi,2,93.82,202.0,227.85,45,48,93.75,5.0633333333333335,35,35,0,0,2,8
tarde_2,29,cw1,1,60.32,141.0,146.49,43,48,89.58333333333333,3.4067441860465117,30,39,0,0,1,6
tarde_2,29,cw13,1,57.02,132.0,138.48,43,48,89.58333333333333,3.2204651162790694,30,39,0,0,1,6
tarde_2,29,multi,2,85.52,192.0,207.7,43,48,89.58333333333333,4.830232558139534,30,30,0,0,1,2
tarde_2,30,cw1,1,59.3,132.0,144.02,44,48,91.66666666666667,3.2731818181818184,28,46,0,0,1,7
tarde_2,30,cw13,1,56.0,128.0,136.0,44,48,91.66666666666667,3.090909090909091,28,46,0,0,1,7
tarde_2,30,multi,3,114.1,241.0,277.1,44,48,91.66666666666667,6.297727272727273,21,21,0,0,0,1
tarde_2,31,cw1,1,56.9,126.0,138.19,40,48,83.33333333333333,3.4547499999999998,33,33,0,0,1,5
tarde_2,31,cw13,1,56.8,128.0,137.94,40,48,83.33333333333333,3.4485,33,33,0,0,1,5
tarde_2,31,multi,2,76.5,172.0,185.78,40,48,83.33333333333333,4.6445,21,21,0,0,0,2
tarde_2,32,cw1,1,54.0,120.0,131.14,45,48,93.75,2.914222222222222,38,38,0,2,1,4
tarde_2,32,cw13,1,54.0,120.0,131.14,45,48,93.75,2.914222222222222,38,38,0,2,1,4
tarde_2,32,multi,2,75.5,165.0,183.36,45,48,93.75,4.074666666666667,24,24,0,0,0,2
tarde_2,33,cw1,1,60.52,136.0,146.98,45,48,93.75,3.266222222222222,35,49,0,0,1,6
tarde_2,33,cw13,1,57.42,130.0,139.45,45,48,93.75,3.098888888888889,35,49,0,0,1,6
tarde_2,33,multi,3,117.02,240.0,284.2,45,48,93.75,6.315555555555555,21,21,0,0,0,2
tarde_2,34,cw1,1,61.32,135.0,148.92,45,48,93.75,3.309333333333333,33,46,0,0,1,6
tarde_2,34,cw13,1,58.12,131.0,141.15,45,48,93.75,3.1366666666666667,33,46,0,0,1,6
tarde_2,34,multi,3,122.7,257.0,297.99,45,48,93.75,6.622,20,20,0,0,1,1
tarde_2,35,cw1,1,53.9,122.0,130.9,45,48,93.75,2.908888888888889,37,37,0,1,1,4
tarde_2,35,cw13,1,53.9,124.0,130.9,45,48,93.75,2.908888888888889,37,37,0,1,1,4
tarde_2,35,multi,2,73.8,170.0,179.23,45,48,93.75,3.9828888888888887,20,20,0,0,0,2
tarde_2,36,cw1,1,61.12,141.0,148.44,46,48,95.83333333333333,3.2269565217391305,37,59,0,1,1,7
tarde_2,36,cw13,1,57.92,137.0,140.66,46,48,95.83333333333333,3.0578260869565215,37,59,0,1,1,7
tarde_2,36,multi,3,102.42,214.0,248.74,46,48,95.83333333333333,5.4073913043478266,24,24,0,0,0,2
tarde_2,37,cw1,1,59.22,134.0,143.82,44,48,91.66666666666667,3.2686363636363636,34,47,0,0,1,6
tarde_2,37,cw13,1,56.02,130.0,136.05,44,48,91.66666666666667,3.0920454545454548,34,47,0,0,1,6
tarde_2,37,multi,3,98.62,206.0,239.51,44,48,91.66666666666667,5.443409090909091,20,20,0,0,0,2
tarde_2,38,cw1,1,57.0,127.0,138.43,45,48,93.75,3.0762222222222224,37,53,0,1,1,5
tarde_2,38,cw13,1,53.9,119.0,130.9,45,48,93.75,2.908888888888889,37,53,0,1,1,5
tarde_2,38,multi,3,102.1,219.0,247.96,45,48,93.75,5.510222222222223,20,20,0,0,0,1
tarde_2,39,cw1,1,56.42,123.0,137.02,44,48,91.66666666666667,3.1140909090909092,39,51,0,3,1,5
tarde_2,39,cw13,1,53.32,117.0,129.49,44,48,91.66666666666667,2.942954545454546,39,51,0,3,1,5
tarde_2,39,multi,3,94.42,191.0,229.31,44,48,91.66666666666667,5.211590909090909,25,25,0,0,1,2
tarde_2,40,cw1,1,62.8,142.0,152.52,45,48,93.75,3.3893333333333335,30,43,0,0,1,7
tarde_2,40,cw13,1,59.5,138.0,144.5,45,48,93.75,3.2111111111111112,30,43,0,0,1,7
tarde_2,40,multi,3,128.9,279.0,313.05,45,48,93.75,6.956666666666667,20,20,0,0,2,2
tarde_2,41,cw1,1,57.22,133.0,138.96,43,48,89.58333333333333,3.2316279069767444,37,50,0,1,1,5
tarde_2,41,cw13,1,54.02,126.0,131.19,43,48,89.58333333333333,3.0509302325581396,37,50,0,1,1,5
tarde_2,41,multi,3,101.0,221.0,245.29,43,48,89.58333333333333,5.7044186046511625,17,17,0,0,0,2
tarde_2,42,cw1,1,55.72,126.0,135.32,44,48,91.66666666666667,3.075454545454545,31,41,0,0,1,7
tarde_2,42,cw13,1,52.52,122.0,127.55,44,48,91.66666666666667,2.8988636363636364,31,41,0,0,1,7
tarde_2,42,multi,3,95.12,193.0,231.01,44,48,91.66666666666667,5.2502272727272725,30,30,0,0,0,2
tarde_2,43,cw1,1,57.7,128.0,140.13,46,48,95.83333333333333,3.0463043478260867,39,57,0,3,1,4
tarde_2,43,cw13,1,54.5,122.0,132.36,46,48,95.83333333333333,2.8773913043478263,39,57,0,3,1,4
tarde_2,43,multi,2,81.3,174.0,197.45,46,48,95.83333333333333,4.2923913043478255,22,22,0,0,0,1
tarde_2,44,cw1,1,57.9,130.0,140.62,47,48,97.91666666666667,2.9919148936170212,39,39,0,3,1,5
tarde_2,44,cw13,1,57.8,132.0,140.37,47,48,97.91666666666667,2.986595744680851,39,39,0,3,1,5
tarde_2,44,multi,2,75.3,166.0,182.87,47,48,97.91666666666667,3.8908510638297873,25,25,0,0,0,2
tarde_2,45,cw1,1,58.2,129.0,141.34,42,48,87.5,3.3652380952380954,28,41,0,0,1,5
tarde_2,45,cw13,1,55.0,123.0,133.57,42,48,87.5,3.180238095238095,28,41,0,0,1,5
tarde_2,45,multi,3,123.3,247.0,299.44,42,48,87.5,7.12952380952381,17,17,0,0,0,1
tarde_2,46,cw1,1,55.62,124.0,135.08,43,48,89.58333333333333,3.1413953488372095,38,38,0,2,1,4
tarde_2,46,cw13,1,55.72,126.0,135.32,43,48,89.58333333333333,3.1469767441860466,38,38,0,2,1,4
tarde_2,46,multi,2,71.7,161.0,174.13,43,48,89.58333333333333,4.04953488372093,26,26,0,0,0,2
tarde_2,47,cw1,1,52.42,119.0,127.31,47,48,97.91666666666667,2.708723404255319,35,47,0,0,1,5
tarde_2,47,cw13,1,49.22,112.0,119.54,47,48,97.91666666666667,2.543404255319149,35,47,0,0,1,5
tarde_2,47,multi,3,112.3,228.0,272.74,47,48,97.91666666666667,5.802978723404255,26,26,0,0,0,1
tarde_2,48,cw1,1,53.14,119.0,129.06,45,48,93.75,2.868,41,54,0,5,1,3
tarde_2,48,cw13,1,52.82,117.0,128.28,45,48,93.75,2.8506666666666667,41,54,0,5,1,3
tarde_2,48,multi,3,116.42,241.0,282.73,45,48,93.75,6.282888888888889,22,22,0,0,1,1
tarde_2,49,cw1,1,56.2,126.0,136.49,42,48,87.5,3.249761904761905,34,34,0,0,1,5
tarde_2,49,cw13,1,56.1,128.0,136.24,42,48,87.5,3.243809523809524,34,34,0,0,1,5
tarde_2,49,multi,2,84.1,177.0,204.25,42,48,87.5,4.863095238095238,21,21,0,0,0,3
tarde_2,50,cw1,1,58.7,131.0,142.56,45,48,93.75,3.168,31,45,0,0,1,5
tarde_2,50,cw13,1,55.5,125.0,134.79,45,48,93.75,2.995333333333333,31,45,0,0,1,5
tarde_2,50,multi,3,122.2,256.0,296.77,45,48,93.75,6.594888888888889,24,24,0,0,2,0
tarde_2,51,cw1,1,61.52,140.0,149.41,46,48,95.83333333333333,3.2480434782608696,33,53,0,0,1,6
tarde_2,51,cw13,1,58.22,131.0,141.39,46,48,95.83333333333333,3.073695652173913,33,53,0,0,1,6
tarde_2,51,multi,3,114.3,235.0,277.59,46,48,95.83333333333333,6.034565217391304,24,24,0,0,0,1
tarde_2,52,cw1,1,60.32,138.0,146.49,44,48,91.66666666666667,3.329318181818182,30,42,0,0,1,6
tarde_2,52,cw13,1,57.02,129.0,138.48,44,48,91.66666666666667,3.147272727272727,30,42,0,0,1,6
tarde_2,52,multi,3,104.62,217.0,254.07,44,48,91.66666666666667,5.774318181818182,24,24,0,0,1,2
tarde_2,53,cw1,1,55.62,121.0,135.08,44,48,91.66666666666667,3.0700000000000003,33,50,0,0,1,4
tarde_2,53,cw13,1,52.52,115.0,127.55,44,48,91.66666666666667,2.8988636363636364,33,50,0,0,1,4
tarde_2,53,multi,3,104.4,208.0,253.55,44,48,91.66666666666667,5.7625,24,24,0,0,0,0
tarde_2,54,cw1,1,59.9,138.0,145.47,47,48,97.91666666666667,3.0951063829787233,30,43,0,0,1,6
tarde_2,54,cw13,1,56.5,129.0,137.22,47,48,97.91666666666667,2.9195744680851066,30,43,0,0,1,6
tarde_2,54,multi,3,98.9,207.0,240.18,47,48,97.91666666666667,5.110212765957447,30,30,0,0,0,2
tarde_2,55,cw1,1,58.72,131.0,142.61,46,48,95.83333333333333,3.1002173913043483,34,52,0,0,1,6
tarde_2,55,cw13,1,55.62,125.0,135.08,46,48,95.83333333333333,2.936521739130435,34,52,0,0,1,6
tarde_2,55,multi,3,92.02,197.0,223.48,46,48,95.83333333333333,4.858260869565217,20,20,0,0,1,2
tarde_2,56,cw1,1,58.52,129.0,142.12,44,48,91.66666666666667,3.23,30,49,0,0,1,6
tarde_2,56,cw13,1,55.42,123.0,134.59,44,48,91.66666666666667,3.0588636363636366,30,49,0,0,1,6
tarde_2,56,multi,3,104.52,208.0,253.84,44,48,91.66666666666667,5.7690909090909095,22,22,0,0,1,1
tarde_2,57,cw1,1,56.62,127.0,137.51,47,48,97.91666666666667,2.9257446808510634,42,42,0,6,1,4
tarde_2,57,cw13,1,56.72,129.0,137.75,47,48,97.91666666666667,2.9308510638297873,42,42,0,6,1,4
tarde_2,57,multi,2,74.4,162.0,180.69,47,48,97.91666666666667,3.844468085106383,25,25,0,0,0,2
tarde_2,58,cw1,1,62.6,141.0,152.03,44,48,91.66666666666667,3.4552272727272726,33,48,0,0,1,7
tarde_2,58,cw13,1,59.3,137.0,144.02,44,48,91.66666666666667,3.2731818181818184,33,48,0,0,1,7
tarde_2,58,multi,3,93.3,197.0,226.58,44,48,91.66666666666667,5.149545454545454,20,20,0,0,0,2
tarde_2,59,cw1,1,57.6,129.0,139.89,42,48,87.5,3.3307142857142855,36,36,0,0,1,5
tarde_2,59,cw13,1,57.5,131.0,139.64,42,48,87.5,3.3247619047619046,36,36,0,0,1,5
tarde_2,59,multi,2,71.2,160.0,172.91,42,48,87.5,4.116904761904761,22,22,0,0,1,2
tarde_2,60,cw1,1,58.22,132.0,141.39,43,48,89.58333333333333,3.2881395348837206,36,36,0,0,1,5
tarde_2,60,cw13,1,58.12,133.0,141.15,43,48,89.58333333333333,3.282558139534884,36,36,0,0,1,5
tarde_2,60,multi,2,77.4,171.0,187.98,43,48,89.58333333333333,4.371627906976744,20,20,0,0,0,2
tarde_2,61,cw1,1,60.02,136.0,145.76,42,48,87.5,3.47047619047619,31,51,0,0,1,5
tarde_2,61,cw13,1,56.72,127.0,137.75,42,48,87.5,3.2797619047619047,31,51,0,0,1,5
tarde_2,61,multi,3,111.92,233.0,271.81,42,48,87.5,6.471666666666667,24,24,0,0,1,2
tarde_2,62,cw1,1,53.72,119.0,130.46,44,48,91.66666666666667,2.9650000000000003,41,41,0,5,1,3
tarde_2,62,cw13,1,53.72,121.0,130.46,44,48,91.66666666666667,2.9650000000000003,41,41,0,5,1,3
tarde_2,62,multi,2,69.1,151.0,167.81,44,48,91.66666666666667,3.8138636363636365,27,27,0,0,0,1
tarde_2,63,cw1,1,62.62,141.0,152.08,46,48,95.83333333333333,3.3060869565217392,36,49,0,0,1,7
tarde_2,63,cw13,1,59.42,137.0,144.31,46,48,95.83333333333333,3.1371739130434784,36,49,0,0,1,7
tarde_2,63,multi,3,94.4,202.0,229.26,46,48,95.83333333333333,4.98391304347826,24,24,0,0,0,2
tarde_2,64,cw1,1,59.42,135.0,144.31,46,48,95.83333333333333,3.1371739130434784,38,53,0,2,1,5
tarde_2,64,cw13,1,56.12,126.0,136.29,46,48,95.83333333333333,2.9628260869565217,38,53,0,2,1,5
tarde_2,64,multi,3,105.82,229.0,257.0,46,48,95.83333333333333,5.586956521739131,20,20,0,0,0,1
tarde_2,65,cw1,1,55.1,127.0,133.82,42,48,87.5,3.1861904761904762,32,48,0,0,1,6
tarde_2,65,cw13,1,51.7,118.0,125.56,42,48,87.5,2.9895238095238095,32,48,0,0,1,6
tarde_2,65,multi,3,101.6,223.0,246.75,42,48,87.5,5.875,21,21,0,0,0,1
tarde_2,66,cw1,1,55.72,124.0,135.32,44,48,91.66666666666667,3.075454545454545,38,38,0,2,1,4
tarde_2,66,cw13,1,55.62,125.0,135.08,44,48,91.66666666666667,3.0700000000000003,38,38,0,2,1,4
tarde_2,66,multi,2,72.0,163.0,174.86,44,48,91.66666666666667,3.9740909090909096,20,20,0,0,1,1
tarde_2,67,cw1,1,62.82,142.0,152.56,46,48,95.83333333333333,3.316521739130435,28,46,0,0,1,7
tarde_2,67,cw13,1,59.62,138.0,144.79,46,48,95.83333333333333,3.1476086956521736,28,46,0,0,1,7
tarde_2,67,multi,3,121.32,257.0,294.63,46,48,95.83333333333333,6.405,21,21,0,0,1,1
tarde_2,68,cw1,1,59.0,132.0,143.29,43,48,89.58333333333333,3.3323255813953487,32,45,0,0,1,5
tarde_2,68,cw13,1,55.8,126.0,135.52,43,48,89.58333333333333,3.1516279069767443,32,45,0,0,1,5
tarde_2,68,multi,3,125.5,267.0,304.78,43,48,89.58333333333333,7.087906976744185,20,20,0,0,2,1
tarde_2,69,cw1,1,58.72,131.0,142.61,45,48,93.75,3.1691111111111114,33,45,0,0,1,5
tarde_2,69,cw13,1,55.62,125.0,135.08,45,48,93.75,3.001777777777778,33,45,0,0,1,5
tarde_2,69,multi,3,113.82,237.0,276.42,45,48,93.75,6.142666666666667,27,27,0,0,1,1
tarde_2,70,cw1,1,60.02,136.0,145.76,45,48,93.75,3.239111111111111,37,52,0,1,1,5
tarde_2,70,cw13,1,56.72,127.0,137.75,45,48,93.75,3.061111111111111,37,52,0,1,1,5
tarde_2,70,multi,3,100.92,211.0,245.1,45,48,93.75,5.446666666666666,24,24,0,0,0,1
tarde_2,71,cw1,1,60.82,136.0,147.71,43,48,89.58333333333333,3.4351162790697676,31,47,0,0,1,7
tarde_2,71,cw13,1,57.62,132.0,139.94,43,48,89.58333333333333,3.2544186046511627,31,47,0,0,1,7
tarde_2,71,multi,3,115.9,237.0,281.48,43,48,89.58333333333333,6.546046511627908,21,21,0,0,0,1
tarde_2,72,cw1,1,56.5,128.0,137.22,44,48,91.66666666666667,3.1186363636363637,32,46,0,0,1,5
tarde_2,72,cw13,1,53.3,122.0,129.44,44,48,91.66666666666667,2.941818181818182,32,46,0,0,1,5
tarde_2,72,multi,3,91.8,195.0,222.94,44,48,91.66666666666667,5.066818181818181,20,20,0,0,0,1
tarde_2,73,cw1,1,57.62,133.0,139.94,45,48,93.75,3.1097777777777775,38,57,0,2,1,5
tarde_2,73,cw13,1,54.42,126.0,132.16,45,48,93.75,2.936888888888889,38,57,0,2,1,5
tarde_2,73,multi,3,105.9,226.0,257.18,45,48,93.75,5.715111111111112,25,25,0,0,1,1
tarde_2,74,cw1,1,58.52,130.0,142.12,42,48,87.5,3.383809523809524,34,50,0,0,1,5
tarde_2,74,cw13,1,55.42,124.0,134.59,42,48,87.5,3.2045238095238098,34,50,0,0,1,5
tarde_2,74,multi,3,107.7,226.0,261.56,42,48,87.5,6.227619047619048,23,23,0,0,1,0
tarde_2,75,cw1,1,59.22,132.0,143.82,43,48,89.58333333333333,3.3446511627906976,33,48,0,0,1,5
tarde_2,75,cw13,1,56.12,126.0,136.29,43,48,89.58333333333333,3.16953488372093,33,48,0,0,1,5
tarde_2,75,multi,3,90.6,192.0,220.03,43,48,89.58333333333333,5.116976744186046,21,21,0,0,0,2
tarde_2,76,cw1,1,58.62,132.0,142.36,45,48,93.75,3.163555555555556,41,53,0,5,1,5
tarde_2,76,cw13,1,55.62,124.0,135.08,45,48,93.75,3.001777777777778,41,53,0,5,1,5
tarde_2,76,multi,3,114.5,236.0,278.07,45,48,93.75,6.179333333333333,17,17,0,0,0,1
tarde_2,77,cw1,1,52.92,117.0,128.52,46,48,95.83333333333333,2.7939130434782613,39,39,0,3,1,4
tarde_2,77,cw13,1,52.82,118.0,128.28,46,48,95.83333333333333,2.7886956521739132,39,39,0,3,1,4
tarde_2,77,multi,3,104.2,216.0,253.06,46,48,95.83333333333333,5.501304347826087,23,23,0,0,0,1
tarde_2,78,cw1,1,56.7,128.0,137.7,45,48,93.75,3.0599999999999996,39,55,0,3,1,4
tarde_2,78,cw13,1,53.6,122.0,130.17,45,48,93.75,2.8926666666666665,39,55,0,3,1,4
tarde_2,78,multi,3,101.2,220.0,245.77,45,48,93.75,5.461555555555556,19,19,0,0,0,0
tarde_2,79,cw1,1,56.22,126.0,136.54,43,48,89.58333333333333,3.175348837209302,38,38,0,2,1,4
tarde_2,79,cw13,1,56.12,127.0,136.29,43,48,89.58333333333333,3.16953488372093,38,38,0,2,1,4
tarde_2,79,multi,3,92.9,201.0,225.61,43,48,89.58333333333333,5.246744186046512,25,25,0,0,0,1
tarde_2,80,cw1,1,56.1,125.0,136.24,44,48,91.66666666666667,3.0963636363636367,35,35,0,0,1,4
tarde_2,80,cw13,1,56.0,127.0,136.0,44,48,91.66666666666667,3.090909090909091,35,35,0,0,1,4
tarde_2,80,multi,2,78.7,168.0,191.13,44,48,91.66666666666667,4.343863636363636,25,25,0,0,1,1
tarde_2,81,cw1,1,59.02,133.0,143.34,45,48,93.75,3.1853333333333333,40,58,0,4,1,6
tarde_2,81,cw13,1,55.92,127.0,135.81,45,48,93.75,3.0180000000000002,40,58,0,4,1,6
tarde_2,81,multi,3,94.1,202.0,228.53,45,48,93.75,5.078444444444444,25,25,0,0,0,2
tarde_2,82,cw1,1,59.5,131.0,144.5,47,48,97.91666666666667,3.074468085106383,30,44,0,0,1,7
tarde_2,82,cw13,1,56.2,127.0,136.49,47,48,97.91666666666667,2.9040425531914895,30,44,0,0,1,7
tarde_2,82,multi,3,115.0,236.0,279.29,47,48,97.91666666666667,5.942340425531915,22,22,0,0,0,2
tarde_2,83,cw1,1,58.52,128.0,142.12,43,48,89.58333333333333,3.3051162790697677,35,53,0,0,1,6
tarde_2,83,cw13,1,55.32,124.0,134.35,43,48,89.58333333333333,3.124418604651163,35,53,0,0,1,6
tarde_2,83,multi,3,95.1,202.0,230.96,43,48,89.58333333333333,5.371162790697674,24,24,0,0,0,1
tarde_2,84,cw1,1,58.82,132.0,142.85,41,48,85.41666666666667,3.4841463414634144,32,44,0,0,1,5
tarde_2,84,cw13,1,55.62,125.0,135.08,41,48,85.41666666666667,3.2946341463414637,32,44,0,0,1,5
tarde_2,84,multi,3,104.8,221.0,254.52,41,48,85.41666666666667,6.207804878048781,20,20,0,0,2,1
tarde_2,85,cw1,1,62.0,142.0,150.57,46,48,95.83333333333333,3.2732608695652172,33,50,0,0,1,6
tarde_2,85,cw13,1,58.6,133.0,142.32,46,48,95.83333333333333,3.0939130434782607,33,50,0,0,1,6
tarde_2,85,multi,3,112.3,243.0,272.73,46,48,95.83333333333333,5.9289130434782615,19,19,0,0,0,1
tarde_2,86,cw1,1,62.6,141.0,152.03,46,48,95.83333333333333,3.305,33,49,0,0,1,7
tarde_2,86,cw13,1,59.3,137.0,144.02,46,48,95.83333333333333,3.1308695652173917,33,49,0,0,1,7
tarde_2,86,multi,3,100.8,213.0,244.8,46,48,95.83333333333333,5.321739130434783,21,21,0,0,1,2
tarde_2,87,cw1,1,58.5,129.0,142.07,39,48,81.25,3.6428205128205127,33,45,0,0,1,5
tarde_2,87,cw13,1,55.3,123.0,134.3,39,48,81.25,3.443589743589744,33,45,0,0,1,5
tarde_2,87,multi,3,90.4,190.0,219.54,39,48,81.25,5.629230769230769,21,21,0,0,0,0
tarde_2,88,cw1,1,53.52,120.0,129.98,42,48,87.5,3.0947619047619046,38,38,0,2,1,2
tarde_2,88,cw13,1,53.52,119.0,129.98,42,48,87.5,3.0947619047619046,38,38,0,2,1,2
tarde_2,88,multi,2,74.2,159.0,180.2,42,48,87.5,4.29047619047619,22,22,0,0,0,1
tarde_2,89,cw1,1,59.02,131.0,143.34,43,48,89.58333333333333,3.3334883720930235,34,45,0,0,1,5
tarde_2,89,cw13,1,55.92,125.0,135.81,43,48,89.58333333333333,3.1583720930232557,34,45,0,0,1,5
tarde_2,89,multi,3,118.62,249.0,288.08,43,48,89.58333333333333,6.69953488372093,21,21,0,0,1,2
tarde_2,90,cw1,1,56.7,126.0,137.7,42,48,87.5,3.2785714285714285,26,39,0,0,1,5
tarde_2,90,cw13,1,53.4,122.0,129.69,42,48,87.5,3.0878571428571426,26,39,0,0,1,5
tarde_2,90,multi,2,86.1,181.0,209.1,42,48,87.5,4.978571428571429,26,35,0,0,1,10
tarde_2,91,cw1,1,57.8,127.0,140.37,41,48,85.41666666666667,3.423658536585366,32,45,0,0,1,4
tarde_2,91,cw13,1,54.6,121.0,132.6,41,48,85.41666666666667,3.2341463414634144,32,45,0,0,1,4
tarde_2,91,multi,2,85.6,173.0,207.89,41,48,85.41666666666667,5.070487804878049,19,19,0,0,1,0
tarde_2,92,cw1,1,58.82,138.0,142.85,44,48,91.66666666666667,3.246590909090909,30,43,0,0,1,6
tarde_2,92,cw13,1,55.52,129.0,134.84,44,48,91.66666666666667,3.0645454545454545,30,43,0,0,1,6
tarde_2,92,multi,3,89.3,192.0,216.87,44,48,91.66666666666667,4.928863636363636,21,21,0,0,0,2
tarde_2,93,cw1,1,59.72,132.0,145.04,45,48,93.75,3.223111111111111,35,50,0,0,1,5
tarde_2,93,cw13,1,56.52,128.0,137.26,45,48,93.75,3.050222222222222,35,50,0,0,1,5
tarde_2,93,multi,3,98.82,207.0,239.99,45,48,93.75,5.333111111111111,21,21,0,0,1,1
tarde_2,94,cw1,1,60.72,137.0,147.46,45,48,93.75,3.276888888888889,34,47,0,0,1,6
tarde_2,94,cw13,1,57.62,131.0,139.94,45,48,93.75,3.1097777777777775,34,47,0,0,1,6
tarde_2,94,multi,3,110.22,223.0,267.67,45,48,93.75,5.948222222222222,29,29,0,0,1,1
tarde_2,95,cw1,1,55.52,124.0,134.84,44,48,91.66666666666667,3.0645454545454545,37,50,0,1,1,5
tarde_2,95,cw13,1,52.42,118.0,127.31,44,48,91.66666666666667,2.893409090909091,37,50,0,1,1,5
tarde_2,95,multi,3,95.1,204.0,230.95,44,48,91.66666666666667,5.2488636363636365,21,21,0,0,0,1
tarde_2,96,cw1,1,57.42,129.0,139.45,39,48,81.25,3.5756410256410254,25,35,0,0,1,5
tarde_2,96,cw13,1,54.22,122.0,131.68,39,48,81.25,3.3764102564102565,25,35,0,0,1,5
tarde_2,96,multi,3,108.72,220.0,264.04,39,48,81.25,6.770256410256411,19,19,0,0,0,1
tarde_2,97,cw1,1,59.32,134.0,144.06,45,48,93.75,3.2013333333333334,36,51,0,0,1,5
tarde_2,97,cw13,1,56.12,127.0,136.29,45,48,93.75,3.0286666666666666,36,51,0,0,1,5
tarde_2,97,multi,3,102.02,208.0,247.77,45,48,93.75,5.506,22,22,0,0,1,1
tarde_2,98,cw1,1,58.32,135.0,141.64,43,48,89.58333333333333,3.2939534883720927,28,43,0,0,1,5
tarde_2,98,cw13,1,55.02,126.0,133.62,43,48,89.58333333333333,3.107441860465116,28,43,0,0,1,5
tarde_2,98,multi,2,81.72,181.0,198.47,43,48,89.58333333333333,4.615581395348837,34,34,0,0,1,1
tarde_2,99,cw1,1,59.42,137.0,144.31,45,48,93.75,3.206888888888889,35,46,0,0,1,7
tarde_2,99,cw13,1,56.22,133.0,136.54,45,48,93.75,3.034222222222222,35,46,0,0,1,7
tarde_2,99,multi,3,105.1,221.0,255.24,45,48,93.75,5.672000000000001,27,27,0,0,1,2
tarde_2,100,cw1,1,52.42,116.0,127.31,45,48,93.75,2.829111111111111,31,42,0,0,1,5
tarde_2,100,cw13,1,49.32,110.0,119.78,45,48,93.75,2.661777777777778,31,42,0,0,1,5
tarde_2,100,multi,2,85.5,177.0,207.65,45,48,93.75,4.614444444444445,22,22,0,0,0,1
tarde_2,101,cw1,1,60.3,134.0,146.44,45,48,93.75,3.2542222222222223,31,42,0,0,1,6
tarde_2,101,cw13,1,57.0,130.0,138.43,45,48,93.75,3.0762222222222224,31,42,0,0,1,6
tarde_2,101,multi,3,99.6,204.0,241.88,45,48,93.75,5.375111111111111,20,20,0,0,0,0
tarde_2,102,cw1,1,60.0,134.0,145.72,42,48,87.5,3.4695238095238095,29,35,0,0,1,6
tarde_2,102,cw13,1,56.8,128.0,137.94,42,48,87.5,3.2842857142857143,29,35,0,0,1,6
tarde_2,102,multi,3,100.2,207.0,243.34,42,48,87.5,5.793809523809524,23,23,0,0,0,1
tarde_2,103,cw1,1,58.3,127.0,141.59,42,48,87.5,3.3711904761904763,29,43,0,0,1,6
tarde_2,103,cw13,1,55.0,123.0,133.57,42,48,87.5,3.180238095238095,29,43,0,0,1,6
tarde_2,103,multi,3,123.1,259.0,298.96,42,48,87.5,7.118095238095238,17,17,0,0,0,2
tarde_2,104,cw1,1,60.02,136.0,145.76,46,48,95.83333333333333,3.1686956521739127,32,44,0,0,1,5
tarde_2,104,cw13,1,56.72,127.0,137.75,46,48,95.83333333333333,2.994565217391304,32,44,0,0,1,5
tarde_2,104,multi,3,116.62,246.0,283.22,46,48,95.83333333333333,6.156956521739131,23,23,0,0,0,0
tarde_2,105,cw1,1,59.1,132.0,143.53,43,48,89.58333333333333,3.3379069767441862,36,57,0,0,1,6
tarde_2,105,cw13,1,55.8,128.0,135.52,43,48,89.58333333333333,3.1516279069767443,36,57,0,0,1,6
tarde_2,105,multi,3,96.0,201.0,233.14,43,48,89.58333333333333,5.4218604651162785,27,27,0,0,1,1
tarde_2,106,cw1,1,59.0,132.0,143.29,38,48,79.16666666666667,3.7707894736842102,28,41,0,0,1,6
tarde_2,106,cw13,1,55.8,126.0,135.52,38,48,79.16666666666667,3.5663157894736845,28,41,0,0,1,6
tarde_2,106,multi,3,103.0,209.0,250.14,38,48,79.16666666666667,6.582631578947368,21,21,0,0,1,1
tarde_2,107,cw1,1,57.4,130.0,139.4,45,48,93.75,3.097777777777778,37,50,0,1,1,5
tarde_2,107,cw13,1,54.3,122.0,131.87,45,48,93.75,2.9304444444444444,37,50,0,1,1,5
tarde_2,107,multi,2,82.3,177.0,199.87,45,48,93.75,4.4415555555555555,34,34,0,0,1,2
tarde_2,108,cw1,1,52.34,122.0,127.11,46,48,95.83333333333333,2.7632608695652174,43,68,0,7,1,3
tarde_2,108,cw13,1,52.02,120.0,126.34,46,48,95.83333333333333,2.746521739130435,43,68,0,7,1,3
tarde_2,108,multi,2,75.92,160.0,184.38,46,48,95.83333333333333,4.008260869565217,32,32,0,0,0,1
tarde_2,109,cw1,1,62.02,142.0,150.62,45,48,93.75,3.3471111111111114,32,44,0,0,1,6
tarde_2,109,cw13,1,58.72,133.0,142.61,45,48,93.75,3.1691111111111114,32,44,0,0,1,6
tarde_2,109,multi,3,121.62,262.0,295.37,45,48,93.75,6.563777777777778,24,24,0,0,2,2
tarde_2,110,cw1,1,56.32,127.0,136.78,44,48,91.66666666666667,3.108636363636364,35,35,0,0,1,5
tarde_2,110,cw13,1,56.22,128.0,136.54,44,48,91.66666666666667,3.103181818181818,35,35,0,0,1,5
tarde_2,110,multi,2,82.3,181.0,199.88,44,48,91.66666666666667,4.542727272727273,22,22,0,0,1,2
tarde_2,111,cw1,1,55.52,124.0,134.84,47,48,97.91666666666667,2.868936170212766,43,43,0,7,1,4
tarde_2,111,cw13,1,55.62,124.0,135.08,47,48,97.91666666666667,2.8740425531914897,43,43,0,7,1,4
tarde_2,111,multi,2,76.9,168.0,186.76,47,48,97.91666666666667,3.9736170212765956,26,26,0,0,0,2
tarde_2,112,cw1,1,54.8,118.0,133.09,42,48,87.5,3.1688095238095237,38,51,0,2,1,4
tarde_2,112,cw13,1,51.7,110.0,125.56,42,48,87.5,2.9895238095238095,38,51,0,2,1,4
tarde_2,112,multi,2,72.8,154.0,176.8,42,48,87.5,4.20952380952381,30,30,0,0,0,2
tarde_2,113,cw1,1,57.92,129.0,140.66,40,48,83.33333333333333,3.5164999999999997,33,53,0,0,1,5
tarde_2,113,cw13,1,54.62,120.0,132.65,40,48,83.33333333333333,3.31625,33,53,0,0,1,5
tarde_2,113,multi,2,83.3,173.0,202.3,40,48,83.33333333333333,5.0575,27,27,0,0,0,1
tarde_2,114,cw1,1,57.82,129.0,140.42,44,48,91.66666666666667,3.191363636363636,41,60,0,5,1,5
tarde_2,114,cw13,1,54.72,123.0,132.89,44,48,91.66666666666667,3.0202272727272725,41,60,0,5,1,5
tarde_2,114,multi,3,93.1,199.0,226.1,44,48,91.66666666666667,5.138636363636364,23,23,0,0,0,2
tarde_2,115,cw1,1,55.62,124.0,135.08,44,48,91.66666666666667,3.0700000000000003,39,52,0,3,1,5
tarde_2,115,cw13,1,52.62,116.0,127.79,44,48,91.66666666666667,2.904318181818182,39,52,0,3,1,5
tarde_2,115,multi,2,91.8,188.0,222.95,44,48,91.66666666666667,5.067045454545454,21,21,0,0,1,2
tarde_2,116,cw1,1,57.2,126.0,138.92,47,48,97.91666666666667,2.9557446808510637,38,55,0,2,1,4
tarde_2,116,cw13,1,54.0,120.0,131.14,47,48,97.91666666666667,2.7902127659574467,38,55,0,2,1,4
tarde_2,116,multi,2,78.6,171.0,190.89,47,48,97.91666666666667,4.061489361702128,23,23,0,0,0,1
tarde_2,117,cw1,1,60.32,134.0,146.49,44,48,91.66666666666667,3.329318181818182,25,39,0,0,1,6
tarde_2,117,cw13,1,57.12,130.0,138.72,44,48,91.66666666666667,3.152727272727273,25,39,0,0,1,6
tarde_2,117,multi,2,81.4,177.0,197.69,44,48,91.66666666666667,4.492954545454546,18,18,0,0,0,1
tarde_2,118,cw1,1,53.14,119.0,129.06,45,48,93.75,2.868,43,55,0,7,1,3
tarde_2,118,cw13,1,52.82,117.0,128.28,45,48,93.75,2.8506666666666667,43,55,0,7,1,3
tarde_2,118,multi,2,66.32,147.0,161.06,45,48,93.75,3.579111111111111,31,31,0,0,0,0
tarde_2,119,cw1,1,59.12,132.0,143.58,47,48,97.91666666666667,3.054893617021277,38,58,0,2,1,6
tarde_2,119,cw13,1,55.92,128.0,135.81,47,48,97.91666666666667,2.8895744680851063,38,58,0,2,1,6
tarde_2,119,multi,3,93.9,198.0,228.04,47,48,97.91666666666667,4.851914893617021,28,28,0,0,0,1
tarde_2,120,cw1,1,56.72,125.0,137.75,43,48,89.58333333333333,3.203488372093023,38,38,0,2,1,4
tarde_2,120,cw13,1,56.62,126.0,137.51,43,48,89.58333333333333,3.1979069767441857,38,38,0,2,1,4
tarde_2,120,multi,2,84.0,186.0,204.01,43,48,89.58333333333333,4.7444186046511625,27,27,0,0,1,2
tarde_2,121,cw1,1,60.9,138.0,147.9,43,48,89.58333333333333,3.4395348837209303,34,48,0,0,1,5
tarde_2,121,cw13,1,57.5,129.0,139.64,43,48,89.58333333333333,3.247441860465116,34,48,0,0,1,5
tarde_2,121,multi,3,106.3,225.0,258.16,43,48,89.58333333333333,6.003720930232559,19,19,0,0,0,1
tarde_2,122,cw1,1,59.12,134.0,143.58,45,48,93.75,3.190666666666667,41,56,0,5,1,5
tarde_2,122,cw13,1,56.12,126.0,136.29,45,48,93.75,3.0286666666666666,41,56,0,5,1,5
tarde_2,122,multi,3,101.8,219.0,247.23,45,48,93.75,5.494,21,21,0,0,0,1
tarde_2,123,cw1,1,58.2,129.0,141.34,47,48,97.91666666666667,3.0072340425531916,37,60,0,1,1,5
tarde_2,123,cw13,1,55.0,123.0,133.57,47,48,97.91666666666667,2.8419148936170213,37,60,0,1,1,5
tarde_2,123,multi,2,82.7,170.0,200.85,47,48,97.91666666666667,4.273404255319149,28,28,0,0,1,0
tarde_2,124,cw1,1,56.9,127.0,138.19,44,48,91.66666666666667,3.140681818181818,37,53,0,1,1,4
tarde_2,124,cw13,1,53.8,119.0,130.66,44,48,91.66666666666667,2.9695454545454543,37,53,0,1,1,4
tarde_2,124,multi,3,102.2,213.0,248.21,44,48,91.66666666666667,5.641136363636364,24,24,0,0,0,0
tarde_2,125,cw1,1,56.32,126.0,136.78,47,48,97.91666666666667,2.910212765957447,45,61,0,9,1,4
tarde_2,125,cw13,1,53.32,118.0,129.49,47,48,97.91666666666667,2.7551063829787235,45,61,0,9,1,4
tarde_2,125,multi,2,75.82,164.0,184.14,47,48,97.91666666666667,3.917872340425532,36,36,0,0,1,2
tarde_2,126,cw1,1,58.2,127.0,141.34,40,48,83.33333333333333,3.5335,31,40,0,0,1,4
tarde_2,126,cw13,1,55.0,121.0,133.57,40,48,83.33333333333333,3.33925,31,40,0,0,1,4
tarde_2,126,multi,3,117.1,240.0,284.39,40,48,83.33333333333333,7.10975,22,22,0,0,0,2
tarde_2,127,cw1,1,55.4,124.0,134.54,43,48,89.58333333333333,3.1288372093023256,39,55,0,3,1,4
tarde_2,127,cw13,1,52.3,116.0,127.02,43,48,89.58333333333333,2.953953488372093,39,55,0,3,1,4
tarde_2,127,multi,3,93.2,203.0,226.34,43,48,89.58333333333333,5.263720930232558,22,22,0,0,0,0
tarde_2,128,cw1,1,58.5,130.0,142.07,46,48,95.83333333333333,3.088478260869565,34,47,0,0,1,5
tarde_2,128,cw13,1,55.3,124.0,134.3,46,48,95.83333333333333,2.9195652173913045,34,47,0,0,1,5
tarde_2,128,multi,3,128.5,270.0,312.07,46,48,95.83333333333333,6.784130434782608,22,22,0,0,2,1
tarde_2,129,cw1,1,61.82,141.0,150.14,46,48,95.83333333333333,3.2639130434782606,34,49,0,0,1,6
tarde_2,129,cw13,1,58.52,132.0,142.12,46,48,95.83333333333333,3.0895652173913044,34,49,0,0,1,6
tarde_2,129,multi,3,93.5,200.0,227.07,46,48,95.83333333333333,4.936304347826087,24,24,0,0,0,2
tarde_2,130,cw1,1,60.7,138.0,147.42,44,48,91.66666666666667,3.350454545454545,30,41,0,0,1,7
tarde_2,130,cw13,1,57.4,134.0,139.4,44,48,91.66666666666667,3.1681818181818184,30,41,0,0,1,7
tarde_2,130,multi,3,111.6,227.0,271.03,44,48,91.66666666666667,6.159772727272727,18,18,0,0,1,2
tarde_2,131,cw1,1,57.9,130.0,140.62,44,48,91.66666666666667,3.195909090909091,33,33,0,0,1,5
tarde_2,131,cw13,1,57.8,132.0,140.37,44,48,91.66666666666667,3.190227272727273,33,33,0,0,1,5
tarde_2,131,multi,2,74.5,163.0,180.93,44,48,91.66666666666667,4.112045454545455,25,25,0,0,0,2
tarde_2,132,cw1,1,58.82,132.0,142.85,46,48,95.83333333333333,3.1054347826086954,32,42,0,0,1,5
tarde_2,132,cw13,1,55.62,125.0,135.08,46,48,95.83333333333333,2.936521739130435,32,42,0,0,1,5
tarde_2,132,multi,3,118.92,256.0,288.81,46,48,95.83333333333333,6.278478260869565,25,25,0,0,2,1
tarde_2,133,cw1,1,58.82,132.0,142.85,45,48,93.75,3.174444444444444,33,48,0,0,1,6
tarde_2,133,cw13,1,55.72,126.0,135.32,45,48,93.75,3.007111111111111,33,48,0,0,1,6
tarde_2,133,multi,3,112.4,232.0,272.97,45,48,93.75,6.066000000000001,22,22,0,0,0,1
tarde_2,134,cw1,1,62.3,139.0,151.3,44,48,91.66666666666667,3.438636363636364,29,43,0,0,1,7
tarde_2,134,cw13,1,59.0,135.0,143.29,44,48,91.66666666666667,3.256590909090909,29,43,0,0,1,7
tarde_2,134,multi,3,125.3,264.0,304.3,44,48,91.66666666666667,6.915909090909091,20,20,0,0,1,2
tarde_2,135,cw1,1,60.1,133.0,145.96,42,48,87.5,3.4752380952380952,32,43,0,0,1,6
tarde_2,135,cw13,1,56.8,129.0,137.94,42,48,87.5,3.2842857142857143,32,43,0,0,1,6
tarde_2,135,multi,3,88.0,183.0,213.72,42,48,87.5,5.088571428571429,21,21,0,0,0,1
tarde_2,136,cw1,1,55.22,123.0,134.11,43,48,89.58333333333333,3.1188372093023258,36,54,0,0,1,5
tarde_2,136,cw13,1,52.12,117.0,126.58,43,48,89.58333333333333,2.943720930232558,36,54,0,0,1,5
tarde_2,136,multi,2,84.4,172.0,204.98,43,48,89.58333333333333,4.766976744186047,24,24,0,0,0,1
tarde_2,137,cw1,1,60.32,134.0,146.49,42,48,87.5,3.487857142857143,22,31,0,0,1,6
tarde_2,137,cw13,1,57.12,130.0,138.72,42,48,87.5,3.302857142857143,22,31,0,0,1,6
tarde_2,137,multi,3,120.62,252.0,292.94,42,48,87.5,6.9747619047619045,23,23,0,0,1,0
tarde_2,138,cw1,1,58.82,132.0,142.85,45,48,93.75,3.174444444444444,37,54,0,1,1,5
tarde_2,138,cw13,1,55.62,125.0,135.08,45,48,93.75,3.001777777777778,37,54,0,1,1,5
tarde_2,138,multi,3,108.8,238.0,264.23,45,48,93.75,5.871777777777778,24,24,0,0,1,1
tarde_2,139,cw1,1,55.72,126.0,135.32,45,48,93.75,3.007111111111111,33,45,0,0,1,7
tarde_2,139,cw13,1,52.52,122.0,127.55,45,48,93.75,2.8344444444444443,33,45,0,0,1,7
tarde_2,139,multi,3,97.1,201.0,235.81,45,48,93.75,5.240222222222222,29,29,0,0,0,2
tarde_2,140,cw1,1,58.02,131.0,140.91,44,48,91.66666666666667,3.2025,36,36,0,0,1,5
tarde_2,140,cw13,1,57.92,132.0,140.66,44,48,91.66666666666667,3.196818181818182,36,36,0,0,1,5
tarde_2,140,multi,3,103.8,227.0,252.09,44,48,91.66666666666667,5.729318181818182,23,23,0,0,1,1
tarde_2,141,cw1,1,59.3,132.0,144.02,46,48,95.83333333333333,3.1308695652173917,33,49,0,0,1,6
tarde_2,141,cw13,1,56.0,128.0,136.0,46,48,95.83333333333333,2.9565217391304346,33,49,0,0,1,6
tarde_2,141,multi,3,106.3,226.0,258.16,46,48,95.83333333333333,5.6121739130434785,21,21,0,0,0,0
tarde_2,142,cw1,1,57.42,129.0,139.45,44,48,91.66666666666667,3.1693181818181815,37,37,0,1,1,4
tarde_2,142,cw13,1,57.42,131.0,139.45,44,48,91.66666666666667,3.1693181818181815,37,37,0,1,1,4
tarde_2,142,multi,2,71.4,161.0,173.4,44,48,91.66666666666667,3.940909090909091,21,21,0,0,0,2
tarde_2,143,cw1,1,57.02,127.0,138.48,47,48,97.91666666666667,2.946382978723404,34,44,0,0,1,5
tarde_2,143,cw13,1,53.92,121.0,130.95,47,48,97.91666666666667,2.786170212765957,34,44,0,0,1,5
tarde_2,143,multi,3,95.5,206.0,231.92,47,48,97.91666666666667,4.934468085106383,28,28,0,0,0,1
tarde_2,144,cw1,1,51.54,117.0,125.17,42,48,87.5,2.980238095238095,39,51,0,3,1,3
tarde_2,144,cw13,1,51.22,115.0,124.39,42,48,87.5,2.961666666666667,39,51,0,3,1,3
tarde_2,144,multi,3,95.3,203.0,231.44,42,48,87.5,5.51047619047619,20,20,0,0,0,1
tarde_2,145,cw1,1,62.32,140.0,151.35,45,48,93.75,3.3633333333333333,28,37,0,0,1,7
tarde_2,145,cw13,1,59.12,136.0,143.58,45,48,93.75,3.190666666666667,28,37,0,0,1,7
tarde_2,145,multi,3,121.72,262.0,295.61,45,48,93.75,6.569111111111112,24,24,0,0,1,2
tarde_2,146,cw1,1,58.02,130.0,140.91,41,48,85.41666666666667,3.4368292682926826,35,51,0,0,1,5
tarde_2,146,cw13,1,54.92,124.0,133.38,41,48,85.41666666666667,3.253170731707317,35,51,0,0,1,5
tarde_2,146,multi,3,102.7,217.0,249.42,41,48,85.41666666666667,6.083414634146341,21,21,0,0,0,1
tarde_2,147,cw1,1,52.64,117.0,127.84,46,48,95.83333333333333,2.779130434782609,44,62,0,8,1,3
tarde_2,147,cw13,1,52.32,115.0,127.06,46,48,95.83333333333333,2.7621739130434784,44,62,0,8,1,3
tarde_2,147,multi,3,99.6,211.0,241.89,46,48,95.83333333333333,5.258478260869565,24,24,0,0,0,0
tarde_2,148,cw1,1,58.42,132.0,141.88,43,48,89.58333333333333,3.29953488372093,37,49,0,1,1,4
tarde_2,148,cw13,1,55.42,126.0,134.59,43,48,89.58333333333333,3.13,37,49,0,1,1,4
tarde_2,148,multi,3,114.22,242.0,277.4,43,48,89.58333333333333,6.451162790697674,23,23,0,0,2,1
tarde_2,149,cw1,1,52.12,120.0,126.58,44,48,91.66666666666667,2.876818181818182,41,41,0,5,1,3
tarde_2,149,cw13,1,52.22,122.0,126.82,44,48,91.66666666666667,2.8822727272727273,41,41,0,5,1,3
tarde_2,149,multi,2,76.4,168.0,185.55,44,48,91.66666666666667,4.217045454545455,35,35,0,0,1,1
tarde_2,150,cw1,1,52.92,117.0,128.52,46,48,95.83333333333333,2.7939130434782613,36,36,0,0,1,4
tarde_2,150,cw13,1,52.82,118.0,128.28,46,48,95.83333333333333,2.7886956521739132,36,36,0,0,1,4
tarde_2,150,multi,2,67.9,149.0,164.9,46,48,95.83333333333333,3.5847826086956522,24,24,0,0,0,1
tarde_2,151,cw1,1,60.8,136.0,147.66,42,48,87.5,3.5157142857142856,28,40,0,0,1,6
tarde_2,151,cw13,1,57.5,132.0,139.64,42,48,87.5,3.3247619047619046,28,40,0,0,1,6
tarde_2,151,multi,3,94.9,197.0,230.48,42,48,87.5,5.487619047619047,19,19,0,0,1,1
tarde_2,152,cw1,1,58.82,138.0,142.85,45,48,93.75,3.174444444444444,35,49,0,0,1,6
tarde_2,152,cw13,1,55.52,129.0,134.84,45,48,93.75,2.9964444444444447,35,49,0,0,1,6
tarde_2,152,multi,3,89.3,192.0,216.87,45,48,93.75,4.819333333333334,21,21,0,0,0,2
tarde_2,153,cw1,1,59.42,135.0,144.31,41,48,85.41666666666667,3.519756097560976,30,39,0,0,1,6
tarde_2,153,cw13,1,56.22,128.0,136.54,41,48,85.41666666666667,3.3302439024390242,30,39,0,0,1,6
tarde_2,153,multi,3,111.32,233.0,270.35,41,48,85.41666666666667,6.593902439024391,23,23,0,0,1,2
tarde_2,154,cw1,1,62.12,139.0,150.86,40,48,83.33333333333333,3.7715000000000005,26,33,0,0,1,7
tarde_2,154,cw13,1,58.92,135.0,143.09,40,48,83.33333333333333,3.5772500000000003,26,33,0,0,1,7
tarde_2,154,multi,3,102.02,208.0,247.76,40,48,83.33333333333333,6.194,18,18,0,0,0,2
tarde_2,155,cw1,1,59.22,133.0,143.82,43,48,89.58333333333333,3.3446511627906976,35,48,0,0,1,6
tarde_2,155,cw13,1,56.02,126.0,136.05,43,48,89.58333333333333,3.1639534883720932,35,48,0,0,1,6
tarde_2,155,multi,3,105.92,219.0,257.24,43,48,89.58333333333333,5.982325581395349,22,22,0,0,0,2
tarde_2,156,cw1,1,58.02,128.0,140.91,43,48,89.58333333333333,3.2769767441860465,30,41,0,0,1,5
tarde_2,156,cw13,1,54.92,122.0,133.38,43,48,89.58333333333333,3.101860465116279,30,41,0,0,1,5
tarde_2,156,multi,3,117.6,238.0,285.6,43,48,89.58333333333333,6.64186046511628,20,20,0,0,0,0
tarde_2,157,cw1,1,59.62,139.0,144.79,45,48,93.75,3.2175555555555553,35,52,0,0,1,5
tarde_2,157,cw13,1,56.32,130.0,136.78,45,48,93.75,3.039555555555556,35,52,0,0,1,5
tarde_2,157,multi,3,111.9,241.0,271.75,45,48,93.75,6.038888888888889,20,20,0,0,0,2
tarde_2,158,cw1,1,49.54,107.0,120.31,44,48,91.66666666666667,2.734318181818182,43,59,0,7,1,2
tarde_2,158,cw13,1,49.22,105.0,119.54,44,48,91.66666666666667,2.716818181818182,43,59,0,7,1,2
tarde_2,158,multi,3,90.2,188.0,219.06,44,48,91.66666666666667,4.9786363636363635,24,24,0,0,0,0
tarde_2,159,cw1,1,57.2,127.0,138.92,40,48,83.33333333333333,3.473,31,45,0,0,1,6
tarde_2,159,cw13,1,54.0,121.0,131.14,40,48,83.33333333333333,3.2784999999999997,31,45,0,0,1,6
tarde_2,159,multi,3,84.9,179.0,206.19,40,48,83.33333333333333,5.15475,19,19,0,0,0,2
tarde_2,160,cw1,1,62.12,139.0,150.86,45,48,93.75,3.3524444444444446,33,48,0,0,1,7
tarde_2,160,cw13,1,58.92,135.0,143.09,45,48,93.75,3.179777777777778,33,48,0,0,1,7
tarde_2,160,multi,3,109.7,239.0,266.42,45,48,93.75,5.920444444444445,22,22,0,0,0,2
tarde_2,161,cw1,1,60.82,136.0,147.71,45,48,93.75,3.2824444444444447,33,49,0,0,1,6
tarde_2,161,cw13,1,57.62,132.0,139.94,45,48,93.75,3.1097777777777775,33,49,0,0,1,6
tarde_2,161,multi,3,94.2,198.0,228.77,45,48,93.75,5.083777777777778,21,21,0,0,0,1
tarde_2,162,cw1,1,59.02,136.0,143.34,44,48,91.66666666666667,3.257727272727273,38,58,0,2,1,6
tarde_2,162,cw13,1,55.92,130.0,135.81,44,48,91.66666666666667,3.086590909090909,38,58,0,2,1,6
tarde_2,162,multi,3,118.9,237.0,288.76,44,48,91.66666666666667,6.5627272727272725,24,24,0,0,2,2
tarde_2,163,cw1,1,60.02,134.0,145.76,43,48,89.58333333333333,3.389767441860465,28,37,0,0,1,6
tarde_2,163,cw13,1,56.92,128.0,138.24,43,48,89.58333333333333,3.214883720930233,28,37,0,0,1,6
tarde_2,163,multi,3,102.42,209.0,248.74,43,48,89.58333333333333,5.784651162790698,26,26,0,0,1,1
tarde_2,164,cw1,1,60.6,134.0,147.17,44,48,91.66666666666667,3.344772727272727,27,43,0,0,1,6
tarde_2,164,cw13,1,57.3,130.0,139.16,44,48,91.66666666666667,3.1627272727272726,27,43,0,0,1,6
tarde_2,164,multi,3,124.3,254.0,301.87,44,48,91.66666666666667,6.860681818181818,30,30,0,0,1,1
tarde_2,165,cw1,1,61.9,139.0,150.33,45,48,93.75,3.340666666666667,36,47,0,0,1,6
tarde_2,165,cw13,1,58.6,135.0,142.32,45,48,93.75,3.1626666666666665,36,47,0,0,1,6
tarde_2,165,multi,3,112.9,233.0,274.19,45,48,93.75,6.093111111111111,22,22,0,0,0,2
tarde_2,166,cw1,1,54.62,123.0,132.65,44,48,91.66666666666667,3.0147727272727276,44,44,0,8,1,2
tarde_2,166,cw13,1,54.62,123.0,132.65,44,48,91.66666666666667,3.0147727272727276,44,44,0,8,1,2
tarde_2,166,multi,3,100.1,211.0,243.1,44,48,91.66666666666667,5.5249999999999995,22,22,0,0,0,2
tarde_2,167,cw1,1,53.5,118.0,129.93,44,48,91.66666666666667,2.9529545454545456,39,39,0,3,1,3
tarde_2,167,cw13,1,53.4,120.0,129.69,44,48,91.66666666666667,2.9475,39,39,0,3,1,3
tarde_2,167,multi,2,79.8,171.0,193.8,44,48,91.66666666666667,4.404545454545455,21,21,0,0,1,1
tarde_2,168,cw1,1,61.52,140.0,149.41,45,48,93.75,3.320222222222222,38,56,0,2,1,6
tarde_2,168,cw13,1,58.22,131.0,141.39,45,48,93.75,3.142,38,56,0,2,1,6
tarde_2,168,multi,3,99.7,209.0,242.13,45,48,93.75,5.3806666666666665,28,28,0,0,0,2
tarde_2,169,cw1,1,58.62,137.0,142.36,44,48,91.66666666666667,3.235454545454546,28,43,0,0,1,6
tarde_2,169,cw13,1,55.32,128.0,134.35,44,48,91.66666666666667,3.0534090909090907,28,43,0,0,1,6
tarde_2,169,multi,3,110.1,233.0,267.39,44,48,91.66666666666667,6.077045454545455,18,18,0,0,0,2
tarde_2,170,cw1,1,61.2,139.0,148.63,45,48,93.75,3.302888888888889,37,50,0,1,1,6
tarde_2,170,cw13,1,58.0,133.0,140.86,45,48,93.75,3.1302222222222227,37,50,0,1,1,6
tarde_2,170,multi,3,114.7,246.0,278.56,45,48,93.75,6.190222222222222,21,21,0,0,1,2
tarde_2,171,cw1,1,57.82,129.0,140.42,46,48,95.83333333333333,3.052608695652174,39,55,0,3,1,5
tarde_2,171,cw13,1,54.72,123.0,132.89,46,48,95.83333333333333,2.8889130434782606,39,55,0,3,1,5
tarde_2,171,multi,3,100.3,220.0,243.58,46,48,95.83333333333333,5.295217391304348,22,22,0,0,0,1
tarde_2,172,cw1,1,61.12,139.0,148.44,47,48,97.91666666666667,3.1582978723404254,36,54,0,0,1,6
tarde_2,172,cw13,1,57.92,132.0,140.66,47,48,97.91666666666667,2.9927659574468084,36,54,0,0,1,6
tarde_2,172,multi,3,103.1,223.0,250.39,47,48,97.91666666666667,5.327446808510638,25,25,0,0,0,2
tarde_2,173,cw1,1,58.02,131.0,140.91,43,48,89.58333333333333,3.2769767441860465,32,44,0,0,1,6
tarde_2,173,cw13,1,54.82,124.0,133.14,43,48,89.58333333333333,3.0962790697674416,32,44,0,0,1,6
tarde_2,173,multi,3,106.72,224.0,259.17,43,48,89.58333333333333,6.0272093023255815,22,22,0,0,0,2
tarde_2,174,cw1,1,56.02,124.0,136.05,46,48,95.83333333333333,2.957608695652174,35,49,0,0,1,4
tarde_2,174,cw13,1,52.92,118.0,128.52,46,48,95.83333333333333,2.7939130434782613,35,49,0,0,1,4
tarde_2,174,multi,3,103.7,211.0,251.84,46,48,95.83333333333333,5.474782608695652,22,22,0,0,0,0
tarde_2,175,cw1,1,51.2,116.0,124.34,44,48,91.66666666666667,2.825909090909091,35,35,0,0,1,5
tarde_2,175,cw13,1,51.1,118.0,124.1,44,48,91.66666666666667,2.8204545454545453,35,35,0,0,1,5
tarde_2,175,multi,2,77.5,172.0,188.22,44,48,91.66666666666667,4.277727272727272,19,19,0,0,1,2
tarde_2,176,cw1,1,58.9,133.0,143.04,38,48,79.16666666666667,3.7642105263157895,27,40,0,0,1,6
tarde_2,176,cw13,1,55.5,124.0,134.79,38,48,79.16666666666667,3.5471052631578943,27,40,0,0,1,6
tarde_2,176,multi,3,117.8,241.0,286.09,38,48,79.16666666666667,7.528684210526315,18,18,0,0,0,1
tarde_2,177,cw1,1,61.2,139.0,148.63,46,48,95.83333333333333,3.231086956521739,40,64,0,4,1,6
tarde_2,177,cw13,1,58.0,133.0,140.86,46,48,95.83333333333333,3.0621739130434786,40,64,0,4,1,6
tarde_2,177,multi,3,98.2,209.0,238.49,46,48,95.83333333333333,5.184565217391304,26,26,0,0,1,1
tarde_2,178,cw1,1,58.72,132.0,142.61,45,48,93.75,3.1691111111111114,39,55,0,3,1,5
tarde_2,178,cw13,1,55.72,126.0,135.32,45,48,93.75,3.007111111111111,39,55,0,3,1,5
tarde_2,178,multi,3,91.0,199.0,221.01,45,48,93.75,4.911333333333333,24,24,0,0,0,1
tarde_2,179,cw1,1,57.9,130.0,140.62,45,48,93.75,3.124888888888889,37,37,0,1,1,5
tarde_2,179,cw13,1,57.8,132.0,140.37,45,48,93.75,3.1193333333333335,37,37,0,1,1,5
tarde_2,179,multi,2,74.7,165.0,181.42,45,48,93.75,4.031555555555555,24,24,0,0,0,2
tarde_2,180,cw1,1,60.22,135.0,146.25,43,48,89.58333333333333,3.4011627906976742,39,57,0,3,1,6
tarde_2,180,cw13,1,57.12,129.0,138.72,43,48,89.58333333333333,3.226046511627907,39,57,0,3,1,6
tarde_2,180,multi,2,86.6,183.0,210.32,43,48,89.58333333333333,4.891162790697674,26,26,0,0,1,2
tarde_2,181,cw1,1,62.32,140.0,151.35,48,48,100.0,3.1531249999999997,34,45,0,0,1,7
tarde_2,181,cw13,1,59.12,136.0,143.58,48,48,100.0,2.9912500000000004,34,45,0,0,1,7
tarde_2,181,multi,3,121.82,260.0,295.85,48,48,100.0,6.163541666666667,26,26,0,0,1,2
tarde_2,182,cw1,1,56.42,125.0,137.02,46,48,95.83333333333333,2.978695652173913,38,53,0,2,1,5
tarde_2,182,cw13,1,53.32,119.0,129.49,46,48,95.83333333333333,2.8150000000000004,38,53,0,2,1,5
tarde_2,182,multi,3,105.7,222.0,256.7,46,48,95.83333333333333,5.5804347826086955,20,20,0,0,0,1
tarde_2,183,cw1,1,54.14,124.0,131.48,45,48,93.75,2.9217777777777774,40,58,0,4,1,4
tarde_2,183,cw13,1,53.82,122.0,130.71,45,48,93.75,2.904666666666667,40,58,0,4,1,4
tarde_2,183,multi,3,97.92,210.0,237.81,45,48,93.75,5.284666666666666,20,20,0,0,0,1
tarde_2,184,cw1,1,55.72,122.0,135.32,46,48,95.83333333333333,2.9417391304347826,35,51,0,0,1,5
tarde_2,184,cw13,1,52.52,115.0,127.55,46,48,95.83333333333333,2.7728260869565218,35,51,0,0,1,5
tarde_2,184,multi,2,79.8,172.0,193.81,46,48,95.83333333333333,4.213260869565217,26,26,0,0,0,1
tarde_2,185,cw1,1,59.12,132.0,143.58,44,48,91.66666666666667,3.2631818181818186,28,39,0,0,1,6
tarde_2,185,cw13,1,55.92,128.0,135.81,44,48,91.66666666666667,3.086590909090909,28,39,0,0,1,6
tarde_2,185,multi,2,95.02,184.0,230.77,44,48,91.66666666666667,5.244772727272728,23,23,0,0,1,2
tarde_2,186,cw1,1,58.6,132.0,142.32,44,48,91.66666666666667,3.2345454545454544,39,52,0,3,1,5
tarde_2,186,cw13,1,55.5,124.0,134.79,44,48,91.66666666666667,3.0634090909090905,39,52,0,3,1,5
tarde_2,186,multi,3,96.1,203.0,233.39,44,48,91.66666666666667,5.304318181818181,26,26,0,0,1,1
tarde_2,187,cw1,1,57.82,127.0,140.42,46,48,95.83333333333333,3.052608695652174,39,55,0,3,1,4
tarde_2,187,cw13,1,54.62,120.0,132.65,46,48,95.83333333333333,2.883695652173913,39,55,0,3,1,4
tarde_2,187,multi,3,106.3,221.0,258.15,46,48,95.83333333333333,5.61195652173913,23,23,0,0,2,0
tarde_2,188,cw1,1,58.3,135.0,141.59,44,48,91.66666666666667,3.2179545454545457,31,47,0,0,1,5
tarde_2,188,cw13,1,54.9,126.0,133.33,44,48,91.66666666666667,3.030227272727273,31,47,0,0,1,5
tarde_2,188,multi,2,85.0,178.0,206.43,44,48,91.66666666666667,4.691590909090909,21,21,0,0,0,0
tarde_2,189,cw1,1,59.62,136.0,144.79,45,48,93.75,3.2175555555555553,32,45,0,0,1,7
tarde_2,189,cw13,1,56.42,132.0,137.02,45,48,93.75,3.044888888888889,32,45,0,0,1,7
tarde_2,189,multi,2,84.22,186.0,204.53,45,48,93.75,4.545111111111111,28,28,0,0,1,2
tarde_2,190,cw1,1,57.8,129.0,140.37,45,48,93.75,3.1193333333333335,38,53,0,2,1,5
tarde_2,190,cw13,1,54.6,123.0,132.6,45,48,93.75,2.9466666666666663,38,53,0,2,1,5
tarde_2,190,multi,3,101.9,219.0,247.48,45,48,93.75,5.499555555555555,19,19,0,0,0,1
tarde_2,191,cw1,1,58.72,140.0,142.61,44,48,91.66666666666667,3.241136363636364,38,54,0,2,1,6
tarde_2,191,cw13,1,55.52,133.0,134.84,44,48,91.66666666666667,3.0645454545454545,38,54,0,2,1,6
tarde_2,191,multi,3,116.2,243.0,282.2,44,48,91.66666666666667,6.413636363636363,22,22,0,0,0,1
tarde_2,192,cw1,1,60.02,134.0,145.76,41,48,85.41666666666667,3.555121951219512,29,38,0,0,1,6
tarde_2,192,cw13,1,56.92,128.0,138.24,41,48,85.41666666666667,3.371707317073171,29,38,0,0,1,6
tarde_2,192,multi,3,97.2,196.0,236.05,41,48,85.41666666666667,5.757317073170732,19,19,0,0,0,1
tarde_2,193,cw1,1,54.62,124.0,132.65,43,48,89.58333333333333,3.084883720930233,36,55,0,0,1,4
tarde_2,193,cw13,1,51.52,118.0,125.12,43,48,89.58333333333333,2.909767441860465,36,55,0,0,1,4
tarde_2,193,multi,3,93.92,198.0,228.1,43,48,89.58333333333333,5.304651162790697,25,25,0,0,1,1
tarde_2,194,cw1,1,59.2,134.0,143.77,43,48,89.58333333333333,3.3434883720930233,32,39,0,0,1,6
tarde_2,194,cw13,1,56.0,128.0,136.0,43,48,89.58333333333333,3.1627906976744184,32,39,0,0,1,6
tarde_2,194,multi,3,98.1,199.0,238.24,43,48,89.58333333333333,5.54046511627907,22,22,0,0,0,2
tarde_2,195,cw1,1,61.42,137.0,149.16,42,48,87.5,3.551428571428571,31,44,0,0,1,6
tarde_2,195,cw13,1,58.22,133.0,141.39,42,48,87.5,3.366428571428571,31,44,0,0,1,6
tarde_2,195,multi,3,115.6,240.0,280.74,42,48,87.5,6.684285714285714,19,19,0,0,0,2
tarde_2,196,cw1,1,59.32,133.0,144.06,39,48,81.25,3.693846153846154,28,39,0,0,1,5
tarde_2,196,cw13,1,56.02,124.0,136.05,39,48,81.25,3.488461538461539,28,39,0,0,1,5
tarde_2,196,multi,3,112.9,240.0,274.2,39,48,81.25,7.030769230769231,17,17,0,0,0,0
tarde_2,197,cw1,1,57.7,124.0,140.13,47,48,97.91666666666667,2.9814893617021276,36,54,0,0,1,5
tarde_2,197,cw13,1,54.4,120.0,132.12,47,48,97.91666666666667,2.8110638297872343,36,54,0,0,1,5
tarde_2,197,multi,2,79.9,177.0,194.05,47,48,97.91666666666667,4.12872340425532,24,24,0,0,0,1
tarde_2,198,cw1,1,61.2,139.0,148.63,47,48,97.91666666666667,3.162340425531915,36,53,0,0,1,6
tarde_2,198,cw13,1,58.0,133.0,140.86,47,48,97.91666666666667,2.997021276595745,36,53,0,0,1,6
tarde_2,198,multi,3,110.3,240.0,267.87,47,48,97.91666666666667,5.69936170212766,19,19,0,0,1,2
tarde_2,199,cw1,1,57.12,129.0,138.72,45,48,93.75,3.0826666666666664,42,42,0,6,1,4
tarde_2,199,cw13,1,57.22,131.0,138.96,45,48,93.75,3.088,42,42,0,6,1,4
tarde_2,199,multi,2,75.32,166.0,182.92,45,48,93.75,4.0648888888888886,26,26,0,0,0,2
tarde_2,200,cw1,1,60.32,134.0,146.49,46,48,95.83333333333333,3.1845652173913046,34,47,0,0,1,6
tarde_2,200,cw13,1,57.12,130.0,138.72,46,48,95.83333333333333,3.0156521739130433,34,47,0,0,1,6
tarde_2,200,multi,3,116.5,251.0,282.93,46,48,95.83333333333333,6.150652173913044,23,23,0,0,1,0
tarde_2,201,cw1,1,55.82,124.0,135.56,46,48,95.83333333333333,2.9469565217391307,35,52,0,0,1,5
tarde_2,201,cw13,1,52.62,117.0,127.79,46,48,95.83333333333333,2.77804347826087,35,52,0,0,1,5
tarde_2,201,multi,3,107.8,232.0,261.81,46,48,95.83333333333333,5.691521739130435,23,23,0,0,0,1
tarde_2,202,cw1,1,62.3,140.0,151.3,45,48,93.75,3.3622222222222224,32,46,0,0,1,7
tarde_2,202,cw13,1,59.0,136.0,143.29,45,48,93.75,3.184222222222222,32,46,0,0,1,7
tarde_2,202,multi,3,116.8,248.0,283.66,45,48,93.75,6.3035555555555565,20,20,0,0,0,2
tarde_2,203,cw1,1,58.62,133.0,142.36,44,48,91.66666666666667,3.235454545454546,34,46,0,0,1,6
tarde_2,203,cw13,1,55.52,127.0,134.84,44,48,91.66666666666667,3.0645454545454545,34,46,0,0,1,6
tarde_2,203,multi,3,98.72,202.0,239.75,44,48,91.66666666666667,5.448863636363637,28,28,0,0,1,2
tarde_2,204,cw1,1,57.32,130.0,139.21,44,48,91.66666666666667,3.1638636363636365,40,40,0,4,1,4
tarde_2,204,cw13,1,57.42,132.0,139.45,44,48,91.66666666666667,3.1693181818181815,40,40,0,4,1,4
tarde_2,204,multi,3,102.3,216.0,248.44,44,48,91.66666666666667,5.6463636363636365,19,19,0,0,0,2
tarde_2,205,cw1,1,61.32,135.0,148.92,46,48,95.83333333333333,3.2373913043478257,30,40,0,0,1,6
tarde_2,205,cw13,1,58.12,131.0,141.15,46,48,95.83333333333333,3.0684782608695653,30,40,0,0,1,6
tarde_2,205,multi,3,113.92,237.0,276.67,46,48,95.83333333333333,6.014565217391305,21,21,0,0,0,2
tarde_2,206,cw1,1,58.92,133.0,143.09,43,48,89.58333333333333,3.3276744186046514,39,47,0,3,1,5
tarde_2,206,cw13,1,55.92,125.0,135.81,43,48,89.58333333333333,3.1583720930232557,39,47,0,3,1,5
tarde_2,206,multi,2,89.42,194.0,217.17,43,48,89.58333333333333,5.05046511627907,23,23,0,0,2,2
tarde_2,207,cw1,1,53.5,118.0,129.93,45,48,93.75,2.8873333333333333,43,43,0,7,1,3
tarde_2,207,cw13,1,53.5,118.0,129.93,45,48,93.75,2.8873333333333333,43,43,0,7,1,3
tarde_2,207,multi,2,73.9,163.0,179.47,45,48,93.75,3.9882222222222223,25,25,0,0,0,1
tarde_2,208,cw1,1,55.32,123.0,134.35,41,48,85.41666666666667,3.276829268292683,38,38,0,2,1,4
tarde_2,208,cw13,1,55.42,123.0,134.59,41,48,85.41666666666667,3.2826829268292683,38,38,0,2,1,4
tarde_2,208,multi,2,75.1,163.0,182.39,41,48,85.41666666666667,4.448536585365853,21,21,0,0,0,2
tarde_2,209,cw1,1,58.9,138.0,143.04,46,48,95.83333333333333,3.109565217391304,40,54,0,4,1,5
tarde_2,209,cw13,1,55.8,132.0,135.52,46,48,95.83333333333333,2.9460869565217394,40,54,0,4,1,5
tarde_2,209,multi,3,101.4,211.0,246.26,46,48,95.83333333333333,5.353478260869565,23,23,0,0,1,2
tarde_2,210,cw1,1,59.0,131.0,143.29,43,48,89.58333333333333,3.3323255813953487,31,39,0,0,1,5
tarde_2,210,cw13,1,55.8,125.0,135.52,43,48,89.58333333333333,3.1516279069767443,31,39,0,0,1,5
tarde_2,210,multi,3,111.8,228.0,271.52,43,48,89.58333333333333,6.314418604651163,23,23,0,0,0,1
tarde_2,211,cw1,1,60.42,138.0,146.74,45,48,93.75,3.260888888888889,33,47,0,0,1,5
tarde_2,211,cw13,1,57.42,132.0,139.45,45,48,93.75,3.098888888888889,33,47,0,0,1,5
tarde_2,211,multi,3,103.12,228.0,250.43,45,48,93.75,5.565111111111111,30,30,0,0,2,2
tarde_2,212,cw1,1,61.2,139.0,148.63,45,48,93.75,3.302888888888889,33,47,0,0,1,5
tarde_2,212,cw13,1,57.8,130.0,140.37,45,48,93.75,3.1193333333333335,33,47,0,0,1,5
tarde_2,212,multi,2,82.2,173.0,199.63,45,48,93.75,4.436222222222222,18,18,0,0,0,1
tarde_2,213,cw1,1,58.3,132.0,141.59,41,48,85.41666666666667,3.4534146341463416,34,53,0,0,1,5
tarde_2,213,cw13,1,54.9,123.0,133.33,41,48,85.41666666666667,3.2519512195121956,34,53,0,0,1,5
tarde_2,213,multi,3,101.5,214.0,246.51,41,48,85.41666666666667,6.012439024390243,24,24,0,0,0,0
tarde_2,214,cw1,1,59.52,134.0,144.55,46,48,95.83333333333333,3.1423913043478264,36,53,0,0,1,5
tarde_2,214,cw13,1,56.22,125.0,136.54,46,48,95.83333333333333,2.968260869565217,36,53,0,0,1,5
tarde_2,214,multi,3,107.22,229.0,260.39,46,48,95.83333333333333,5.660652173913043,24,24,0,0,0,0
tarde_2,215,cw1,1,60.12,133.0,146.01,44,48,91.66666666666667,3.318409090909091,31,44,0,0,1,6
tarde_2,215,cw13,1,56.92,129.0,138.24,44,48,91.66666666666667,3.141818181818182,31,44,0,0,1,6
tarde_2,215,multi,3,116.4,245.0,282.68,44,48,91.66666666666667,6.424545454545455,20,20,0,0,0,0
tarde_2,216,cw1,1,56.02,126.0,136.05,44,48,91.66666666666667,3.0920454545454548,39,39,0,3,1,4
tarde_2,216,cw13,1,56.12,126.0,136.29,44,48,91.66666666666667,3.0974999999999997,39,39,0,3,1,4
tarde_2,216,multi,2,77.0,169.0,187.0,44,48,91.66666666666667,4.25,21,21,0,0,0,2
tarde_2,217,cw1,1,62.62,141.0,152.08,44,48,91.66666666666667,3.4563636363636365,28,48,0,0,1,7
tarde_2,217,cw13,1,59.42,137.0,144.31,44,48,91.66666666666667,3.2797727272727273,28,48,0,0,1,7
tarde_2,217,multi,3,88.5,189.0,214.93,44,48,91.66666666666667,4.884772727272727,20,20,0,0,0,2
tarde_2,218,cw1,1,58.52,130.0,142.12,44,48,91.66666666666667,3.23,35,54,0,0,1,5
tarde_2,218,cw13,1,55.42,124.0,134.59,44,48,91.66666666666667,3.0588636363636366,35,54,0,0,1,5
tarde_2,218,multi,2,84.5,175.0,205.22,44,48,91.66666666666667,4.664090909090909,24,24,0,0,0,1
tarde_2,219,cw1,1,58.12,136.0,141.15,45,48,93.75,3.1366666666666667,32,45,0,0,1,6
tarde_2,219,cw13,1,54.92,129.0,133.38,45,48,93.75,2.964,32,45,0,0,1,6
tarde_2,219,multi,3,101.0,217.0,245.28,45,48,93.75,5.450666666666667,16,16,0,0,0,2
tarde_2,220,cw1,1,58.52,129.0,142.12,44,48,91.66666666666667,3.23,34,46,0,0,1,4
tarde_2,220,cw13,1,55.22,120.0,134.11,44,48,91.66666666666667,3.047954545454546,34,46,0,0,1,4
tarde_2,220,multi,3,114.92,226.0,279.1,44,48,91.66666666666667,6.343181818181819,23,23,0,0,0,1
tarde_2,221,cw1,1,58.12,137.0,141.15,43,48,89.58333333333333,3.282558139534884,34,45,0,0,1,6
tarde_2,221,cw13,1,55.02,131.0,133.62,43,48,89.58333333333333,3.107441860465116,34,45,0,0,1,6
tarde_2,221,multi,3,86.7,186.0,210.56,43,48,89.58333333333333,4.8967441860465115,21,21,0,0,0,2
tarde_2,222,cw1,1,57.62,128.0,139.94,46,48,95.83333333333333,3.042173913043478,39,54,0,3,1,5
tarde_2,222,cw13,1,54.42,121.0,132.16,46,48,95.83333333333333,2.8730434782608696,39,54,0,3,1,5
tarde_2,222,multi,3,107.0,229.0,259.86,46,48,95.83333333333333,5.649130434782609,21,21,0,0,0,1
tarde_2,223,cw1,1,55.32,128.0,134.35,45,48,93.75,2.9855555555555555,37,37,0,1,1,4
tarde_2,223,cw13,1,55.42,130.0,134.59,45,48,93.75,2.990888888888889,37,37,0,1,1,4
tarde_2,223,multi,2,81.8,165.0,198.66,45,48,93.75,4.414666666666666,24,24,0,0,0,2
tarde_2,224,cw1,1,58.42,131.0,141.88,46,48,95.83333333333333,3.0843478260869563,40,60,0,4,1,4
tarde_2,224,cw13,1,55.22,124.0,134.11,46,48,95.83333333333333,2.915434782608696,40,60,0,4,1,4
tarde_2,224,multi,3,100.72,212.0,244.61,46,48,95.83333333333333,5.317608695652174,28,28,0,0,1,0
tarde_2,225,cw1,1,55.62,127.0,135.08,45,48,93.75,3.001777777777778,37,50,0,1,1,5
tarde_2,225,cw13,1,52.42,120.0,127.31,45,48,93.75,2.829111111111111,37,50,0,1,1,5
tarde_2,225,multi,2,72.7,162.0,176.56,45,48,93.75,3.9235555555555557,29,29,0,0,0,2
tarde_2,226,cw1,1,51.8,114.0,125.8,43,48,89.58333333333333,2.925581395348837,36,36,0,0,1,3
tarde_2,226,cw13,1,51.8,116.0,125.8,43,48,89.58333333333333,2.925581395348837,36,36,0,0,1,3
tarde_2,226,multi,2,74.6,166.0,181.17,43,48,89.58333333333333,4.213255813953488,20,20,0,0,0,1
tarde_2,227,cw1,1,55.02,121.0,133.62,43,48,89.58333333333333,3.107441860465116,39,53,0,3,1,4
tarde_2,227,cw13,1,52.02,113.0,126.34,43,48,89.58333333333333,2.938139534883721,39,53,0,3,1,4
tarde_2,227,multi,3,96.12,191.0,233.44,43,48,89.58333333333333,5.428837209302325,31,31,0,0,0,1
tarde_2,228,cw1,1,59.72,134.0,145.04,44,48,91.66666666666667,3.2963636363636364,33,45,0,0,1,5
tarde_2,228,cw13,1,56.72,128.0,137.75,44,48,91.66666666666667,3.1306818181818183,33,45,0,0,1,5
tarde_2,228,multi,3,112.22,242.0,272.54,44,48,91.66666666666667,6.194090909090909,20,20,0,0,0,1
tarde_2,229,cw1,1,58.32,132.0,141.64,44,48,91.66666666666667,3.219090909090909,26,40,0,0,1,5
tarde_2,229,cw13,1,55.02,123.0,133.62,44,48,91.66666666666667,3.036818181818182,26,40,0,0,1,5
tarde_2,229,multi,3,95.52,192.0,231.98,44,48,91.66666666666667,5.272272727272727,20,20,0,0,0,1
tarde_2,230,cw1,1,61.32,140.0,148.92,46,48,95.83333333333333,3.2373913043478257,36,50,0,0,1,6
tarde_2,230,cw13,1,58.12,133.0,141.15,46,48,95.83333333333333,3.0684782608695653,36,50,0,0,1,6
tarde_2,230,multi,3,124.1,251.0,301.39,46,48,95.83333333333333,6.55195652173913,22,22,0,0,1,2
tarde_2,231,cw1,1,56.92,124.0,138.24,46,48,95.83333333333333,3.005217391304348,28,39,0,0,1,5
tarde_2,231,cw13,1,53.82,118.0,130.71,46,48,95.83333333333333,2.841521739130435,28,39,0,0,1,5
tarde_2,231,multi,3,110.9,227.0,269.33,46,48,95.83333333333333,5.8549999999999995,21,21,0,0,0,1
tarde_2,232,cw1,1,61.1,138.0,148.39,46,48,95.83333333333333,3.225869565217391,33,48,0,0,1,7
tarde_2,232,cw13,1,57.8,134.0,140.37,46,48,95.83333333333333,3.051521739130435,33,48,0,0,1,7
tarde_2,232,multi,3,112.5,231.0,273.22,46,48,95.83333333333333,5.939565217391305,19,19,0,0,0,2
tarde_2,233,cw1,1,60.32,134.0,146.49,42,48,87.5,3.487857142857143,26,37,0,0,1,6
tarde_2,233,cw13,1,57.12,130.0,138.72,42,48,87.5,3.302857142857143,26,37,0,0,1,6
tarde_2,233,multi,3,124.12,265.0,301.44,42,48,87.5,7.177142857142857,21,21,0,0,2,1
tarde_2,234,cw1,1,60.82,138.0,147.71,42,48,87.5,3.516904761904762,30,40,0,0,1,6
tarde_2,234,cw13,1,57.62,131.0,139.94,42,48,87.5,3.3319047619047617,30,40,0,0,1,6
tarde_2,234,multi,3,100.82,214.0,244.85,42,48,87.5,5.829761904761905,25,25,0,0,1,1
tarde_2,235,cw1,1,59.92,133.0,145.52,44,48,91.66666666666667,3.3072727272727276,34,48,0,0,1,6
tarde_2,235,cw13,1,56.72,129.0,137.75,44,48,91.66666666666667,3.1306818181818183,34,48,0,0,1,6
tarde_2,235,multi,3,93.2,198.0,226.35,44,48,91.66666666666667,5.144318181818182,23,23,0,0,0,2
tarde_2,236,cw1,1,54.1,123.0,131.39,44,48,91.66666666666667,2.9861363636363634,32,47,0,0,1,6
tarde_2,236,cw13,1,50.9,117.0,123.62,44,48,91.66666666666667,2.8095454545454546,32,47,0,0,1,6
tarde_2,236,multi,3,107.2,232.0,260.34,44,48,91.66666666666667,5.916818181818181,16,16,0,0,0,1
tarde_2,237,cw1,1,56.52,126.0,137.26,44,48,91.66666666666667,3.119545454545454,31,45,0,0,1,5
tarde_2,237,cw13,1,53.22,117.0,129.25,44,48,91.66666666666667,2.9375,31,45,0,0,1,5
tarde_2,237,multi,2,85.72,178.0,208.18,44,48,91.66666666666667,4.731363636363636,31,31,0,0,0,9
tarde_2,238,cw1,1,59.32,134.0,144.06,42,48,87.5,3.43,36,45,0,0,1,5
tarde_2,238,cw13,1,56.12,127.0,136.29,42,48,87.5,3.2449999999999997,36,45,0,0,1,5
tarde_2,238,multi,3,115.82,247.0,281.28,42,48,87.5,6.697142857142857,21,21,0,0,1,1
tarde_2,239,cw1,1,61.82,141.0,150.14,46,48,95.83333333333333,3.2639130434782606,32,48,0,0,1,6
tarde_2,239,cw13,1,58.52,132.0,142.12,46,48,95.83333333333333,3.0895652173913044,32,48,0,0,1,6
tarde_2,239,multi,3,114.8,237.0,278.81,46,48,95.83333333333333,6.06108695652174,23,23,0,0,0,2
tarde_2,240,cw1,1,59.22,137.0,143.82,45,48,93.75,3.1959999999999997,35,53,0,0,1,6
tarde_2,240,cw13,1,56.12,131.0,136.29,45,48,93.75,3.0286666666666666,35,53,0,0,1,6
tarde_2,240,multi,3,113.42,224.0,275.45,45,48,93.75,6.1211111111111105,24,24,0,0,2,2
tarde_2,241,cw1,1,60.62,135.0,147.22,46,48,95.83333333333333,3.2004347826086956,36,50,0,0,1,6
tarde_2,241,cw13,1,57.42,131.0,139.45,46,48,95.83333333333333,3.0315217391304343,36,50,0,0,1,6
tarde_2,241,multi,3,111.3,235.0,270.31,46,48,95.83333333333333,5.876304347826087,21,21,0,0,0,1
tarde_2,242,cw1,1,62.3,140.0,151.3,44,48,91.66666666666667,3.438636363636364,31,45,0,0,1,7
tarde_2,242,cw13,1,59.0,136.0,143.29,44,48,91.66666666666667,3.256590909090909,31,45,0,0,1,7
tarde_2,242,multi,3,94.5,203.0,229.5,44,48,91.66666666666667,5.215909090909091,19,19,0,0,0,2
tarde_2,243,cw1,1,54.12,115.0,131.44,43,48,89.58333333333333,3.0567441860465117,35,53,0,0,1,4
tarde_2,243,cw13,1,51.02,109.0,123.91,43,48,89.58333333333333,2.8816279069767443,35,53,0,0,1,4
tarde_2,243,multi,3,89.6,189.0,217.6,43,48,89.58333333333333,5.06046511627907,24,24,0,0,0,1
tarde_2,244,cw1,1,52.1,117.0,126.53,43,48,89.58333333333333,2.9425581395348837,31,44,0,0,1,5
tarde_2,244,cw13,1,48.9,111.0,118.76,43,48,89.58333333333333,2.7618604651162793,31,44,0,0,1,5
tarde_2,244,multi,3,105.2,224.0,255.48,43,48,89.58333333333333,5.941395348837209,15,15,0,0,0,0
tarde_2,245,cw1,1,60.62,137.0,147.22,46,48,95.83333333333333,3.2004347826086956,39,53,0,3,1,6
tarde_2,245,cw13,1,57.42,130.0,139.45,46,48,95.83333333333333,3.0315217391304343,39,53,0,3,1,6
tarde_2,245,multi,3,106.8,233.0,259.38,46,48,95.83333333333333,5.638695652173913,24,24,0,0,0,2
tarde_2,246,cw1,1,62.8,142.0,152.52,45,48,93.75,3.3893333333333335,31,46,0,0,1,7
tarde_2,246,cw13,1,59.5,138.0,144.5,45,48,93.75,3.2111111111111112,31,46,0,0,1,7
tarde_2,246,multi,3,108.6,235.0,263.75,45,48,93.75,5.861111111111111,18,18,0,0,1,1
tarde_2,247,cw1,1,60.02,135.0,145.76,43,48,89.58333333333333,3.389767441860465,31,44,0,0,1,5
tarde_2,247,cw13,1,56.72,126.0,137.75,43,48,89.58333333333333,3.203488372093023,31,44,0,0,1,5
tarde_2,247,multi,3,119.72,255.0,290.75,43,48,89.58333333333333,6.761627906976744,20,20,0,0,2,1
tarde_2,248,cw1,1,60.1,137.0,145.96,44,48,91.66666666666667,3.3172727272727274,29,44,0,0,1,7
tarde_2,248,cw13,1,56.8,133.0,137.94,44,48,91.66666666666667,3.135,29,44,0,0,1,7
tarde_2,248,multi,2,84.7,188.0,205.7,44,48,91.66666666666667,4.675,33,33,0,0,1,2
tarde_2,249,cw1,1,60.3,138.0,146.44,46,48,95.83333333333333,3.183478260869565,32,49,0,0,1,6
tarde_2,249,cw13,1,56.9,129.0,138.19,46,48,95.83333333333333,3.0041304347826085,32,49,0,0,1,6
tarde_2,249,multi,3,88.4,185.0,214.69,46,48,95.83333333333333,4.667173913043478,21,21,0,0,0,1
tarde_2,250,cw1,1,60.62,137.0,147.22,42,48,87.5,3.505238095238095,35,47,0,0,1,6
tarde_2,250,cw13,1,57.42,130.0,139.45,42,48,87.5,3.320238095238095,35,47,0,0,1,6
tarde_2,250,multi,3,108.1,222.0,262.53,42,48,87.5,6.2507142857142854,19,19,0,0,1,2
tarde_2,251,cw1,1,49.8,110.0,120.94,45,48,93.75,2.6875555555555555,40,40,0,4,1,3
tarde_2,251,cw13,1,49.7,112.0,120.7,45,48,93.75,2.6822222222222223,40,40,0,4,1,3
tarde_2,251,multi,2,77.3,168.0,187.73,45,48,93.75,4.171777777777778,22,22,0,0,0,1
tarde_2,252,cw1,1,61.32,139.0,148.92,46,48,95.83333333333333,3.2373913043478257,34,47,0,0,1,6
tarde_2,252,cw13,1,58.02,130.0,140.91,46,48,95.83333333333333,3.0632608695652173,34,47,0,0,1,6
tarde_2,252,multi,2,82.02,175.0,199.2,46,48,95.83333333333333,4.3304347826086955,32,32,0,0,1,1
tarde_2,253,cw1,1,54.14,127.0,131.48,41,48,85.41666666666667,3.2068292682926827,37,51,0,1,1,4
tarde_2,253,cw13,1,53.82,125.0,130.71,41,48,85.41666666666667,3.1880487804878053,37,51,0,1,1,4
tarde_2,253,multi,3,97.9,212.0,237.75,41,48,85.41666666666667,5.798780487804878,20,20,0,0,0,1
tarde_2,254,cw1,1,62.02,142.0,150.62,47,48,97.91666666666667,3.20468085106383,35,48,0,0,1,6
tarde_2,254,cw13,1,58.72,133.0,142.61,47,48,97.91666666666667,3.0342553191489365,35,48,0,0,1,6
tarde_2,254,multi,3,123.02,265.0,298.77,47,48,97.91666666666667,6.356808510638298,20,20,0,0,1,2
tarde_2,255,cw1,1,57.2,128.0,138.92,44,48,91.66666666666667,3.157272727272727,39,55,0,3,1,5
tarde_2,255,cw13,1,54.1,120.0,131.39,44,48,91.66666666666667,2.9861363636363634,39,55,0,3,1,5
tarde_2,255,multi,3,91.7,199.0,222.71,44,48,91.66666666666667,5.061590909090909,20,20,0,0,0,1
tarde_2,256,cw1,1,61.7,138.0,149.84,44,48,91.66666666666667,3.4054545454545457,37,49,0,1,1,6
tarde_2,256,cw13,1,58.4,134.0,141.83,44,48,91.66666666666667,3.223409090909091,37,49,0,1,1,6
tarde_2,256,multi,3,104.5,215.0,253.78,44,48,91.66666666666667,5.767727272727273,25,25,0,0,1,2
tarde_2,257,cw1,1,56.62,128.0,137.51,44,48,91.66666666666667,3.1252272727272725,31,42,0,0,1,5
tarde_2,257,cw13,1,53.32,119.0,129.49,44,48,91.66666666666667,2.942954545454546,31,42,0,0,1,5
tarde_2,257,multi,3,117.62,240.0,285.66,44,48,91.66666666666667,6.492272727272728,21,21,0,0,0,2
tarde_2,258,cw1,1,54.32,123.0,131.92,45,48,93.75,2.9315555555555552,32,40,0,0,1,4
tarde_2,258,cw13,1,51.22,117.0,124.39,45,48,93.75,2.764222222222222,32,40,0,0,1,4
tarde_2,258,multi,2,80.22,172.0,194.82,45,48,93.75,4.3293333333333335,35,35,0,0,1,1
tarde_2,259,cw1,1,55.9,124.0,135.76,46,48,95.83333333333333,2.951304347826087,41,58,0,5,1,5
tarde_2,259,cw13,1,52.7,118.0,127.99,46,48,95.83333333333333,2.782391304347826,41,58,0,5,1,5
tarde_2,259,multi,3,100.6,219.0,244.32,46,48,95.83333333333333,5.311304347826087,24,24,0,0,0,1
tarde_2,260,cw1,1,62.62,141.0,152.08,46,48,95.83333333333333,3.3060869565217392,29,48,0,0,1,7
tarde_2,260,cw13,1,59.42,137.0,144.31,46,48,95.83333333333333,3.1371739130434784,29,48,0,0,1,7
tarde_2,260,multi,3,119.42,252.0,290.02,46,48,95.83333333333333,6.3047826086956515,25,25,0,0,1,1
tarde_2,261,cw1,1,53.12,118.0,129.01,44,48,91.66666666666667,2.932045454545454,41,41,0,5,1,3
tarde_2,261,cw13,1,53.22,118.0,129.25,44,48,91.66666666666667,2.9375,41,41,0,5,1,3
tarde_2,261,multi,2,75.4,168.0,183.12,44,48,91.66666666666667,4.161818181818182,21,21,0,0,0,2
tarde_2,262,cw1,1,59.22,141.0,143.82,43,48,89.58333333333333,3.3446511627906976,30,40,0,0,1,6
tarde_2,262,cw13,1,55.92,132.0,135.81,43,48,89.58333333333333,3.1583720930232557,30,40,0,0,1,6
tarde_2,262,multi,3,86.6,185.0,210.31,43,48,89.58333333333333,4.89093023255814,23,23,0,0,0,2
tarde_2,263,cw1,1,56.4,125.0,136.97,47,48,97.91666666666667,2.914255319148936,36,49,0,0,1,5
tarde_2,263,cw13,1,53.2,119.0,129.2,47,48,97.91666666666667,2.7489361702127657,36,49,0,0,1,5
tarde_2,263,multi,3,110.4,226.0,268.12,47,48,97.91666666666667,5.70468085106383,32,32,0,0,0,1
tarde_2,264,cw1,1,60.92,139.0,147.95,42,48,87.5,3.5226190476190475,31,42,0,0,1,7
tarde_2,264,cw13,1,57.72,135.0,140.18,42,48,87.5,3.337619047619048,31,42,0,0,1,7
tarde_2,264,multi,3,126.5,270.0,307.21,42,48,87.5,7.314523809523809,19,19,0,0,2,2
tarde_2,265,cw1,1,62.12,139.0,150.86,41,48,85.41666666666667,3.6795121951219514,35,51,0,0,1,7
tarde_2,265,cw13,1,58.92,135.0,143.09,41,48,85.41666666666667,3.49,35,51,0,0,1,7
tarde_2,265,multi,3,95.2,203.0,231.2,41,48,85.41666666666667,5.639024390243902,23,23,0,0,0,2
tarde_2,266,cw1,1,58.12,136.0,141.15,41,48,85.41666666666667,3.4426829268292685,34,48,0,0,1,6
tarde_2,266,cw13,1,54.92,129.0,133.38,41,48,85.41666666666667,3.253170731707317,34,48,0,0,1,6
tarde_2,266,multi,3,107.6,229.0,261.31,41,48,85.41666666666667,6.373414634146341,19,19,0,0,0,2
tarde_2,267,cw1,1,61.12,138.0,148.44,46,48,95.83333333333333,3.2269565217391305,33,46,0,0,1,7
tarde_2,267,cw13,1,57.92,134.0,140.66,46,48,95.83333333333333,3.0578260869565215,33,46,0,0,1,7
tarde_2,267,multi,3,118.72,253.0,288.32,46,48,95.83333333333333,6.267826086956521,29,29,0,0,1,2
tarde_2,268,cw1,1,59.62,138.0,144.79,43,48,89.58333333333333,3.3672093023255814,28,40,0,0,1,7
tarde_2,268,cw13,1,56.42,134.0,137.02,43,48,89.58333333333333,3.186511627906977,28,40,0,0,1,7
tarde_2,268,multi,2,83.72,187.0,203.33,43,48,89.58333333333333,4.728604651162791,29,29,0,0,1,2
tarde_2,269,cw1,1,62.32,140.0,151.35,43,48,89.58333333333333,3.519767441860465,28,36,0,0,1,7
tarde_2,269,cw13,1,59.12,136.0,143.58,43,48,89.58333333333333,3.3390697674418606,28,36,0,0,1,7
tarde_2,269,multi,3,114.62,241.0,278.36,43,48,89.58333333333333,6.473488372093024,22,22,0,0,1,3
tarde_2,270,cw1,1,55.6,124.0,135.03,42,48,87.5,3.215,36,44,0,0,1,5
tarde_2,270,cw13,1,52.5,116.0,127.5,42,48,87.5,3.0357142857142856,36,44,0,0,1,5
tarde_2,270,multi,2,83.8,174.0,203.52,42,48,87.5,4.845714285714286,23,23,0,0,0,2
tarde_2,271,cw1,1,57.82,134.0,140.42,45,48,93.75,3.1204444444444444,31,44,0,0,1,5
tarde_2,271,cw13,1,54.62,127.0,132.65,45,48,93.75,2.947777777777778,31,44,0,0,1,5
tarde_2,271,multi,3,95.42,210.0,231.74,45,48,93.75,5.149777777777778,29,29,0,0,1,1
tarde_2,272,cw1,1,58.7,131.0,142.56,45,48,93.75,3.168,33,48,0,0,1,5
tarde_2,272,cw13,1,55.5,125.0,134.79,45,48,93.75,2.995333333333333,33,48,0,0,1,5
tarde_2,272,multi,2,92.7,202.0,225.13,45,48,93.75,5.002888888888889,30,30,0,0,2,1
tarde_2,273,cw1,1,53.42,126.0,129.74,44,48,91.66666666666667,2.9486363636363637,35,35,0,0,1,4
tarde_2,273,cw13,1,53.52,126.0,129.98,44,48,91.66666666666667,2.9540909090909087,35,35,0,0,1,4
tarde_2,273,multi,3,124.2,257.0,301.63,44,48,91.66666666666667,6.855227272727273,24,24,0,0,1,2
tarde_2,274,cw1,1,57.8,129.0,140.37,44,48,91.66666666666667,3.190227272727273,35,50,0,0,1,5
tarde_2,274,cw13,1,54.6,123.0,132.6,44,48,91.66666666666667,3.0136363636363637,35,50,0,0,1,5
tarde_2,274,multi,3,112.9,232.0,274.19,44,48,91.66666666666667,6.231590909090909,19,19,0,0,0,2
tarde_2,275,cw1,1,57.32,130.0,139.21,42,48,87.5,3.3145238095238096,37,37,0,1,1,4
tarde_2,275,cw13,1,57.42,132.0,139.45,42,48,87.5,3.320238095238095,37,37,0,1,1,4
tarde_2,275,multi,2,75.5,165.0,183.36,42,48,87.5,4.365714285714286,20,20,0,0,0,2
tarde_2,276,cw1,1,62.1,139.0,150.82,42,48,87.5,3.590952380952381,34,55,0,0,1,7
tarde_2,276,cw13,1,58.8,135.0,142.8,42,48,87.5,3.4000000000000004,34,55,0,0,1,7
tarde_2,276,multi,3,91.6,195.0,222.45,42,48,87.5,5.296428571428571,24,24,0,0,0,2
tarde_2,277,cw1,1,58.0,135.0,140.86,44,48,91.66666666666667,3.2013636363636366,33,49,0,0,1,6
tarde_2,277,cw13,1,54.8,129.0,133.09,44,48,91.66666666666667,3.0247727272727274,33,49,0,0,1,6
tarde_2,277,multi,3,100.1,218.0,243.1,44,48,91.66666666666667,5.5249999999999995,21,21,0,0,0,1
tarde_2,278,cw1,1,58.62,130.0,142.36,45,48,93.75,3.163555555555556,37,47,0,1,1,4
tarde_2,278,cw13,1,55.52,124.0,134.84,45,48,93.75,2.9964444444444447,37,47,0,1,1,4
tarde_2,278,multi,3,104.72,219.0,254.32,45,48,93.75,5.651555555555555,23,23,0,0,2,2
tarde_2,279,cw1,1,61.32,139.0,148.92,45,48,93.75,3.309333333333333,37,49,0,1,1,7
tarde_2,279,cw13,1,58.12,135.0,141.15,45,48,93.75,3.1366666666666667,37,49,0,1,1,7
tarde_2,279,multi,3,95.2,205.0,231.2,45,48,93.75,5.137777777777777,20,20,0,0,0,2
tarde_2,280,cw1,1,62.6,141.0,152.03,45,48,93.75,3.3784444444444444,33,48,0,0,1,7
tarde_2,280,cw13,1,59.3,137.0,144.02,45,48,93.75,3.200444444444445,33,48,0,0,1,7
tarde_2,280,multi,3,90.1,193.0,218.82,45,48,93.75,4.862666666666667,24,24,0,0,0,2
tarde_2,281,cw1,1,57.22,130.0,138.96,45,48,93.75,3.088,33,46,0,0,1,5
tarde_2,281,cw13,1,54.02,123.0,131.19,45,48,93.75,2.9153333333333333,33,46,0,0,1,5
tarde_2,281,multi,2,79.82,167.0,193.85,45,48,93.75,4.307777777777778,28,28,0,0,0,1
tarde_2,282,cw1,1,61.32,140.0,148.92,46,48,95.83333333333333,3.2373913043478257,42,57,0,6,1,6
tarde_2,282,cw13,1,58.12,133.0,141.15,46,48,95.83333333333333,3.0684782608695653,42,57,0,6,1,6
tarde_2,282,multi,3,110.9,237.0,269.33,46,48,95.83333333333333,5.8549999999999995,21,21,0,0,0,2
tarde_2,283,cw1,1,60.82,136.0,147.71,46,48,95.83333333333333,3.2110869565217395,38,54,0,2,1,6
tarde_2,283,cw13,1,57.62,132.0,139.94,46,48,95.83333333333333,3.042173913043478,38,54,0,2,1,6
tarde_2,283,multi,3,107.62,226.0,261.37,46,48,95.83333333333333,5.681956521739131,24,24,0,0,1,0
tarde_2,284,cw1,1,58.5,130.0,142.07,45,48,93.75,3.157111111111111,37,47,0,1,1,5
tarde_2,284,cw13,1,55.3,124.0,134.3,45,48,93.75,2.9844444444444447,37,47,0,1,1,5
tarde_2,284,multi,3,116.3,246.0,282.44,45,48,93.75,6.2764444444444445,27,27,0,0,1,1
tarde_2,285,cw1,1,56.5,130.0,137.22,41,48,85.41666666666667,3.346829268292683,37,52,0,1,1,5
tarde_2,285,cw13,1,53.3,124.0,129.44,41,48,85.41666666666667,3.1570731707317075,37,52,0,1,1,5
tarde_2,285,multi,2,77.7,165.0,188.7,41,48,85.41666666666667,4.602439024390244,24,24,0,0,1,1
tarde_2,286,cw1,1,60.02,133.0,145.76,43,48,89.58333333333333,3.389767441860465,35,49,0,0,1,6
tarde_2,286,cw13,1,56.92,127.0,138.24,43,48,89.58333333333333,3.214883720930233,35,49,0,0,1,6
tarde_2,286,multi,2,85.9,180.0,208.61,43,48,89.58333333333333,4.85139534883721,23,23,0,0,0,1
tarde_2,287,cw1,1,58.52,135.0,142.12,44,48,91.66666666666667,3.23,35,51,0,0,1,5
tarde_2,287,cw13,1,55.52,129.0,134.84,44,48,91.66666666666667,3.0645454545454545,35,51,0,0,1,5
tarde_2,287,multi,3,97.0,214.0,235.57,44,48,91.66666666666667,5.353863636363636,21,21,0,0,0,1
tarde_2,288,cw1,1,61.1,138.0,148.39,45,48,93.75,3.2975555555555554,26,36,0,0,1,7
tarde_2,288,cw13,1,57.8,134.0,140.37,45,48,93.75,3.1193333333333335,28,36,0,0,1,7
tarde_2,288,multi,3,104.5,215.0,253.78,45,48,93.75,5.639555555555556,21,21,0,0,1,2
tarde_2,289,cw1,1,58.42,132.0,141.88,46,48,95.83333333333333,3.0843478260869563,30,39,0,0,1,4
tarde_2,289,cw13,1,55.42,126.0,134.59,46,48,95.83333333333333,2.925869565217391,30,39,0,0,1,4
tarde_2,289,multi,3,108.6,231.0,263.74,46,48,95.83333333333333,5.733478260869566,30,30,0,0,1,0
tarde_2,290,cw1,1,59.62,133.0,144.79,44,48,91.66666666666667,3.290681818181818,35,48,0,0,1,5
tarde_2,290,cw13,1,56.32,124.0,136.78,44,48,91.66666666666667,3.108636363636364,35,48,0,0,1,5
tarde_2,290,multi,3,104.3,225.0,253.31,44,48,91.66666666666667,5.757045454545454,22,22,0,0,0,2
tarde_2,291,cw1,1,59.9,133.0,145.47,45,48,93.75,3.232666666666667,27,40,0,0,1,5
tarde_2,291,cw13,1,56.6,129.0,137.46,45,48,93.75,3.054666666666667,27,40,0,0,1,5
tarde_2,291,multi,3,124.2,272.0,301.63,45,48,93.75,6.7028888888888885,27,27,0,0,2,1
tarde_2,292,cw1,1,57.4,128.0,139.4,44,48,91.66666666666667,3.1681818181818184,36,49,0,0,1,6
tarde_2,292,cw13,1,54.2,122.0,131.63,44,48,91.66666666666667,2.991590909090909,36,49,0,0,1,6
tarde_2,292,multi,3,103.5,207.0,251.36,44,48,91.66666666666667,5.712727272727273,23,23,0,0,0,2
tarde_2,293,cw1,1,58.82,133.0,142.85,44,48,91.66666666666667,3.246590909090909,36,49,0,0,1,6
tarde_2,293,cw13,1,55.62,126.0,135.08,44,48,91.66666666666667,3.0700000000000003,36,49,0,0,1,6
tarde_2,293,multi,2,87.32,185.0,212.06,44,48,91.66666666666667,4.819545454545454,32,32,0,0,1,2
tarde_2,294,cw1,1,61.32,139.0,148.92,43,48,89.58333333333333,3.463255813953488,36,52,0,0,1,6
tarde_2,294,cw13,1,58.02,130.0,140.91,43,48,89.58333333333333,3.2769767441860465,36,52,0,0,1,6
tarde_2,294,multi,3,95.6,200.0,232.17,43,48,89.58333333333333,5.399302325581395,23,23,0,0,0,2
tarde_2,295,cw1,1,62.82,142.0,152.56,45,48,93.75,3.3902222222222225,32,47,0,0,1,7
tarde_2,295,cw13,1,59.62,138.0,144.79,45,48,93.75,3.2175555555555553,32,47,0,0,1,7
tarde_2,295,multi,3,122.7,255.0,297.99,45,48,93.75,6.622,19,19,0,0,1,1
tarde_2,296,cw1,1,53.34,120.0,129.54,42,48,87.5,3.084285714285714,39,50,0,3,1,3
tarde_2,296,cw13,1,53.02,118.0,128.76,42,48,87.5,3.0657142857142854,39,50,0,3,1,3
tarde_2,296,multi,3,105.32,216.0,255.78,42,48,87.5,6.09,21,21,0,0,0,1
tarde_2,297,cw1,1,62.32,140.0,151.35,44,48,91.66666666666667,3.439772727272727,35,50,0,0,1,7
tarde_2,297,cw13,1,59.12,136.0,143.58,44,48,91.66666666666667,3.2631818181818186,35,50,0,0,1,7
tarde_2,297,multi,3,115.9,249.0,281.48,44,48,91.66666666666667,6.397272727272727,19,19,0,0,1,2
tarde_2,298,cw1,1,60.92,138.0,147.95,44,48,91.66666666666667,3.3625,28,41,0,0,1,7
tarde_2,298,cw13,1,57.72,134.0,140.18,44,48,91.66666666666667,3.185909090909091,28,41,0,0,1,7
tarde_2,298,multi,3,98.62,206.0,239.51,44,48,91.66666666666667,5.443409090909091,25,25,0,0,0,2
tarde_2,299,cw1,1,59.7,132.0,144.99,45,48,93.75,3.2220000000000004,32,48,0,0,1,5
tarde_2,299,cw13,1,56.4,128.0,136.97,45,48,93.75,3.0437777777777777,32,48,0,0,1,5
tarde_2,299,multi,3,108.2,227.0,262.78,45,48,93.75,5.839555555555555,22,22,0,0,0,0
tarde_2,300,cw1,1,61.32,140.0,148.92,45,48,93.75,3.309333333333333,37,54,0,1,1,6
tarde_2,300,cw13,1,58.12,133.0,141.15,45,48,93.75,3.1366666666666667,37,54,0,1,1,6
tarde_2,300,multi,3,106.7,229.0,259.13,45,48,93.75,5.758444444444445,24,24,0,0,0,2
tarde_2,301,cw1,1,61.62,137.0,149.65,46,48,95.83333333333333,3.2532608695652177,34,48,0,0,1,7
tarde_2,301,cw13,1,58.42,133.0,141.88,46,48,95.83333333333333,3.0843478260869563,34,48,0,0,1,7
tarde_2,301,multi,3,110.8,235.0,269.09,46,48,95.83333333333333,5.8497826086956515,20,20,0,0,0,1
tarde_2,302,cw1,1,59.6,139.0,144.74,42,48,87.5,3.4461904761904765,33,50,0,0,1,5
tarde_2,302,cw13,1,56.2,130.0,136.49,42,48,87.5,3.249761904761905,33,50,0,0,1,5
tarde_2,302,multi,3,104.8,224.0,254.52,42,48,87.5,6.0600000000000005,20,20,0,0,1,1
tarde_2,303,cw1,1,60.02,136.0,145.76,42,48,87.5,3.47047619047619,29,41,0,0,1,5
tarde_2,303,cw13,1,56.72,127.0,137.75,42,48,87.5,3.2797619047619047,29,41,0,0,1,5
tarde_2,303,multi,3,121.72,253.0,295.61,42,48,87.5,7.038333333333334,20,20,0,0,0,0
tarde_2,304,cw1,1,52.02,115.0,126.34,44,48,91.66666666666667,2.8713636363636366,38,38,0,2,1,3
tarde_2,304,cw13,1,52.12,117.0,126.58,44,48,91.66666666666667,2.876818181818182,38,38,0,2,1,3
tarde_2,304,multi,2,70.4,157.0,170.97,44,48,91.66666666666667,3.8856818181818182,21,21,0,0,0,1
tarde_2,305,cw1,1,61.12,137.0,148.44,44,48,91.66666666666667,3.3736363636363635,30,44,0,0,1,7
tarde_2,305,cw13,1,57.92,133.0,140.66,44,48,91.66666666666667,3.196818181818182,30,44,0,0,1,7
tarde_2,305,multi,3,119.62,253.0,290.51,44,48,91.66666666666667,6.6025,30,30,0,0,1,2
tarde_2,306,cw1,1,60.2,135.0,146.2,43,48,89.58333333333333,3.4,34,47,0,0,1,6
tarde_2,306,cw13,1,57.0,129.0,138.43,43,48,89.58333333333333,3.2193023255813955,34,47,0,0,1,6
tarde_2,306,multi,3,106.2,232.0,257.93,43,48,89.58333333333333,5.998372093023256,17,17,0,0,0,1
tarde_2,307,cw1,1,54.82,123.0,133.14,43,48,89.58333333333333,3.0962790697674416,41,41,0,5,1,3
tarde_2,307,cw13,1,54.82,123.0,133.14,43,48,89.58333333333333,3.0962790697674416,41,41,0,5,1,3
tarde_2,307,multi,3,100.92,218.0,245.1,43,48,89.58333333333333,5.7,25,25,0,0,1,2
tarde_2,308,cw1,1,58.4,131.0,141.83,43,48,89.58333333333333,3.2983720930232563,39,54,0,3,1,4
tarde_2,308,cw13,1,55.2,125.0,134.06,43,48,89.58333333333333,3.117674418604651,39,54,0,3,1,4
tarde_2,308,multi,2,75.9,160.0,184.33,43,48,89.58333333333333,4.286744186046512,21,21,0,0,0,1
tarde_2,309,cw1,1,54.9,120.0,133.33,41,48,85.41666666666667,3.2519512195121956,29,43,0,0,1,5
tarde_2,309,cw13,1,51.6,116.0,125.32,41,48,85.41666666666667,3.0565853658536586,29,43,0,0,1,5
tarde_2,309,multi,3,99.4,198.0,241.4,41,48,85.41666666666667,5.88780487804878,19,19,0,0,0,1
tarde_2,310,cw1,1,60.82,136.0,147.71,40,48,83.33333333333333,3.69275,29,39,0,0,1,6
tarde_2,310,cw13,1,57.62,132.0,139.94,40,48,83.33333333333333,3.4985,29,39,0,0,1,6
tarde_2,310,multi,3,110.4,233.0,268.11,40,48,83.33333333333333,6.70275,17,17,0,0,0,0
tarde_2,311,cw1,1,56.02,125.0,136.05,43,48,89.58333333333333,3.1639534883720932,36,36,0,0,1,4
tarde_2,311,cw13,1,55.92,126.0,135.81,43,48,89.58333333333333,3.1583720930232557,36,36,0,0,1,4
tarde_2,311,multi,3,106.12,227.0,257.72,43,48,89.58333333333333,5.993488372093024,23,23,0,0,1,1
tarde_2,312,cw1,1,58.42,131.0,141.88,42,48,87.5,3.378095238095238,38,53,0,2,1,5
tarde_2,312,cw13,1,55.42,123.0,134.59,42,48,87.5,3.2045238095238098,38,53,0,2,1,5
tarde_2,312,multi,3,98.3,208.0,238.73,42,48,87.5,5.684047619047619,22,22,0,0,0,1
tarde_2,313,cw1,1,61.12,137.0,148.44,45,48,93.75,3.2986666666666666,29,42,0,0,1,7
tarde_2,313,cw13,1,57.92,133.0,140.66,45,48,93.75,3.1257777777777775,29,42,0,0,1,7
tarde_2,313,multi,3,98.52,212.0,239.26,45,48,93.75,5.316888888888888,28,28,0,0,1,2
tarde_2,314,cw1,1,53.24,120.0,129.3,45,48,93.75,2.8733333333333335,42,57,0,6,1,3
tarde_2,314,cw13,1,52.92,118.0,128.52,45,48,93.75,2.8560000000000003,42,57,0,6,1,3
tarde_2,314,multi,2,80.4,166.0,195.26,45,48,93.75,4.3391111111111105,23,23,0,0,0,1
tarde_2,315,cw1,1,58.02,130.0,140.91,44,48,91.66666666666667,3.2025,39,55,0,3,1,5
tarde_2,315,cw13,1,54.92,124.0,133.38,44,48,91.66666666666667,3.0313636363636363,39,55,0,3,1,5
tarde_2,315,multi,3,105.3,226.0,255.74,44,48,91.66666666666667,5.8122727272727275,24,24,0,0,0,1
tarde_2,316,cw1,1,58.42,132.0,141.88,44,48,91.66666666666667,3.2245454545454546,32,47,0,0,1,4
tarde_2,316,cw13,1,55.42,126.0,134.59,44,48,91.66666666666667,3.0588636363636366,32,47,0,0,1,4
tarde_2,316,multi,3,108.92,221.0,264.53,44,48,91.66666666666667,6.012045454545454,21,21,0,0,0,1
tarde_2,317,cw1,1,59.22,132.0,143.82,44,48,91.66666666666667,3.2686363636363636,36,55,0,0,1,5
tarde_2,317,cw13,1,56.12,126.0,136.29,44,48,91.66666666666667,3.0974999999999997,36,55,0,0,1,5
tarde_2,317,multi,3,106.42,227.0,258.46,44,48,91.66666666666667,5.874090909090909,23,23,0,0,0,1
tarde_2,318,cw1,1,61.12,138.0,148.44,45,48,93.75,3.2986666666666666,29,39,0,0,1,7
tarde_2,318,cw13,1,57.92,134.0,140.66,45,48,93.75,3.1257777777777775,29,39,0,0,1,7
tarde_2,318,multi,3,125.02,267.0,303.62,45,48,93.75,6.747111111111111,19,19,0,0,1,2
tarde_2,319,cw1,1,57.22,129.0,138.96,44,48,91.66666666666667,3.158181818181818,39,47,0,3,1,5
tarde_2,319,cw13,1,54.22,121.0,131.68,44,48,91.66666666666667,2.9927272727272727,39,47,0,3,1,5
tarde_2,319,multi,3,115.32,241.0,280.06,44,48,91.66666666666667,6.365,23,23,0,0,1,2
tarde_2,320,cw1,1,59.1,134.0,143.53,42,48,87.5,3.4173809523809524,36,49,0,0,1,5
tarde_2,320,cw13,1,56.0,126.0,136.0,42,48,87.5,3.238095238095238,36,49,0,0,1,5
tarde_2,320,multi,3,116.9,242.0,283.91,42,48,87.5,6.7597619047619055,28,28,0,0,1,1
tarde_2,321,cw1,1,59.02,131.0,143.34,48,48,100.0,2.98625,41,56,0,5,1,5
tarde_2,321,cw13,1,55.92,125.0,135.81,48,48,100.0,2.829375,41,56,0,5,1,5
tarde_2,321,multi,3,91.2,193.0,221.49,48,48,100.0,4.614375,26,26,0,0,0,2
tarde_2,322,cw1,1,57.22,126.0,138.96,45,48,93.75,3.088,34,54,0,0,1,5
tarde_2,322,cw13,1,53.92,117.0,130.95,45,48,93.75,2.9099999999999997,34,54,0,0,1,5
tarde_2,322,multi,2,79.7,172.0,193.56,45,48,93.75,4.301333333333333,24,24,0,0,0,1
tarde_2,323,cw1,1,58.1,131.0,141.1,43,48,89.58333333333333,3.281395348837209,29,39,0,0,1,5
tarde_2,323,cw13,1,54.7,122.0,132.84,43,48,89.58333333333333,3.0893023255813956,29,39,0,0,1,5
tarde_2,323,multi,3,109.1,221.0,264.96,43,48,89.58333333333333,6.161860465116279,23,23,0,0,0,1
tarde_2,324,cw1,1,60.22,137.0,146.25,44,48,91.66666666666667,3.3238636363636362,38,50,0,2,1,5
tarde_2,324,cw13,1,57.22,131.0,138.96,44,48,91.66666666666667,3.158181818181818,38,50,0,2,1,5
tarde_2,324,multi,3,123.62,266.0,300.22,44,48,91.66666666666667,6.823181818181819,18,18,0,0,1,2
tarde_2,325,cw1,1,54.42,119.0,132.16,43,48,89.58333333333333,3.0734883720930233,31,44,0,0,1,4
tarde_2,325,cw13,1,51.32,113.0,124.64,43,48,89.58333333333333,2.8986046511627905,31,44,0,0,1,4
tarde_2,325,multi,3,105.0,208.0,255.0,43,48,89.58333333333333,5.930232558139535,18,18,0,0,0,0
tarde_2,326,cw1,1,59.9,136.0,145.47,44,48,91.66666666666667,3.3061363636363637,36,56,0,0,1,5
tarde_2,326,cw13,1,56.8,130.0,137.94,44,48,91.66666666666667,3.135,36,56,0,0,1,5
tarde_2,326,multi,3,106.5,230.0,258.65,44,48,91.66666666666667,5.8784090909090905,23,23,0,0,0,2
tarde_2,327,cw1,1,58.2,131.0,141.34,43,48,89.58333333333333,3.2869767441860467,40,50,0,4,1,4
tarde_2,327,cw13,1,55.1,123.0,133.82,43,48,89.58333333333333,3.112093023255814,40,50,0,4,1,4
tarde_2,327,multi,3,104.0,214.0,252.58,43,48,89.58333333333333,5.873953488372093,26,26,0,0,1,2
tarde_2,328,cw1,1,57.62,133.0,139.94,46,48,95.83333333333333,3.042173913043478,35,50,0,0,1,5
tarde_2,328,cw13,1,54.42,126.0,132.16,46,48,95.83333333333333,2.8730434782608696,35,50,0,0,1,5
tarde_2,328,multi,3,105.62,226.0,256.52,46,48,95.83333333333333,5.576521739130435,21,21,0,0,1,1
tarde_2,329,cw1,1,59.8,135.0,145.23,43,48,89.58333333333333,3.377441860465116,29,39,0,0,1,5
tarde_2,329,cw13,1,56.4,126.0,136.97,43,48,89.58333333333333,3.185348837209302,29,39,0,0,1,5
tarde_2,329,multi,3,114.6,238.0,278.32,43,48,89.58333333333333,6.4725581395348835,25,25,0,0,1,0
tarde_2,330,cw1,1,58.0,130.0,140.86,43,48,89.58333333333333,3.2758139534883726,33,44,0,0,1,5
tarde_2,330,cw13,1,54.8,124.0,133.09,43,48,89.58333333333333,3.0951162790697677,33,44,0,0,1,5
tarde_2,330,multi,2,80.7,173.0,195.99,43,48,89.58333333333333,4.557906976744186,25,25,0,0,1,1
tarde_2,331,cw1,1,59.32,132.0,144.06,45,48,93.75,3.2013333333333334,35,54,0,0,1,5
tarde_2,331,cw13,1,56.22,126.0,136.54,45,48,93.75,3.034222222222222,35,54,0,0,1,5
tarde_2,331,multi,3,112.7,231.0,273.7,45,48,93.75,6.082222222222222,23,23,0,0,1,2
tarde_2,332,cw1,1,58.4,131.0,141.83,46,48,95.83333333333333,3.0832608695652177,43,61,0,7,1,4
tarde_2,332,cw13,1,55.2,125.0,134.06,46,48,95.83333333333333,2.9143478260869564,43,61,0,7,1,4
tarde_2,332,multi,3,90.4,200.0,219.54,46,48,95.83333333333333,4.772608695652174,26,26,0,0,0,1
tarde_2,333,cw1,1,62.02,142.0,150.62,46,48,95.83333333333333,3.2743478260869567,37,51,0,1,1,6
tarde_2,333,cw13,1,58.72,133.0,142.61,46,48,95.83333333333333,3.1002173913043483,37,51,0,1,1,6
tarde_2,333,multi,3,121.3,256.0,294.6,46,48,95.83333333333333,6.404347826086957,23,23,0,0,2,1
tarde_2,334,cw1,1,60.0,136.0,145.72,45,48,93.75,3.2382222222222223,35,51,0,0,1,5
tarde_2,334,cw13,1,56.6,127.0,137.46,45,48,93.75,3.054666666666667,35,51,0,0,1,5
tarde_2,334,multi,3,104.2,218.0,253.06,45,48,93.75,5.623555555555556,25,25,0,0,2,1
tarde_2,335,cw1,1,62.22,140.0,151.11,41,48,85.41666666666667,3.6856097560975614,34,45,0,0,1,6
tarde_2,335,cw13,1,59.02,136.0,143.34,41,48,85.41666666666667,3.4960975609756098,34,45,0,0,1,6
tarde_2,335,multi,3,126.22,266.0,306.53,41,48,85.41666666666667,7.4763414634146335,18,18,0,0,1,2
tarde_2,336,cw1,1,62.32,140.0,151.35,46,48,95.83333333333333,3.2902173913043478,33,45,0,0,1,7
tarde_2,336,cw13,1,59.12,136.0,143.58,46,48,95.83333333333333,3.1213043478260873,33,45,0,0,1,7
tarde_2,336,multi,3,124.82,251.0,303.15,46,48,95.83333333333333,6.590217391304347,24,24,0,0,1,3
tarde_2,337,cw1,1,57.02,127.0,138.48,45,48,93.75,3.0773333333333333,37,48,0,1,1,5
tarde_2,337,cw13,1,53.92,121.0,130.95,45,48,93.75,2.9099999999999997,37,48,0,1,1,5
tarde_2,337,multi,3,101.22,206.0,245.82,45,48,93.75,5.462666666666666,23,23,0,0,0,1
tarde_2,338,cw1,1,59.3,129.0,144.02,47,48,97.91666666666667,3.0642553191489363,36,48,0,0,1,5
tarde_2,338,cw13,1,56.0,125.0,136.0,47,48,97.91666666666667,2.893617021276596,36,48,0,0,1,5
tarde_2,338,multi,3,111.2,228.0,270.05,47,48,97.91666666666667,5.745744680851064,23,23,0,0,0,1
tarde_2,339,cw1,1,60.92,137.0,147.95,45,48,93.75,3.2877777777777775,31,47,0,0,1,7
tarde_2,339,cw13,1,57.72,133.0,140.18,45,48,93.75,3.115111111111111,31,47,0,0,1,7
tarde_2,339,multi,3,91.8,196.0,222.94,45,48,93.75,4.9542222222222225,21,21,0,0,0,2
tarde_2,340,cw1,1,61.5,140.0,149.36,46,48,95.83333333333333,3.2469565217391305,37,50,0,1,1,6
tarde_2,340,cw13,1,58.1,131.0,141.1,46,48,95.83333333333333,3.067391304347826,37,50,0,1,1,6
tarde_2,340,multi,3,93.5,203.0,227.07,46,48,95.83333333333333,4.936304347826087,21,21,0,0,0,2
tarde_2,341,cw1,1,56.2,127.0,136.49,44,48,91.66666666666667,3.1020454545454546,41,59,0,5,1,4
tarde_2,341,cw13,1,53.0,121.0,128.72,44,48,91.66666666666667,2.9254545454545453,41,59,0,5,1,4
tarde_2,341,multi,2,79.0,170.0,191.86,44,48,91.66666666666667,4.360454545454545,23,23,0,0,0,1
tarde_2,342,cw1,1,56.82,128.0,137.99,46,48,95.83333333333333,2.9997826086956523,38,38,0,2,1,4
tarde_2,342,cw13,1,56.92,130.0,138.24,46,48,95.83333333333333,3.005217391304348,38,38,0,2,1,4
tarde_2,342,multi,3,98.32,205.0,238.78,46,48,95.83333333333333,5.190869565217391,24,24,0,0,0,2
tarde_2,343,cw1,1,56.8,123.0,137.94,45,48,93.75,3.0653333333333332,35,47,0,0,1,4
tarde_2,343,cw13,1,53.6,117.0,130.17,45,48,93.75,2.8926666666666665,35,47,0,0,1,4
tarde_2,343,multi,2,71.7,160.0,174.13,45,48,93.75,3.8695555555555554,31,31,0,0,1,1
tarde_2,344,cw1,1,57.0,133.0,138.43,44,48,91.66666666666667,3.146136363636364,32,38,0,0,1,5
tarde_2,344,cw13,1,53.8,127.0,130.66,44,48,91.66666666666667,2.9695454545454543,32,38,0,0,1,5
tarde_2,344,multi,3,99.6,206.0,241.88,44,48,91.66666666666667,5.497272727272727,23,23,0,0,1,2
tarde_2,345,cw1,1,57.2,125.0,138.92,44,48,91.66666666666667,3.157272727272727,31,48,0,0,1,6
tarde_2,345,cw13,1,53.9,121.0,130.9,44,48,91.66666666666667,2.975,31,48,0,0,1,6
tarde_2,345,multi,2,82.4,178.0,200.12,44,48,91.66666666666667,4.548181818181818,21,21,0,0,0,1
tarde_2,346,cw1,1,55.3,124.0,134.3,44,48,91.66666666666667,3.0522727272727277,34,34,0,0,1,3
tarde_2,346,cw13,1,55.3,126.0,134.3,44,48,91.66666666666667,3.0522727272727277,34,34,0,0,1,3
tarde_2,346,multi,3,96.0,207.0,233.14,44,48,91.66666666666667,5.298636363636363,24,24,0,0,1,1
tarde_2,347,cw1,1,60.0,134.0,145.72,46,48,95.83333333333333,3.167826086956522,33,45,0,0,1,6
tarde_2,347,cw13,1,56.8,128.0,137.94,46,48,95.83333333333333,2.998695652173913,33,45,0,0,1,6
tarde_2,347,multi,3,118.4,246.0,287.55,46,48,95.83333333333333,6.251086956521739,26,26,0,0,1,2
tarde_2,348,cw1,1,60.8,136.0,147.66,42,48,87.5,3.5157142857142856,29,43,0,0,1,6
tarde_2,348,cw13,1,57.5,132.0,139.64,42,48,87.5,3.3247619047619046,29,43,0,0,1,6
tarde_2,348,multi,3,112.5,240.0,273.22,42,48,87.5,6.505238095238096,17,17,0,0,1,1
tarde_2,349,cw1,1,56.4,125.0,136.97,43,48,89.58333333333333,3.185348837209302,38,56,0,2,1,4
tarde_2,349,cw13,1,53.2,119.0,129.2,43,48,89.58333333333333,3.0046511627906973,38,56,0,2,1,4
tarde_2,349,multi,3,105.8,227.0,256.95,43,48,89.58333333333333,5.975581395348837,22,22,0,0,1,1
tarde_2,350,cw1,1,57.72,128.0,140.18,46,48,95.83333333333333,3.0473913043478262,41,63,0,5,1,4
tarde_2,350,cw13,1,54.62,122.0,132.65,46,48,95.83333333333333,2.883695652173913,41,63,0,5,1,4
tarde_2,350,multi,3,102.9,215.0,249.89,46,48,95.83333333333333,5.432391304347826,30,30,0,0,0,0
tarde_2,351,cw1,1,56.42,125.0,137.02,43,48,89.58333333333333,3.186511627906977,40,57,0,4,1,5
tarde_2,351,cw13,1,53.32,119.0,129.49,43,48,89.58333333333333,3.0113953488372096,40,57,0,4,1,5
tarde_2,351,multi,3,91.1,193.0,221.24,43,48,89.58333333333333,5.145116279069768,25,25,0,0,0,2
tarde_2,352,cw1,1,61.32,140.0,148.92,43,48,89.58333333333333,3.463255813953488,37,54,0,1,1,6
tarde_2,352,cw13,1,58.12,133.0,141.15,43,48,89.58333333333333,3.282558139534884,37,54,0,1,1,6
tarde_2,352,multi,3,103.0,222.0,250.15,43,48,89.58333333333333,5.817441860465117,24,24,0,0,0,2
tarde_2,353,cw1,1,57.5,129.0,139.64,47,48,97.91666666666667,2.9710638297872336,40,54,0,4,1,5
tarde_2,353,cw13,1,54.3,123.0,131.87,47,48,97.91666666666667,2.8057446808510638,40,54,0,4,1,5
tarde_2,353,multi,3,100.5,221.0,244.07,47,48,97.91666666666667,5.192978723404255,21,21,0,0,0,1
tarde_2,354,cw1,1,62.02,142.0,150.62,48,48,100.0,3.137916666666667,38,54,0,2,1,6
tarde_2,354,cw13,1,58.72,133.0,142.61,48,48,100.0,2.971041666666667,38,54,0,2,1,6
tarde_2,354,multi,3,110.3,239.0,267.88,48,48,100.0,5.5808333333333335,23,23,0,0,0,1
tarde_2,355,cw1,1,60.7,137.0,147.42,44,48,91.66666666666667,3.350454545454545,33,49,0,0,1,6
tarde_2,355,cw13,1,57.5,131.0,139.64,44,48,91.66666666666667,3.1736363636363634,33,49,0,0,1,6
tarde_2,355,multi,3,106.9,226.0,259.62,44,48,91.66666666666667,5.900454545454545,21,21,0,0,0,1
tarde_2,356,cw1,1,57.42,129.0,139.45,43,48,89.58333333333333,3.243023255813953,33,49,0,0,1,4
tarde_2,356,cw13,1,54.12,120.0,131.44,43,48,89.58333333333333,3.0567441860465117,33,49,0,0,1,4
tarde_2,356,multi,2,82.0,175.0,199.14,43,48,89.58333333333333,4.631162790697674,22,22,0,0,0,1
tarde_2,357,cw1,1,60.42,138.0,146.74,41,48,85.41666666666667,3.5790243902439025,31,43,0,0,1,5
tarde_2,357,cw13,1,57.42,132.0,139.45,41,48,85.41666666666667,3.4012195121951216,31,43,0,0,1,5
tarde_2,357,multi,3,97.4,211.0,236.54,41,48,85.41666666666667,5.769268292682927,19,19,0,0,0,2
tarde_2,358,cw1,1,55.52,127.0,134.84,46,48,95.83333333333333,2.931304347826087,36,49,0,0,1,5
tarde_2,358,cw13,1,52.42,121.0,127.31,46,48,95.83333333333333,2.767608695652174,36,49,0,0,1,5
tarde_2,358,multi,3,105.7,222.0,256.7,46,48,95.83333333333333,5.5804347826086955,18,18,0,0,0,0
tarde_2,359,cw1,1,59.2,130.0,143.77,44,48,91.66666666666667,3.2675,38,55,0,2,1,5
tarde_2,359,cw13,1,56.0,124.0,136.0,44,48,91.66666666666667,3.090909090909091,38,55,0,2,1,5
tarde_2,359,multi,3,94.5,203.0,229.5,44,48,91.66666666666667,5.215909090909091,21,21,0,0,0,2
tarde_2,360,cw1,1,56.72,131.0,137.75,43,48,89.58333333333333,3.203488372093023,37,52,0,1,1,4
tarde_2,360,cw13,1,53.72,123.0,130.46,43,48,89.58333333333333,3.0339534883720933,37,52,0,1,1,4
tarde_2,360,multi,2,89.02,177.0,216.2,43,48,89.58333333333333,5.027906976744186,22,22,0,0,1,1
tarde_2,361,cw1,1,59.12,132.0,143.58,44,48,91.66666666666667,3.2631818181818186,29,42,0,0,1,6
tarde_2,361,cw13,1,55.92,128.0,135.81,44,48,91.66666666666667,3.086590909090909,29,42,0,0,1,6
tarde_2,361,multi,3,113.92,231.0,276.66,44,48,91.66666666666667,6.287727272727273,22,22,0,0,0,1
tarde_2,362,cw1,1,56.1,123.0,136.24,44,48,91.66666666666667,3.0963636363636367,35,53,0,0,1,4
tarde_2,362,cw13,1,52.9,117.0,128.47,44,48,91.66666666666667,2.9197727272727274,35,53,0,0,1,4
tarde_2,362,multi,3,101.0,208.0,245.28,44,48,91.66666666666667,5.574545454545454,21,21,0,0,0,0
tarde_2,363,cw1,1,59.12,132.0,143.58,43,48,89.58333333333333,3.3390697674418606,29,45,0,0,1,6
tarde_2,363,cw13,1,55.92,128.0,135.81,43,48,89.58333333333333,3.1583720930232557,29,45,0,0,1,6
tarde_2,363,multi,3,87.8,185.0,213.23,43,48,89.58333333333333,4.958837209302326,20,20,0,0,0,1
tarde_2,364,cw1,1,51.8,116.0,125.8,40,48,83.33333333333333,3.145,32,43,0,0,1,5
tarde_2,364,cw13,1,48.6,110.0,118.03,40,48,83.33333333333333,2.95075,32,43,0,0,1,5
tarde_2,364,multi,3,109.9,220.0,266.9,40,48,83.33333333333333,6.672499999999999,19,19,0,0,0,1
tarde_2,365,cw1,1,60.12,137.0,146.01,46,48,95.83333333333333,3.1741304347826085,32,48,0,0,1,6
tarde_2,365,cw13,1,56.82,128.0,137.99,46,48,95.83333333333333,2.9997826086956523,32,48,0,0,1,6
tarde_2,365,multi,3,89.62,191.0,217.65,46,48,95.83333333333333,4.731521739130435,19,19,0,0,0,2
tarde_2,366,cw1,1,58.02,130.0,140.91,46,48,95.83333333333333,3.0632608695652173,37,54,0,1,1,5
tarde_2,366,cw13,1,54.92,124.0,133.38,46,48,95.83333333333333,2.8995652173913045,37,54,0,1,1,5
tarde_2,366,multi,3,109.92,234.0,266.95,46,48,95.83333333333333,5.803260869565217,22,22,0,0,0,1
tarde_2,367,cw1,1,60.9,137.0,147.9,43,48,89.58333333333333,3.4395348837209303,28,44,0,0,1,7
tarde_2,367,cw13,1,57.6,133.0,139.89,43,48,89.58333333333333,3.253255813953488,28,44,0,0,1,7
tarde_2,367,multi,3,111.5,243.0,270.79,43,48,89.58333333333333,6.297441860465117,17,17,0,0,0,2
tarde_2,368,cw1,1,57.52,129.0,139.69,43,48,89.58333333333333,3.2486046511627906,35,35,0,0,1,5
tarde_2,368,cw13,1,57.42,130.0,139.45,43,48,89.58333333333333,3.243023255813953,35,35,0,0,1,5
tarde_2,368,multi,2,77.3,168.0,187.73,43,48,89.58333333333333,4.365813953488372,22,22,0,0,0,2
tarde_2,369,cw1,1,57.42,133.0,139.45,45,48,93.75,3.098888888888889,39,52,0,3,1,5
tarde_2,369,cw13,1,54.42,125.0,132.16,45,48,93.75,2.936888888888889,39,52,0,3,1,5
tarde_2,369,multi,2,76.72,170.0,186.32,45,48,93.75,4.140444444444444,35,35,0,0,1,2
tarde_2,370,cw1,1,60.82,136.0,147.71,45,48,93.75,3.2824444444444447,30,41,0,0,1,6
tarde_2,370,cw13,1,57.62,132.0,139.94,45,48,93.75,3.1097777777777775,30,41,0,0,1,6
tarde_2,370,multi,3,126.12,269.0,306.29,45,48,93.75,6.806444444444445,24,24,0,0,2,0
tarde_2,371,cw1,1,59.32,132.0,144.06,45,48,93.75,3.2013333333333334,33,46,0,0,1,7
tarde_2,371,cw13,1,56.12,128.0,136.29,45,48,93.75,3.0286666666666666,33,46,0,0,1,7
tarde_2,371,multi,3,111.6,235.0,271.03,45,48,93.75,6.022888888888888,23,23,0,0,0,1
tarde_2,372,cw1,1,59.4,137.0,144.26,43,48,89.58333333333333,3.3548837209302325,34,48,0,0,1,7
tarde_2,372,cw13,1,56.1,133.0,136.24,43,48,89.58333333333333,3.168372093023256,34,48,0,0,1,7
tarde_2,372,multi,3,105.8,225.0,256.94,43,48,89.58333333333333,5.975348837209302,22,22,0,0,1,2
tarde_2,373,cw1,1,58.62,131.0,142.36,43,48,89.58333333333333,3.310697674418605,35,56,0,0,1,4
tarde_2,373,cw13,1,55.32,122.0,134.35,43,48,89.58333333333333,3.124418604651163,35,56,0,0,1,4
tarde_2,373,multi,2,81.2,177.0,197.2,43,48,89.58333333333333,4.586046511627907,26,26,0,0,0,1
tarde_2,374,cw1,1,58.72,131.0,142.61,44,48,91.66666666666667,3.241136363636364,36,50,0,0,1,5
tarde_2,374,cw13,1,55.62,125.0,135.08,44,48,91.66666666666667,3.0700000000000003,36,50,0,0,1,5
tarde_2,374,multi,3,107.5,213.0,261.08,44,48,91.66666666666667,5.933636363636364,23,23,0,0,1,0
tarde_2,375,cw1,1,60.7,135.0,147.42,46,48,95.83333333333333,3.204782608695652,30,43,0,0,1,7
tarde_2,375,cw13,1,57.4,131.0,139.4,46,48,95.83333333333333,3.0304347826086957,30,43,0,0,1,7
tarde_2,375,multi,2,82.7,180.0,200.85,46,48,95.83333333333333,4.366304347826087,23,23,0,0,0,2
tarde_2,376,cw1,1,57.0,127.0,138.43,45,48,93.75,3.0762222222222224,36,52,0,0,1,5
tarde_2,376,cw13,1,53.8,121.0,130.66,45,48,93.75,2.9035555555555557,36,52,0,0,1,5
tarde_2,376,multi,3,107.6,223.0,261.33,45,48,93.75,5.807333333333333,25,25,0,0,0,0
tarde_2,377,cw1,1,55.8,125.0,135.52,45,48,93.75,3.0115555555555558,35,51,0,0,1,4
tarde_2,377,cw13,1,52.6,119.0,127.74,45,48,93.75,2.8386666666666667,35,51,0,0,1,4
tarde_2,377,multi,3,105.5,220.0,256.22,45,48,93.75,5.693777777777778,24,24,0,0,0,0
tarde_2,378,cw1,1,56.62,124.0,137.51,40,48,83.33333333333333,3.43775,36,51,0,0,1,3
tarde_2,378,cw13,1,53.52,118.0,129.98,40,48,83.33333333333333,3.2495,36,51,0,0,1,3
tarde_2,378,multi,3,110.9,232.0,269.33,40,48,83.33333333333333,6.73325,24,24,0,0,0,0
tarde_2,379,cw1,1,56.92,128.0,138.24,46,48,95.83333333333333,3.005217391304348,36,54,0,0,1,5
tarde_2,379,cw13,1,53.62,119.0,130.22,46,48,95.83333333333333,2.8308695652173914,36,54,0,0,1,5
tarde_2,379,multi,3,93.5,199.0,227.07,46,48,95.83333333333333,4.936304347826087,22,22,0,0,0,2
tarde_2,380,cw1,1,58.52,132.0,142.12,42,48,87.5,3.383809523809524,32,47,0,0,1,6
tarde_2,380,cw13,1,55.22,123.0,134.11,42,48,87.5,3.193095238095238,32,47,0,0,1,6
tarde_2,380,multi,3,98.9,215.0,240.19,42,48,87.5,5.718809523809524,22,22,0,0,0,1
tarde_2,381,cw1,1,55.6,126.0,135.03,45,48,93.75,3.0006666666666666,36,36,0,0,1,4
tarde_2,381,cw13,1,55.6,128.0,135.03,45,48,93.75,3.0006666666666666,36,36,0,0,1,4
tarde_2,381,multi,2,78.3,176.0,190.16,45,48,93.75,4.225777777777778,23,23,0,0,1,2
tarde_2,382,cw1,1,58.8,138.0,142.8,41,48,85.41666666666667,3.482926829268293,29,43,0,0,1,6
tarde_2,382,cw13,1,55.4,129.0,134.54,41,48,85.41666666666667,3.281463414634146,29,43,0,0,1,6
tarde_2,382,multi,2,88.5,198.0,214.94,41,48,85.41666666666667,5.242439024390244,33,33,0,0,2,2
tarde_2,383,cw1,1,53.62,121.0,130.22,44,48,91.66666666666667,2.9595454545454545,42,42,0,6,1,3
tarde_2,383,cw13,1,53.62,121.0,130.22,44,48,91.66666666666667,2.9595454545454545,42,42,0,6,1,3
tarde_2,383,multi,2,87.12,186.0,211.58,44,48,91.66666666666667,4.808636363636364,30,30,0,0,1,2
tarde_2,384,cw1,1,58.12,131.0,141.15,45,48,93.75,3.1366666666666667,35,49,0,0,1,5
tarde_2,384,cw13,1,54.82,122.0,133.14,45,48,93.75,2.9586666666666663,35,49,0,0,1,5
tarde_2,384,multi,3,96.8,203.0,235.08,45,48,93.75,5.224,21,21,0,0,0,1
tarde_2,385,cw1,1,56.8,128.0,137.94,42,48,87.5,3.2842857142857143,36,36,0,0,1,4
tarde_2,385,cw13,1,56.8,130.0,137.94,42,48,87.5,3.2842857142857143,36,36,0,0,1,4
tarde_2,385,multi,2,71.5,163.0,173.65,42,48,87.5,4.1345238095238095,20,20,0,0,0,2
tarde_2,386,cw1,1,56.7,127.0,137.7,44,48,91.66666666666667,3.1295454545454544,27,38,0,0,1,5
tarde_2,386,cw13,1,53.3,118.0,129.44,44,48,91.66666666666667,2.941818181818182,27,38,0,0,1,5
tarde_2,386,multi,2,83.5,173.0,202.79,44,48,91.66666666666667,4.608863636363636,25,25,0,0,0,1
tarde_2,387,cw1,1,60.7,137.0,147.42,43,48,89.58333333333333,3.4283720930232557,31,36,0,0,1,6
tarde_2,387,cw13,1,57.5,131.0,139.64,43,48,89.58333333333333,3.247441860465116,31,36,0,0,1,6
tarde_2,387,multi,3,99.8,217.0,242.37,43,48,89.58333333333333,5.636511627906977,23,23,0,0,1,2
tarde_2,388,cw1,1,55.82,129.0,135.56,44,48,91.66666666666667,3.080909090909091,40,40,0,4,1,4
tarde_2,388,cw13,1,55.72,130.0,135.32,44,48,91.66666666666667,3.075454545454545,40,40,0,4,1,4
tarde_2,388,multi,2,78.0,169.0,189.43,44,48,91.66666666666667,4.305227272727273,26,26,0,0,0,2
tarde_2,389,cw1,1,56.6,126.0,137.46,45,48,93.75,3.054666666666667,38,47,0,2,1,4
tarde_2,389,cw13,1,53.5,118.0,129.93,45,48,93.75,2.8873333333333333,38,47,0,2,1,4
tarde_2,389,multi,3,121.7,257.0,295.56,45,48,93.75,6.568,26,26,0,0,1,1
tarde_2,390,cw1,1,55.8,123.0,135.52,43,48,89.58333333333333,3.1516279069767443,40,54,0,4,1,4
tarde_2,390,cw13,1,52.6,117.0,127.74,43,48,89.58333333333333,2.9706976744186044,40,54,0,4,1,4
tarde_2,390,multi,3,88.4,188.0,214.69,43,48,89.58333333333333,4.992790697674419,22,22,0,0,0,1
tarde_2,391,cw1,1,61.2,139.0,148.63,46,48,95.83333333333333,3.231086956521739,33,49,0,0,1,6
tarde_2,391,cw13,1,58.0,133.0,140.86,46,48,95.83333333333333,3.0621739130434786,33,49,0,0,1,6
tarde_2,391,multi,3,106.1,230.0,257.67,46,48,95.83333333333333,5.601521739130435,19,19,0,0,0,2
tarde_2,392,cw1,1,58.92,131.0,143.09,44,48,91.66666666666667,3.2520454545454545,34,50,0,0,1,6
tarde_2,392,cw13,1,55.72,127.0,135.32,44,48,91.66666666666667,3.075454545454545,34,50,0,0,1,6
tarde_2,392,multi,3,132.8,259.0,322.51,44,48,91.66666666666667,7.329772727272727,20,20,0,0,1,1
tarde_2,393,cw1,1,61.32,140.0,148.92,47,48,97.91666666666667,3.1685106382978723,38,53,0,2,1,6
tarde_2,393,cw13,1,58.12,133.0,141.15,47,48,97.91666666666667,3.0031914893617024,38,53,0,2,1,6
tarde_2,393,multi,3,103.6,228.0,251.61,47,48,97.91666666666667,5.353404255319149,22,22,0,0,0,2
tarde_2,394,cw1,1,58.62,132.0,142.36,43,48,89.58333333333333,3.310697674418605,39,52,0,3,1,5
tarde_2,394,cw13,1,55.62,124.0,135.08,43,48,89.58333333333333,3.1413953488372095,39,52,0,3,1,5
tarde_2,394,multi,3,98.3,216.0,238.73,43,48,89.58333333333333,5.551860465116278,23,23,0,0,1,1
tarde_2,395,cw1,1,60.0,136.0,145.72,47,48,97.91666666666667,3.1004255319148935,35,54,0,0,1,5
tarde_2,395,cw13,1,56.6,127.0,137.46,47,48,97.91666666666667,2.92468085106383,35,54,0,0,1,5
tarde_2,395,multi,3,83.9,179.0,203.75,47,48,97.91666666666667,4.335106382978723,27,27,0,0,0,1
tarde_2,396,cw1,1,56.32,127.0,136.78,42,48,87.5,3.256666666666667,35,38,0,0,1,5
tarde_2,396,cw13,1,56.22,128.0,136.54,42,48,87.5,3.2509523809523806,35,38,0,0,1,5
tarde_2,396,multi,2,88.02,186.0,213.77,42,48,87.5,5.089761904761905,21,21,0,0,1,2
tarde_2,397,cw1,1,57.1,128.0,138.67,46,48,95.83333333333333,3.0145652173913042,41,55,0,5,1,4
tarde_2,397,cw13,1,54.0,120.0,131.14,46,48,95.83333333333333,2.850869565217391,41,55,0,5,1,4
tarde_2,397,multi,3,112.7,238.0,273.71,46,48,95.83333333333333,5.9502173913043475,22,22,0,0,1,1
tarde_2,398,cw1,1,57.0,125.0,138.43,43,48,89.58333333333333,3.2193023255813955,36,47,0,0,1,4
tarde_2,398,cw13,1,53.8,119.0,130.66,43,48,89.58333333333333,3.0386046511627907,36,47,0,0,1,4
tarde_2,398,multi,3,112.4,228.0,272.98,43,48,89.58333333333333,6.348372093023256,23,23,0,0,0,1
tarde_2,399,cw1,1,59.32,129.0,144.06,47,48,97.91666666666667,3.0651063829787235,36,48,0,0,1,5
tarde_2,399,cw13,1,56.12,125.0,136.29,47,48,97.91666666666667,2.8997872340425532,36,48,0,0,1,5
tarde_2,399,multi,3,95.92,192.0,232.94,47,48,97.91666666666667,4.956170212765957,29,29,0,0,0,1
noite_1,0,cw1,3,214.25,468.0,520.33,156,158,98.73417721518987,3.3354487179487182,64,64,1,37,3,10
noite_1,0,cw13,3,212.75,466.0,516.69,156,158,98.73417721518987,3.312115384615385,64,64,1,39,3,10
noite_1,0,multi,3,110.0,226.0,267.15,48,158,30.379746835443036,5.565625,21,21,0,0,0,1
noite_1,1,cw1,4,217.55,469.0,528.34,156,158,98.73417721518987,3.386794871794872,58,58,1,34,3,5
noite_1,1,cw13,4,217.05,470.0,527.13,156,158,98.73417721518987,3.3790384615384617,58,58,1,34,3,5
noite_1,1,multi,3,112.3,237.0,272.74,51,158,32.278481012658226,5.347843137254902,24,24,0,0,0,1
noite_1,2,cw1,3,192.35,422.0,467.13,155,158,98.10126582278481,3.013741935483871,61,61,1,37,3,5
noite_1,2,cw13,3,191.75,423.0,465.67,155,158,98.10126582278481,3.0043225806451614,61,61,1,37,3,5
noite_1,2,multi,4,145.4,326.0,353.11,94,158,59.49367088607595,3.756489361702128,46,46,0,10,2,2
noite_1,3,cw1,4,207.15,449.0,503.09,157,158,99.36708860759494,3.2043949044585984,57,57,1,32,3,6
noite_1,3,cw13,4,206.25,446.0,500.91,157,158,99.36708860759494,3.1905095541401276,57,57,1,32,3,6
noite_1,3,multi,3,107.2,223.0,260.35,54,158,34.177215189873415,4.821296296296297,21,21,0,0,0,0
noite_1,4,cw1,4,213.25,466.0,517.9,156,158,98.73417721518987,3.3198717948717946,55,55,2,35,3,5
noite_1,4,cw13,4,213.45,463.0,518.39,156,158,98.73417721518987,3.32301282051282,55,55,2,35,3,5
noite_1,4,multi,3,114.7,238.0,278.56,49,158,31.0126582278481,5.684897959183673,21,21,0,0,0,1
noite_1,5,cw1,3,174.6,391.0,424.03,155,158,98.10126582278481,2.7356774193548383,71,71,1,45,3,7
noite_1,5,cw13,3,173.6,387.0,421.6,155,158,98.10126582278481,2.72,71,71,1,45,3,7
noite_1,5,multi,3,111.4,245.0,270.55,50,158,31.645569620253166,5.4110000000000005,19,19,0,0,2,1
noite_1,6,cw1,3,186.55,409.0,453.05,158,158,100.0,2.867405063291139,66,66,1,45,3,7
noite_1,6,cw13,3,186.15,408.0,452.08,158,158,100.0,2.86126582278481,66,66,1,45,3,7
noite_1,6,multi,3,101.8,212.0,247.23,46,158,29.11392405063291,5.3745652173913046,22,22,0,0,1,1
noite_1,7,cw1,4,207.2,440.0,503.19,156,158,98.73417721518987,3.225576923076923,52,52,1,34,3,6
noite_1,7,cw13,4,204.6,434.0,496.88,156,158,98.73417721518987,3.1851282051282053,52,52,1,34,3,6
noite_1,7,multi,3,99.1,214.0,240.67,56,158,35.44303797468354,4.2976785714285715,33,33,0,0,0,2
noite_1,8,cw1,4,204.8,436.0,497.39,155,158,98.10126582278481,3.2089677419354836,58,58,1,30,3,5
noite_1,8,cw13,4,204.8,432.0,497.38,155,158,98.10126582278481,3.2089032258064516,58,58,1,34,3,5
noite_1,8,multi,3,122.6,263.0,297.74,53,158,33.54430379746835,5.617735849056604,25,25,0,0,1,1
noite_1,9,cw1,3,203.95,441.0,495.32,157,158,99.36708860759494,3.1549044585987263,64,64,1,39,3,8
noite_1,9,cw13,3,203.55,442.0,494.34,157,158,99.36708860759494,3.1486624203821654,64,64,1,39,3,8
noite_1,9,multi,3,111.0,225.0,269.58,47,158,29.746835443037973,5.735744680851064,23,23,0,0,0,1
noite_1,10,cw1,3,180.5,405.0,438.37,156,158,98.73417721518987,2.8100641025641027,61,61,1,37,3,8
noite_1,10,cw13,3,179.5,401.0,435.94,156,158,98.73417721518987,2.7944871794871795,61,61,1,37,3,8
noite_1,10,multi,3,107.1,231.0,260.1,57,158,36.075949367088604,4.563157894736842,26,26,0,0,0,3
noite_1,11,cw1,3,188.9,403.0,458.76,155,158,98.10126582278481,2.959741935483871,59,59,2,43,3,5
noite_1,11,cw13,3,188.5,404.0,457.79,155,158,98.10126582278481,2.9534838709677422,59,59,2,43,3,5
noite_1,11,multi,3,99.3,222.0,241.16,44,158,27.848101265822784,5.4809090909090905,25,25,0,0,0,1
noite_1,12,cw1,4,202.85,439.0,492.63,157,158,99.36708860759494,3.137770700636943,55,55,2,35,3,5
noite_1,12,cw13,4,194.55,423.0,472.47,157,158,99.36708860759494,3.009363057324841,55,55,2,35,3,5
noite_1,12,multi,2,79.0,174.0,191.86,50,158,31.645569620253166,3.8372,25,25,0,0,1,2
noite_1,13,cw1,3,189.05,408.0,459.13,157,158,99.36708860759494,2.9243949044585986,71,71,2,48,3,7
noite_1,13,cw13,3,188.65,409.0,458.16,157,158,99.36708860759494,2.9182165605095545,71,71,2,48,3,7
noite_1,13,multi,2,70.6,152.0,171.46,37,158,23.417721518987342,4.6340540540540545,22,22,0,0,0,3
noite_1,14,cw1,3,169.4,367.0,411.41,156,158,98.73417721518987,2.6372435897435897,63,63,1,39,3,7
noite_1,14,cw13,3,168.4,363.0,408.98,156,158,98.73417721518987,2.6216666666666666,63,63,1,39,3,7
noite_1,14,multi,3,97.2,206.0,236.05,52,158,32.91139240506329,4.539423076923077,27,27,0,0,1,0
noite_1,15,cw1,3,188.6,409.0,458.03,155,158,98.10126582278481,2.955032258064516,67,67,2,45,3,7
noite_1,15,cw13,3,187.2,406.0,454.63,155,158,98.10126582278481,2.9330967741935483,67,67,2,45,3,7
noite_1,15,multi,3,95.3,218.0,231.44,38,158,24.050632911392405,6.090526315789473,26,26,0,0,0,2
noite_1,16,cw1,4,192.05,418.0,466.42,158,158,100.0,2.952025316455696,63,63,1,38,3,5
noite_1,16,cw13,4,189.35,411.0,459.86,158,158,100.0,2.910506329113924,63,63,1,39,3,4
noite_1,16,multi,3,124.4,263.0,302.12,51,158,32.278481012658226,5.923921568627451,31,31,0,0,2,2
noite_1,17,cw1,3,195.0,415.0,473.57,155,158,98.10126582278481,3.055290322580645,64,64,1,40,3,7
noite_1,17,cw13,3,199.65,437.0,484.86,155,158,98.10126582278481,3.1281290322580646,64,64,1,43,3,8
noite_1,17,multi,3,104.1,220.0,252.82,49,158,31.0126582278481,5.159591836734694,25,25,0,0,1,1
noite_1,18,cw1,3,196.65,428.0,477.58,157,158,99.36708860759494,3.0419108280254776,63,63,1,37,3,4
noite_1,18,cw13,3,196.45,428.0,477.1,157,158,99.36708860759494,3.0388535031847135,63,63,1,37,3,4
noite_1,18,multi,3,110.9,233.0,269.34,56,158,35.44303797468354,4.809642857142856,26,26,0,0,2,0
noite_1,19,cw1,3,180.85,396.0,439.21,156,158,98.73417721518987,2.8154487179487178,61,61,1,37,3,7
noite_1,19,cw13,3,180.25,395.0,437.75,156,158,98.73417721518987,2.8060897435897436,61,61,1,37,3,7
noite_1,19,multi,3,137.1,284.0,332.96,49,158,31.0126582278481,6.795102040816326,25,25,0,0,2,1
noite_1,20,cw1,3,194.85,416.0,473.21,153,158,96.83544303797468,3.092875816993464,74,74,1,48,3,5
noite_1,20,cw13,3,193.95,416.0,471.02,153,158,96.83544303797468,3.078562091503268,74,74,1,50,3,6
noite_1,20,multi,2,83.1,167.0,201.82,33,158,20.88607594936709,6.115757575757575,22,28,0,0,0,12
noite_1,21,cw1,4,199.3,430.0,484.02,157,158,99.36708860759494,3.0829299363057325,59,59,1,34,3,4
noite_1,21,cw13,4,195.55,421.0,474.91,157,158,99.36708860759494,3.0249044585987264,59,59,1,34,3,4
noite_1,21,multi,3,118.5,252.0,287.78,56,158,35.44303797468354,5.138928571428571,32,32,0,0,1,2
noite_1,22,cw1,4,206.25,450.0,500.9,158,158,100.0,3.170253164556962,67,67,1,37,3,5
noite_1,22,cw13,4,204.95,446.0,497.74,158,158,100.0,3.150253164556962,67,67,1,40,3,6
noite_1,22,multi,3,112.8,237.0,273.95,49,158,31.0126582278481,5.590816326530612,21,21,0,0,1,1
noite_1,23,cw1,3,188.3,411.0,457.3,156,158,98.73417721518987,2.9314102564102567,66,66,1,42,3,6
noite_1,23,cw13,3,186.2,407.0,452.2,156,158,98.73417721518987,2.8987179487179486,66,66,1,42,3,6
noite_1,23,multi,2,84.9,190.0,206.19,43,158,27.21518987341772,4.7951162790697675,24,24,0,0,1,2
noite_1,24,cw1,3,180.3,397.0,437.87,156,158,98.73417721518987,2.8068589743589745,73,73,1,46,3,6
noite_1,24,cw13,3,179.1,393.0,434.96,156,158,98.73417721518987,2.788205128205128,73,73,1,46,3,6
noite_1,24,multi,3,113.5,235.0,275.65,48,158,30.379746835443036,5.742708333333333,24,24,0,0,0,1
noite_1,25,cw1,3,178.3,393.0,433.02,158,158,100.0,2.740632911392405,70,70,1,46,3,5
noite_1,25,cw13,3,185.5,405.0,450.51,158,158,100.0,2.8513291139240504,70,70,1,46,3,5
noite_1,25,multi,3,98.7,204.0,239.7,51,158,32.278481012658226,4.7,22,22,0,0,0,0
noite_1,26,cw1,3,185.5,397.0,450.51,157,158,99.36708860759494,2.8694904458598725,71,71,1,45,3,4
noite_1,26,cw13,3,185.1,396.0,449.54,157,158,99.36708860759494,2.8633121019108283,71,71,1,45,3,4
noite_1,26,multi,4,150.5,326.0,365.51,86,158,54.43037974683544,4.2501162790697675,47,47,0,11,2,3
noite_1,27,cw1,3,206.4,441.0,501.26,156,158,98.73417721518987,3.213205128205128,63,63,1,39,3,7
noite_1,27,cw13,3,206.0,440.0,500.28,156,158,98.73417721518987,3.2069230769230765,63,63,1,39,3,7
noite_1,27,multi,3,107.7,227.0,261.57,47,158,29.746835443037973,5.56531914893617,22,22,0,0,0,0
noite_1,28,cw1,3,191.95,416.0,466.16,156,158,98.73417721518987,2.9882051282051285,64,64,1,39,3,7
noite_1,28,cw13,3,191.15,414.0,464.22,156,158,98.73417721518987,2.975769230769231,64,64,1,39,3,7
noite_1,28,multi,2,82.4,171.0,200.11,50,158,31.645569620253166,4.0022,29,29,0,0,1,3
noite_1,29,cw1,3,184.15,400.0,447.22,156,158,98.73417721518987,2.866794871794872,79,79,1,51,3,6
noite_1,29,cw13,3,183.55,401.0,445.77,156,158,98.73417721518987,2.8575,79,79,1,53,3,5
noite_1,29,multi,3,103.3,217.0,250.87,39,158,24.68354430379747,6.432564102564102,19,19,0,0,1,1
noite_1,30,cw1,3,176.75,386.0,429.26,157,158,99.36708860759494,2.734140127388535,64,64,1,40,3,7
noite_1,30,cw13,3,175.45,380.0,426.1,157,158,99.36708860759494,2.714012738853503,64,64,1,40,3,7
noite_1,30,multi,3,118.1,247.0,286.82,46,158,29.11392405063291,6.235217391304348,28,28,0,0,1,1
noite_1,31,cw1,3,176.0,391.0,427.43,152,158,96.20253164556962,2.8120394736842105,62,62,1,37,3,7
noite_1,31,cw13,3,175.9,392.0,427.18,152,158,96.20253164556962,2.810394736842105,62,62,1,38,3,7
noite_1,31,multi,3,94.5,204.0,229.5,55,158,34.81012658227848,4.172727272727273,25,25,0,0,0,0
noite_1,32,cw1,3,192.15,422.0,466.65,156,158,98.73417721518987,2.9913461538461537,64,64,1,40,3,5
noite_1,32,cw13,3,191.95,422.0,466.17,156,158,98.73417721518987,2.9882692307692307,64,64,1,40,3,5
noite_1,32,multi,3,117.7,256.0,285.84,56,158,35.44303797468354,5.104285714285714,33,33,0,0,1,2
noite_1,33,cw1,3,203.4,431.0,493.97,156,158,98.73417721518987,3.166474358974359,63,63,1,39,3,7
noite_1,33,cw13,3,203.0,430.0,493.0,156,158,98.73417721518987,3.16025641025641,63,63,1,39,3,7
noite_1,33,multi,3,91.9,201.0,223.19,46,158,29.11392405063291,4.8519565217391305,20,20,0,0,0,1
noite_1,34,cw1,3,195.9,431.0,475.76,157,158,99.36708860759494,3.0303184713375795,72,72,1,48,3,6
noite_1,34,cw13,3,195.7,431.0,475.27,157,158,99.36708860759494,3.027197452229299,72,72,1,48,3,6
noite_1,34,multi,2,72.7,165.0,176.56,39,158,24.68354430379747,4.527179487179487,22,22,0,0,0,2
noite_1,35,cw1,4,207.65,451.0,504.29,156,158,98.73417721518987,3.232628205128205,59,59,1,35,3,6
noite_1,35,cw13,4,207.25,452.0,503.32,156,158,98.73417721518987,3.2264102564102566,59,59,1,35,3,6
noite_1,35,multi,3,121.5,264.0,295.07,50,158,31.645569620253166,5.9014,26,26,0,0,1,2
noite_1,36,cw1,3,203.7,444.0,494.7,157,158,99.36708860759494,3.150955414012739,66,66,1,37,3,7
noite_1,36,cw13,3,200.2,441.0,486.2,157,158,99.36708860759494,3.096815286624204,66,66,1,40,3,8
noite_1,36,multi,3,110.6,237.0,268.61,48,158,30.379746835443036,5.596041666666667,30,30,0,0,1,2
noite_1,37,cw1,4,217.35,467.0,527.85,158,158,100.0,3.340822784810127,58,58,1,35,3,4
noite_1,37,cw13,4,208.55,446.0,506.48,158,158,100.0,3.2055696202531645,58,58,1,35,3,4
noite_1,37,multi,3,104.6,230.0,254.04,52,158,32.91139240506329,4.885384615384615,26,26,0,0,1,2
noite_1,38,cw1,3,205.0,451.0,497.86,155,158,98.10126582278481,3.212,67,67,1,39,3,8
noite_1,38,cw13,3,203.5,449.0,494.22,155,158,98.10126582278481,3.188516129032258,67,67,1,41,3,7
noite_1,38,multi,3,100.5,215.0,244.07,45,158,28.481012658227847,5.423777777777778,22,22,0,0,0,1
noite_1,39,cw1,4,205.8,446.0,499.8,156,158,98.73417721518987,3.203846153846154,53,53,2,33,3,4
noite_1,39,cw13,4,204.9,441.0,497.62,156,158,98.73417721518987,3.1898717948717947,53,53,2,33,3,4
noite_1,39,multi,4,132.8,282.0,322.51,54,158,34.177215189873415,5.972407407407407,28,28,0,0,0,0
noite_1,40,cw1,4,202.75,437.0,492.39,156,158,98.73417721518987,3.1563461538461537,51,51,1,27,3,5
noite_1,40,cw13,4,201.85,432.0,490.21,156,158,98.73417721518987,3.142371794871795,51,51,1,27,3,5
noite_1,40,multi,3,92.8,206.0,225.37,58,158,36.70886075949367,3.885689655172414,29,29,0,0,0,1
noite_1,41,cw1,3,191.5,418.0,465.07,158,158,100.0,2.9434810126582276,75,75,1,48,3,8
noite_1,41,cw13,3,190.0,418.0,461.43,158,158,100.0,2.9204430379746835,75,75,1,51,3,8
noite_1,41,multi,2,78.6,180.0,190.89,40,158,25.31645569620253,4.77225,23,42,0,0,0,13
noite_1,42,cw1,4,206.15,447.0,500.66,156,158,98.73417721518987,3.2093589743589743,53,53,2,31,3,4
noite_1,42,cw13,4,204.05,446.0,495.56,156,158,98.73417721518987,3.1766666666666667,53,53,2,31,3,4
noite_1,42,multi,3,112.4,238.0,272.98,53,158,33.54430379746835,5.1505660377358495,24,24,0,0,1,1
noite_1,43,cw1,3,187.2,408.0,454.64,154,158,97.46835443037975,2.9522077922077923,62,62,1,38,3,7
noite_1,43,cw13,3,186.25,406.0,452.33,154,158,97.46835443037975,2.937207792207792,62,62,1,35,3,8
noite_1,43,multi,3,87.7,198.0,212.99,50,158,31.645569620253166,4.2598,27,27,0,0,1,1
noite_1,44,cw1,3,198.85,429.0,482.93,154,158,97.46835443037975,3.1359090909090908,60,60,2,38,3,8
noite_1,44,cw13,3,198.35,428.0,481.72,154,158,97.46835443037975,3.128051948051948,60,60,2,38,3,8
noite_1,44,multi,3,117.7,250.0,285.84,44,158,27.848101265822784,6.496363636363636,19,19,0,0,0,2
noite_1,45,cw1,3,190.05,406.0,461.56,156,158,98.73417721518987,2.9587179487179487,66,66,1,40,3,8
noite_1,45,cw13,3,189.55,407.0,460.34,156,158,98.73417721518987,2.950897435897436,66,66,1,40,3,8
noite_1,45,multi,2,80.4,176.0,195.26,45,158,28.481012658227847,4.3391111111111105,29,29,0,0,0,0
noite_1,46,cw1,4,199.5,432.0,484.5,157,158,99.36708860759494,3.0859872611464967,60,60,1,36,3,5
noite_1,46,cw13,4,199.2,431.0,483.77,157,158,99.36708860759494,3.081337579617834,60,60,1,36,3,5
noite_1,46,multi,3,119.4,255.0,289.98,56,158,35.44303797468354,5.178214285714286,32,32,0,0,0,1
noite_1,47,cw1,3,197.5,421.0,479.64,155,158,98.10126582278481,3.094451612903226,55,55,2,37,3,7
noite_1,47,cw13,3,197.1,420.0,478.67,155,158,98.10126582278481,3.088193548387097,55,55,2,37,3,7
noite_1,47,multi,2,72.4,157.0,175.83,46,158,29.11392405063291,3.822391304347826,30,30,0,0,0,1
noite_1,48,cw1,4,216.65,473.0,526.16,157,158,99.36708860759494,3.351337579617834,49,49,1,27,4,6
noite_1,48,cw13,4,216.15,474.0,524.94,157,158,99.36708860759494,3.343566878980892,49,49,1,27,4,6
noite_1,48,multi,3,120.1,254.0,291.68,61,158,38.607594936708864,4.781639344262295,32,32,0,0,0,0
noite_1,49,cw1,3,199.6,437.0,484.74,156,158,98.73417721518987,3.1073076923076925,64,64,1,44,3,7
noite_1,49,cw13,3,199.2,438.0,483.77,156,158,98.73417721518987,3.1010897435897435,64,64,1,44,3,7
noite_1,49,multi,3,104.9,218.0,254.77,52,158,32.91139240506329,4.899423076923077,27,27,0,0,0,2
noite_1,50,cw1,3,184.15,400.0,447.22,157,158,99.36708860759494,2.848535031847134,65,65,1,37,3,7
noite_1,50,cw13,3,184.55,403.0,448.19,157,158,99.36708860759494,2.8547133757961785,65,65,1,37,3,7
noite_1,50,multi,3,116.1,246.0,281.95,56,158,35.44303797468354,5.034821428571428,29,29,0,0,1,1
noite_1,51,cw1,3,174.7,371.0,424.28,155,158,98.10126582278481,2.737290322580645,63,63,1,38,3,6
noite_1,51,cw13,3,169.85,367.0,412.5,155,158,98.10126582278481,2.661290322580645,63,63,1,39,3,5
noite_1,51,multi,2,79.4,172.0,192.83,48,158,30.379746835443036,4.017291666666667,28,28,0,0,1,1
noite_1,52,cw1,4,190.25,412.0,462.05,156,158,98.73417721518987,2.9618589743589743,61,61,1,35,3,5
noite_1,52,cw13,4,190.65,413.0,463.02,156,158,98.73417721518987,2.968076923076923,61,61,1,37,3,6
noite_1,52,multi,2,83.0,176.0,201.58,49,158,31.0126582278481,4.113877551020408,29,29,0,0,0,1
noite_1,53,cw1,3,203.8,441.0,494.95,156,158,98.73417721518987,3.1727564102564103,64,64,1,40,3,7
noite_1,53,cw13,3,202.2,440.0,491.06,156,158,98.73417721518987,3.147820512820513,64,64,1,40,3,7
noite_1,53,multi,3,104.8,218.0,254.52,49,158,31.0126582278481,5.194285714285715,27,27,0,0,0,1
noite_1,54,cw1,3,194.4,426.0,472.12,158,158,100.0,2.988101265822785,75,75,1,50,3,7
noite_1,54,cw13,3,193.9,425.0,470.91,158,158,100.0,2.9804430379746836,75,75,1,50,3,7
noite_1,54,multi,3,98.7,208.0,239.7,38,158,24.050632911392405,6.307894736842105,19,19,0,0,1,0
noite_1,55,cw1,4,207.5,449.0,503.94,155,158,98.10126582278481,3.251225806451613,60,60,1,33,3,6
noite_1,55,cw13,4,206.5,444.0,501.51,155,158,98.10126582278481,3.2355483870967743,60,60,1,33,3,6
noite_1,55,multi,3,122.9,263.0,298.47,53,158,33.54430379746835,5.631509433962265,28,28,0,0,1,1
noite_1,56,cw1,4,209.75,454.0,509.4,155,158,98.10126582278481,3.2864516129032255,59,59,1,33,3,4
noite_1,56,cw13,4,209.35,455.0,508.43,155,158,98.10126582278481,3.2801935483870968,59,59,1,33,3,4
noite_1,56,multi,3,124.1,262.0,301.4,51,158,32.278481012658226,5.909803921568627,26,26,0,0,1,1
noite_1,57,cw1,4,198.75,429.0,482.69,158,158,100.0,3.055,64,64,1,34,3,4
noite_1,57,cw13,4,196.5,415.0,477.22,158,158,100.0,3.0203797468354434,64,64,1,40,3,4
noite_1,57,multi,3,131.8,280.0,320.09,94,158,59.49367088607595,3.4052127659574465,44,44,0,8,1,2
noite_1,58,cw1,3,208.5,444.0,506.36,156,158,98.73417721518987,3.245897435897436,63,63,1,39,3,7
noite_1,58,cw13,3,208.0,445.0,505.14,156,158,98.73417721518987,3.238076923076923,63,63,1,39,3,7
noite_1,58,multi,2,71.1,155.0,172.67,46,158,29.11392405063291,3.7536956521739127,25,25,0,0,1,3
noite_1,59,cw1,3,192.95,413.0,468.6,157,158,99.36708860759494,2.9847133757961783,61,61,1,37,3,6
noite_1,59,cw13,3,192.45,412.0,467.39,157,158,99.36708860759494,2.9770063694267517,61,61,1,37,3,6
noite_1,59,multi,3,111.3,230.0,270.3,48,158,30.379746835443036,5.6312500000000005,21,21,0,0,1,1
noite_1,60,cw1,4,198.45,430.0,481.96,156,158,98.73417721518987,3.0894871794871794,54,54,1,30,3,5
noite_1,60,cw13,4,198.05,431.0,480.99,156,158,98.73417721518987,3.083269230769231,54,54,1,30,3,5
noite_1,60,multi,3,110.5,239.0,268.36,54,158,34.177215189873415,4.96962962962963,29,29,0,0,1,2
noite_1,61,cw1,3,183.5,412.0,445.65,158,158,100.0,2.8205696202531643,67,67,1,43,3,8
noite_1,61,cw13,3,182.5,408.0,443.22,158,158,100.0,2.8051898734177216,67,67,1,43,3,8
noite_1,61,multi,3,100.6,216.0,244.32,50,158,31.645569620253166,4.8864,24,24,0,0,1,1
noite_1,62,cw1,3,188.85,408.0,458.64,157,158,99.36708860759494,2.921273885350318,66,66,2,43,3,6
noite_1,62,cw13,3,187.45,402.0,455.24,157,158,99.36708860759494,2.8996178343949044,66,66,2,43,3,6
noite_1,62,multi,3,101.6,209.0,246.74,42,158,26.582278481012658,5.874761904761905,20,20,0,0,0,0
noite_1,63,cw1,3,193.25,413.0,469.33,156,158,98.73417721518987,3.008525641025641,66,66,1,41,3,7
noite_1,63,cw13,3,192.75,414.0,468.11,156,158,98.73417721518987,3.0007051282051282,66,66,1,41,3,7
noite_1,63,multi,3,97.9,208.0,237.75,44,158,27.848101265822784,5.403409090909091,22,22,0,0,0,1
noite_1,64,cw1,3,201.6,439.0,489.6,155,158,98.10126582278481,3.158709677419355,57,57,2,37,3,8
noite_1,64,cw13,3,199.3,437.0,484.02,155,158,98.10126582278481,3.122709677419355,57,57,2,37,3,8
noite_1,64,multi,3,108.3,232.0,263.02,46,158,29.11392405063291,5.717826086956522,21,21,0,0,0,1
noite_1,65,cw1,4,217.15,470.0,527.37,157,158,99.36708860759494,3.3590445859872613,59,59,1,35,3,5
noite_1,65,cw13,4,216.25,465.0,525.19,157,158,99.36708860759494,3.34515923566879,59,59,1,35,3,5
noite_1,65,multi,3,130.5,279.0,316.93,50,158,31.645569620253166,6.3386000000000005,27,27,0,0,2,1
noite_1,66,cw1,4,202.0,444.0,490.58,153,158,96.83544303797468,3.20640522875817,51,51,2,29,4,4
noite_1,66,cw13,4,196.9,432.0,478.19,153,158,96.83544303797468,3.125424836601307,51,51,2,29,3,4
noite_1,66,multi,3,94.3,197.0,229.01,52,158,32.91139240506329,4.404038461538462,24,24,0,0,0,0
noite_1,67,cw1,3,196.5,425.0,477.21,153,158,96.83544303797468,3.119019607843137,70,70,1,43,3,7
noite_1,67,cw13,3,195.5,421.0,474.79,153,158,96.83544303797468,3.103202614379085,70,70,1,43,3,7
noite_1,67,multi,3,102.8,218.0,249.66,45,158,28.481012658227847,5.548,20,20,0,0,1,0
noite_1,68,cw1,3,205.85,450.0,499.93,155,158,98.10126582278481,3.2253548387096775,69,69,1,39,3,7
noite_1,68,cw13,3,204.95,449.0,497.74,155,158,98.10126582278481,3.211225806451613,69,69,1,42,3,7
noite_1,68,multi,3,122.8,255.0,298.23,45,158,28.481012658227847,6.6273333333333335,17,17,0,0,1,1
noite_1,69,cw1,4,201.85,437.0,490.21,155,158,98.10126582278481,3.1626451612903224,53,53,1,29,3,6
noite_1,69,cw13,4,200.95,434.0,488.03,155,158,98.10126582278481,3.14858064516129,53,53,1,29,3,6
noite_1,69,multi,3,107.8,228.0,261.81,54,158,34.177215189873415,4.848333333333334,25,25,0,0,0,1
noite_1,70,cw1,3,198.3,432.0,481.59,155,158,98.10126582278481,3.1070322580645158,65,65,1,36,3,7
noite_1,70,cw13,3,197.2,430.0,478.92,155,158,98.10126582278481,3.0898064516129033,65,65,1,39,3,7
noite_1,70,multi,3,110.1,237.0,267.38,47,158,29.746835443037973,5.688936170212766,21,21,0,0,1,2
noite_1,71,cw1,3,201.3,437.0,488.88,155,158,98.10126582278481,3.1540645161290324,58,58,2,40,3,8
noite_1,71,cw13,3,200.9,436.0,487.91,155,158,98.10126582278481,3.147806451612903,58,58,2,40,3,8
noite_1,71,multi,3,124.6,267.0,302.6,43,158,27.21518987341772,7.037209302325582,22,22,0,0,1,0
noite_1,72,cw1,3,180.6,400.0,438.6,156,158,98.73417721518987,2.8115384615384618,69,69,1,45,3,7
noite_1,72,cw13,3,179.4,396.0,435.69,156,158,98.73417721518987,2.792884615384615,69,69,1,45,3,7
noite_1,72,multi,3,104.8,233.0,254.51,44,158,27.848101265822784,5.784318181818182,24,24,0,0,1,1
noite_1,73,cw1,3,164.15,356.0,398.65,154,158,97.46835443037975,2.5886363636363634,67,67,1,42,3,6
noite_1,73,cw13,3,164.15,356.0,398.65,154,158,97.46835443037975,2.5886363636363634,67,67,1,42,3,6
noite_1,73,multi,2,87.3,192.0,212.02,52,158,32.91139240506329,4.077307692307692,30,30,0,0,1,1
noite_1,74,cw1,3,188.95,407.0,458.88,156,158,98.73417721518987,2.9415384615384617,65,65,1,44,3,4
noite_1,74,cw13,3,187.55,401.0,455.48,156,158,98.73417721518987,2.91974358974359,65,65,1,44,3,4
noite_1,74,multi,3,104.3,225.0,253.3,44,158,27.848101265822784,5.756818181818182,20,20,0,0,0,2
noite_1,75,cw1,3,193.4,422.0,469.69,156,158,98.73417721518987,3.0108333333333333,62,62,1,38,3,6
noite_1,75,cw13,3,187.3,404.0,454.88,156,158,98.73417721518987,2.9158974358974357,62,62,1,38,3,6
noite_1,75,multi,3,126.4,262.0,306.98,53,158,33.54430379746835,5.792075471698114,25,25,0,0,2,3
noite_1,76,cw1,3,193.7,420.0,470.42,157,158,99.36708860759494,2.9963057324840765,62,62,1,38,3,7
noite_1,76,cw13,3,192.9,418.0,468.47,157,158,99.36708860759494,2.9838853503184715,62,62,1,38,3,7
noite_1,76,multi,3,125.3,265.0,304.31,52,158,32.91139240506329,5.852115384615384,24,24,0,0,2,1
noite_1,77,cw1,4,216.4,468.0,525.54,154,158,97.46835443037975,3.4125974025974024,52,52,2,30,3,5
noite_1,77,cw13,4,215.5,463.0,523.35,154,158,97.46835443037975,3.3983766233766235,52,52,2,30,3,5
noite_1,77,multi,3,114.0,240.0,276.86,52,158,32.91139240506329,5.32423076923077,22,22,0,0,1,1
noite_1,78,cw1,3,192.05,419.0,466.41,157,158,99.36708860759494,2.9707643312101912,64,64,1,42,3,6
noite_1,78,cw13,3,193.75,424.0,470.54,157,158,99.36708860759494,2.9970700636942675,64,64,1,42,3,6
noite_1,78,multi,3,108.6,223.0,263.75,45,158,28.481012658227847,5.861111111111111,23,23,0,0,0,1
noite_1,79,cw1,3,181.3,392.0,440.3,158,158,100.0,2.786708860759494,72,72,1,46,3,5
noite_1,79,cw13,3,180.4,385.0,438.12,158,158,100.0,2.7729113924050632,72,72,1,46,3,5
noite_1,79,multi,3,92.0,206.0,223.43,47,158,29.746835443037973,4.753829787234043,26,26,0,0,1,1
noite_1,80,cw1,3,190.5,413.0,462.64,158,158,100.0,2.9281012658227845,62,62,2,45,3,6
noite_1,80,cw13,3,189.8,414.0,460.94,158,158,100.0,2.917341772151899,62,62,2,45,3,6
noite_1,80,multi,2,77.6,181.0,188.46,41,158,25.949367088607595,4.596585365853659,24,24,0,0,1,2
noite_1,81,cw1,3,183.3,407.0,445.16,156,158,98.73417721518987,2.853589743589744,61,61,1,37,3,8
noite_1,81,cw13,3,181.9,402.0,441.76,156,158,98.73417721518987,2.8317948717948718,61,61,1,37,3,8
noite_1,81,multi,3,126.5,262.0,307.22,49,158,31.0126582278481,6.269795918367348,22,22,0,0,1,1
noite_1,82,cw1,3,187.8,408.0,456.09,155,158,98.10126582278481,2.942516129032258,64,64,1,39,3,8
noite_1,82,cw13,3,187.6,408.0,455.6,155,158,98.10126582278481,2.9393548387096775,64,64,1,39,3,8
noite_1,82,multi,3,108.4,237.0,263.26,51,158,32.278481012658226,5.161960784313726,21,21,0,0,1,2
noite_1,83,cw1,3,179.05,384.0,434.84,156,158,98.73417721518987,2.7874358974358975,67,67,2,46,3,6
noite_1,83,cw13,3,178.65,385.0,433.86,156,158,98.73417721518987,2.7811538461538463,67,67,2,46,3,6
noite_1,83,multi,3,90.1,196.0,218.82,38,158,24.050632911392405,5.758421052631578,18,18,0,0,1,1
noite_1,84,cw1,3,208.3,441.0,505.88,158,158,100.0,3.201772151898734,59,59,2,42,3,5
noite_1,84,cw13,3,207.9,440.0,504.91,158,158,100.0,3.1956329113924054,59,59,2,42,3,5
noite_1,84,multi,3,120.9,263.0,293.62,44,158,27.848101265822784,6.673181818181818,24,24,0,0,0,1
noite_1,85,cw1,4,196.1,417.0,476.24,154,158,97.46835443037975,3.0924675324675324,56,56,1,30,3,5
noite_1,85,cw13,4,195.7,416.0,475.27,154,158,97.46835443037975,3.086168831168831,56,56,1,30,3,5
noite_1,85,multi,2,82.4,178.0,200.11,53,158,33.54430379746835,3.775660377358491,25,25,0,0,1,1
noite_1,86,cw1,3,197.7,423.0,480.13,158,158,100.0,3.0387974683544305,69,69,1,45,3,7
noite_1,86,cw13,3,197.2,424.0,478.92,158,158,100.0,3.031139240506329,69,69,1,45,3,7
noite_1,86,multi,3,93.7,202.0,227.56,43,158,27.21518987341772,5.292093023255814,21,21,0,0,1,2
noite_1,87,cw1,3,180.3,396.0,437.87,154,158,97.46835443037975,2.8433116883116885,73,73,1,49,3,6
noite_1,87,cw13,3,180.3,396.0,437.87,154,158,97.46835443037975,2.8433116883116885,73,73,1,49,3,6
noite_1,87,multi,3,99.9,205.0,242.62,41,158,25.949367088607595,5.9175609756097565,20,20,0,0,1,2
noite_1,88,cw1,3,183.55,398.0,445.76,157,158,99.36708860759494,2.839235668789809,72,72,1,48,3,6
noite_1,88,cw13,3,183.45,400.0,445.52,157,158,99.36708860759494,2.8377070063694267,72,72,1,48,3,6
noite_1,88,multi,3,111.0,228.0,269.58,47,158,29.746835443037973,5.735744680851064,24,24,0,0,1,1
noite_1,89,cw1,4,187.95,420.0,456.46,154,158,97.46835443037975,2.964025974025974,56,56,1,32,3,4
noite_1,89,cw13,4,187.45,416.0,455.24,154,158,97.46835443037975,2.956103896103896,56,56,1,32,3,4
noite_1,89,multi,3,92.9,206.0,225.61,55,158,34.81012658227848,4.102,32,32,0,0,1,2
noite_1,90,cw1,4,220.65,483.0,535.88,155,158,98.10126582278481,3.4572903225806453,59,59,1,32,3,5
noite_1,90,cw13,4,221.7,484.0,538.43,155,158,98.10126582278481,3.473741935483871,59,59,1,33,3,4
noite_1,90,multi,3,106.5,228.0,258.64,52,158,32.91139240506329,4.973846153846154,27,27,0,0,0,0
noite_1,91,cw1,3,203.9,444.0,495.19,154,158,97.46835443037975,3.2155194805194807,60,60,1,36,3,8
noite_1,91,cw13,3,203.3,442.0,493.73,154,158,97.46835443037975,3.2060389610389612,60,60,1,36,3,8
noite_1,91,multi,3,112.5,237.0,273.21,46,158,29.11392405063291,5.939347826086956,18,18,0,0,0,1
noite_1,92,cw1,3,192.25,410.0,466.9,154,158,97.46835443037975,3.0318181818181817,66,66,2,45,3,5
noite_1,92,cw13,3,191.85,411.0,465.92,154,158,97.46835443037975,3.0254545454545454,66,66,2,45,3,5
noite_1,92,multi,2,78.5,164.0,190.65,37,158,23.417721518987342,5.152702702702703,22,22,0,0,0,0
noite_1,93,cw1,3,181.0,399.0,439.57,155,158,98.10126582278481,2.835935483870968,66,66,1,42,3,5
noite_1,93,cw13,3,175.9,385.0,427.19,155,158,98.10126582278481,2.7560645161290322,66,66,1,42,3,5
noite_1,93,multi,3,109.3,229.0,265.44,57,158,36.075949367088604,4.6568421052631574,25,25,0,0,1,1
noite_1,94,cw1,4,194.3,412.0,471.87,157,158,99.36708860759494,3.0055414012738852,52,52,1,27,2,5
noite_1,94,cw13,4,193.4,407.0,469.69,157,158,99.36708860759494,2.991656050955414,52,52,1,27,2,5
noite_1,94,multi,4,154.5,336.0,375.22,105,158,66.45569620253164,3.57352380952381,47,47,0,11,1,2
noite_1,95,cw1,3,199.05,430.0,483.4,155,158,98.10126582278481,3.118709677419355,69,69,1,45,3,7
noite_1,95,cw13,3,197.45,427.0,479.52,155,158,98.10126582278481,3.0936774193548384,69,69,1,45,3,7
noite_1,95,multi,3,87.2,194.0,211.77,44,158,27.848101265822784,4.812954545454546,26,26,0,0,0,1
noite_1,96,cw1,3,201.45,433.0,489.24,157,158,99.36708860759494,3.1161783439490445,67,67,1,43,3,7
noite_1,96,cw13,3,201.55,432.0,489.48,157,158,99.36708860759494,3.117707006369427,67,67,1,43,3,7
noite_1,96,multi,3,98.8,209.0,239.94,51,158,32.278481012658226,4.7047058823529415,21,21,0,0,1,1
noite_1,97,cw1,3,185.75,397.0,451.12,157,158,99.36708860759494,2.873375796178344,78,78,1,52,3,5
noite_1,97,cw13,3,185.35,398.0,450.14,157,158,99.36708860759494,2.8671337579617835,78,78,1,54,3,4
noite_1,97,multi,2,71.9,155.0,174.62,41,158,25.949367088607595,4.259024390243902,22,22,0,0,0,2
noite_1,98,cw1,4,216.5,458.0,525.79,158,158,100.0,3.327784810126582,66,66,1,37,3,4
noite_1,98,cw13,4,220.35,476.0,535.14,158,158,100.0,3.3869620253164556,66,66,1,35,3,4
noite_1,98,multi,3,115.7,250.0,281.0,55,158,34.81012658227848,5.109090909090909,23,23,0,0,1,1
noite_1,99,cw1,3,198.25,418.0,481.48,157,158,99.36708860759494,3.066751592356688,62,62,1,38,3,6
noite_1,99,cw13,3,197.35,416.0,479.29,157,158,99.36708860759494,3.0528025477707006,62,62,1,38,3,6
noite_1,99,multi,3,114.5,241.0,278.08,54,158,34.177215189873415,5.149629629629629,27,27,0,0,1,1
noite_1,100,cw1,3,181.1,394.0,439.82,158,158,100.0,2.7836708860759494,70,70,1,43,3,6
noite_1,100,cw13,3,179.7,391.0,436.42,158,158,100.0,2.762151898734177,70,70,1,46,3,7
noite_1,100,multi,2,72.2,155.0,175.35,50,158,31.645569620253166,3.5069999999999997,30,30,0,0,0,2
noite_1,101,cw1,4,215.3,468.0,522.88,157,158,99.36708860759494,3.3304458598726114,61,61,1,42,3,5
noite_1,101,cw13,4,214.1,465.0,519.97,157,158,99.36708860759494,3.311910828025478,61,61,1,39,3,6
noite_1,101,multi,3,100.2,229.0,243.35,50,158,31.645569620253166,4.867,26,26,0,0,1,2
noite_1,102,cw1,3,187.55,415.0,455.48,156,158,98.73417721518987,2.91974358974359,65,65,1,41,3,7
noite_1,102,cw13,3,188.55,413.0,457.91,156,158,98.73417721518987,2.935320512820513,65,65,1,41,3,7
noite_1,102,multi,3,118.1,238.0,286.82,54,158,34.177215189873415,5.311481481481481,25,25,0,0,1,1
noite_1,103,cw1,3,208.45,450.0,506.24,158,158,100.0,3.2040506329113922,72,72,2,50,3,7
noite_1,103,cw13,3,210.25,456.0,510.61,158,158,100.0,3.2317088607594937,72,72,2,50,3,7
noite_1,103,multi,3,110.9,235.0,269.34,36,158,22.78481012658228,7.481666666666666,18,18,0,0,1,2
noite_1,104,cw1,3,193.5,416.0,469.93,155,158,98.10126582278481,3.031806451612903,63,63,1,38,3,8
noite_1,104,cw13,3,190.7,413.0,463.13,155,158,98.10126582278481,2.9879354838709675,63,63,1,39,3,8
noite_1,104,multi,3,128.2,276.0,311.34,53,158,33.54430379746835,5.874339622641509,20,20,0,0,2,0
noite_1,105,cw1,3,196.0,420.0,476.01,154,158,97.46835443037975,3.0909740259740257,65,65,1,37,3,6
noite_1,105,cw13,3,195.0,420.0,473.58,154,158,97.46835443037975,3.0751948051948053,65,65,1,41,3,6
noite_1,105,multi,2,79.0,167.0,191.86,45,158,28.481012658227847,4.2635555555555555,22,22,0,0,0,1
noite_1,106,cw1,3,206.15,454.0,500.66,156,158,98.73417721518987,3.2093589743589743,66,66,2,44,3,7
noite_1,106,cw13,3,196.25,433.0,476.62,156,158,98.73417721518987,3.05525641025641,66,66,2,44,3,7
noite_1,106,multi,3,117.7,247.0,285.85,40,158,25.31645569620253,7.14625,19,19,0,0,1,2
noite_1,107,cw1,3,184.0,404.0,446.87,156,158,98.73417721518987,2.864551282051282,74,74,1,47,3,7
noite_1,107,cw13,3,182.8,400.0,443.95,156,158,98.73417721518987,2.845833333333333,74,74,1,47,3,7
noite_1,107,multi,2,90.9,191.0,220.76,44,158,27.848101265822784,5.017272727272727,26,26,0,0,2,1
noite_1,108,cw1,3,211.65,452.0,514.01,156,158,98.73417721518987,3.2949358974358973,58,58,2,42,3,8
noite_1,108,cw13,3,208.25,446.0,505.76,156,158,98.73417721518987,3.242051282051282,58,58,2,42,3,8
noite_1,108,multi,3,109.3,224.0,265.45,42,158,26.582278481012658,6.3202380952380945,24,24,0,0,1,0
noite_1,109,cw1,4,207.3,443.0,503.44,157,158,99.36708860759494,3.206624203821656,62,62,1,36,3,4
noite_1,109,cw13,4,195.7,421.0,475.27,157,158,99.36708860759494,3.027197452229299,62,62,1,38,2,4
noite_1,109,multi,3,87.4,188.0,212.26,54,158,34.177215189873415,3.9307407407407404,24,24,0,0,0,1
noite_1,110,cw1,4,200.85,430.0,487.78,158,158,100.0,3.0872151898734175,67,67,1,37,3,5
noite_1,110,cw13,4,199.95,430.0,485.6,158,158,100.0,3.0734177215189873,67,67,1,42,3,6
noite_1,110,multi,2,83.4,182.0,202.55,49,158,31.0126582278481,4.133673469387755,27,27,0,0,1,2
noite_1,111,cw1,3,191.8,418.0,465.8,156,158,98.73417721518987,2.985897435897436,67,67,1,41,3,6
noite_1,111,cw13,3,187.35,412.0,455.0,156,158,98.73417721518987,2.9166666666666665,67,67,1,41,3,6
noite_1,111,multi,3,120.2,260.0,291.92,47,158,29.746835443037973,6.211063829787235,20,20,0,0,2,2
noite_1,112,cw1,3,196.95,422.0,478.31,156,158,98.73417721518987,3.0660897435897434,65,65,1,41,3,7
noite_1,112,cw13,3,197.85,421.0,480.49,156,158,98.73417721518987,3.0800641025641027,65,65,1,41,3,7
noite_1,112,multi,3,110.1,230.0,267.38,44,158,27.848101265822784,6.076818181818182,23,23,0,0,0,1
noite_1,113,cw1,3,178.75,383.0,434.11,158,158,100.0,2.7475316455696204,60,60,2,39,3,7
noite_1,113,cw13,3,178.15,384.0,432.65,158,158,100.0,2.738291139240506,60,60,2,39,3,7
noite_1,113,multi,3,97.9,210.0,237.75,47,158,29.746835443037973,5.058510638297872,24,24,0,0,1,1
noite_1,114,cw1,4,204.6,435.0,496.89,156,158,98.73417721518987,3.1851923076923074,61,61,1,33,3,5
noite_1,114,cw13,4,203.8,435.0,494.95,156,158,98.73417721518987,3.1727564102564103,61,61,1,35,3,6
noite_1,114,multi,3,117.9,255.0,286.33,51,158,32.278481012658226,5.614313725490196,24,24,0,0,1,2
noite_1,115,cw1,4,200.15,425.0,486.09,157,158,99.36708860759494,3.0961146496815286,53,53,2,30,3,5
noite_1,115,cw13,4,199.75,424.0,485.11,157,158,99.36708860759494,3.089872611464968,53,53,2,30,3,5
noite_1,115,multi,3,122.2,263.0,296.78,55,158,34.81012658227848,5.396,25,25,0,0,1,0
noite_1,116,cw1,3,175.9,383.0,427.19,158,158,100.0,2.70373417721519,69,69,1,45,3,6
noite_1,116,cw13,3,176.4,382.0,428.4,158,158,100.0,2.711392405063291,69,69,1,45,3,6
noite_1,116,multi,4,147.5,308.0,358.21,89,158,56.32911392405063,4.024831460674157,35,35,0,0,2,1
noite_1,117,cw1,4,191.05,405.0,463.97,156,158,98.73417721518987,2.9741666666666666,56,56,2,34,3,3
noite_1,117,cw13,4,190.65,404.0,463.0,156,158,98.73417721518987,2.967948717948718,56,56,2,34,3,3
noite_1,117,multi,2,86.8,191.0,210.8,50,158,31.645569620253166,4.216,29,29,0,0,1,1
noite_1,118,cw1,3,195.65,425.0,475.15,155,158,98.10126582278481,3.065483870967742,58,58,2,36,3,8
noite_1,118,cw13,3,195.15,424.0,473.94,155,158,98.10126582278481,3.057677419354839,58,58,2,36,3,8
noite_1,118,multi,3,116.5,246.0,282.93,47,158,29.746835443037973,6.019787234042553,21,21,0,0,1,2
noite_1,119,cw1,4,199.45,435.0,484.39,156,158,98.73417721518987,3.1050641025641026,57,57,2,34,3,5
noite_1,119,cw13,4,198.95,436.0,483.17,156,158,98.73417721518987,3.0972435897435897,57,57,2,34,3,5
noite_1,119,multi,3,89.3,182.0,216.87,50,158,31.645569620253166,4.3374,23,23,0,0,0,0
noite_1,120,cw1,3,198.2,435.0,481.35,155,158,98.10126582278481,3.105483870967742,68,68,1,41,3,9
noite_1,120,cw13,3,196.6,433.0,477.45,155,158,98.10126582278481,3.080322580645161,68,68,1,43,3,8
noite_1,120,multi,3,91.9,206.0,223.19,43,158,27.21518987341772,5.19046511627907,25,25,0,0,0,3
noite_1,121,cw1,4,200.65,437.0,487.3,156,158,98.73417721518987,3.1237179487179487,60,60,1,33,3,5
noite_1,121,cw13,4,200.15,436.0,486.08,156,158,98.73417721518987,3.115897435897436,60,60,1,33,3,5
noite_1,121,multi,3,112.4,245.0,272.97,54,158,34.177215189873415,5.055000000000001,31,31,0,0,2,2
noite_1,122,cw1,4,196.15,419.0,476.37,154,158,97.46835443037975,3.0933116883116885,51,51,1,31,3,6
noite_1,122,cw13,4,195.25,416.0,474.18,154,158,97.46835443037975,3.079090909090909,51,51,1,31,3,6
noite_1,122,multi,3,121.7,257.0,295.56,56,158,35.44303797468354,5.277857142857143,32,32,0,0,1,1
noite_1,123,cw1,3,198.3,427.0,481.59,155,158,98.10126582278481,3.1070322580645158,61,61,1,37,3,8
noite_1,123,cw13,3,196.7,424.0,477.7,155,158,98.10126582278481,3.081935483870968,61,61,1,37,3,8
noite_1,123,multi,3,138.0,288.0,335.15,54,158,34.177215189873415,6.2064814814814815,23,23,0,0,2,2
noite_1,124,cw1,3,208.35,450.0,506.0,156,158,98.73417721518987,3.2435897435897436,70,70,1,42,3,9
noite_1,124,cw13,3,207.05,444.0,502.84,156,158,98.73417721518987,3.223333333333333,70,70,1,42,3,9
noite_1,124,multi,3,104.4,215.0,253.55,43,158,27.21518987341772,5.896511627906977,20,20,0,0,0,0
noite_1,125,cw1,3,195.55,425.0,474.91,155,158,98.10126582278481,3.063935483870968,79,79,1,55,3,5
noite_1,125,cw13,3,195.55,425.0,474.91,155,158,98.10126582278481,3.063935483870968,79,79,1,55,3,5
noite_1,125,multi,3,95.5,211.0,231.94,37,158,23.417721518987342,6.268648648648648,22,22,0,0,0,1
noite_1,126,cw1,3,184.9,399.0,449.04,155,158,98.10126582278481,2.8970322580645163,67,67,1,43,3,6
noite_1,126,cw13,3,181.7,394.0,441.27,155,158,98.10126582278481,2.8469032258064515,67,67,1,43,3,6
noite_1,126,multi,2,85.6,188.0,207.89,47,158,29.746835443037973,4.4231914893617015,24,24,0,0,1,2
noite_1,127,cw1,3,183.3,392.0,445.15,156,158,98.73417721518987,2.853525641025641,61,61,2,42,3,4
noite_1,127,cw13,3,183.3,392.0,445.15,156,158,98.73417721518987,2.853525641025641,61,61,2,42,3,4
noite_1,127,multi,3,95.8,212.0,232.66,44,158,27.848101265822784,5.287727272727273,21,21,0,0,1,1
noite_1,128,cw1,4,196.35,431.0,476.85,158,158,100.0,3.0180379746835446,60,60,1,39,3,5
noite_1,128,cw13,4,195.85,432.0,475.63,158,158,100.0,3.0103164556962025,60,60,1,39,3,5
noite_1,128,multi,3,89.9,198.0,218.33,50,158,31.645569620253166,4.3666,26,26,0,0,1,1
noite_1,129,cw1,3,191.95,419.0,466.17,155,158,98.10126582278481,3.007548387096774,70,70,1,44,3,6
noite_1,129,cw13,3,191.35,421.0,464.7,155,158,98.10126582278481,2.9980645161290322,70,70,1,46,3,6
noite_1,129,multi,3,97.4,199.0,236.54,40,158,25.31645569620253,5.9135,17,17,0,0,0,0
noite_1,130,cw1,3,202.55,440.0,491.91,155,158,98.10126582278481,3.1736129032258065,62,62,1,35,3,9
noite_1,130,cw13,3,200.95,438.0,488.02,155,158,98.10126582278481,3.148516129032258,62,62,1,38,3,8
noite_1,130,multi,3,96.6,214.0,234.61,49,158,31.0126582278481,4.78795918367347,29,29,0,0,0,0
noite_1,131,cw1,3,182.25,381.0,442.61,157,158,99.36708860759494,2.819171974522293,74,74,1,50,3,6
noite_1,131,cw13,3,181.85,380.0,441.64,157,158,99.36708860759494,2.8129936305732484,74,74,1,50,3,6
noite_1,131,multi,2,83.6,173.0,203.03,37,158,23.417721518987342,5.487297297297298,21,21,0,0,0,2
noite_1,132,cw1,4,216.15,462.0,524.93,157,158,99.36708860759494,3.3435031847133754,56,56,1,32,3,7
noite_1,132,cw13,4,215.75,463.0,523.96,157,158,99.36708860759494,3.3373248407643312,56,56,1,32,3,7
noite_1,132,multi,3,116.6,250.0,283.17,54,158,34.177215189873415,5.243888888888889,21,21,0,0,0,1
noite_1,133,cw1,3,188.1,412.0,456.81,155,158,98.10126582278481,2.9471612903225806,61,61,2,42,3,5
noite_1,133,cw13,3,179.8,396.0,436.65,155,158,98.10126582278481,2.817096774193548,61,61,2,42,3,5
noite_1,133,multi,3,97.3,195.0,236.3,41,158,25.949367088607595,5.763414634146342,24,24,0,0,0,1
noite_1,134,cw1,3,199.1,433.0,483.54,157,158,99.36708860759494,3.0798726114649684,73,73,1,47,3,8
noite_1,134,cw13,3,199.1,431.0,483.54,157,158,99.36708860759494,3.0798726114649684,73,73,1,47,3,8
noite_1,134,multi,3,119.8,260.0,290.94,45,158,28.481012658227847,6.465333333333334,22,22,0,0,1,1
noite_1,135,cw1,3,177.3,382.0,430.6,157,158,99.36708860759494,2.742675159235669,65,65,1,40,3,6
noite_1,135,cw13,3,183.5,391.0,445.65,157,158,99.36708860759494,2.8385350318471336,65,65,1,40,3,6
noite_1,135,multi,2,88.4,189.0,214.69,53,158,33.54430379746835,4.050754716981132,23,23,0,0,1,3
noite_1,136,cw1,3,201.35,438.0,489.0,155,158,98.10126582278481,3.1548387096774193,62,62,1,43,3,6
noite_1,136,cw13,3,200.85,439.0,487.79,155,158,98.10126582278481,3.1470322580645163,62,62,1,43,3,6
noite_1,136,multi,3,108.1,230.0,262.53,45,158,28.481012658227847,5.834,24,24,0,0,1,0
noite_1,137,cw1,3,190.55,412.0,462.77,156,158,98.73417721518987,2.966474358974359,66,66,2,44,3,6
noite_1,137,cw13,3,190.15,413.0,461.8,156,158,98.73417721518987,2.9602564102564104,66,66,2,44,3,6
noite_1,137,multi,2,72.7,169.0,176.56,40,158,25.31645569620253,4.414,23,23,0,0,1,1
noite_1,138,cw1,3,186.75,403.0,453.54,155,158,98.10126582278481,2.926064516129032,64,64,2,42,3,5
noite_1,138,cw13,3,186.25,404.0,452.32,155,158,98.10126582278481,2.9181935483870967,64,64,2,42,3,5
noite_1,138,multi,2,74.2,165.0,180.2,41,158,25.949367088607595,4.395121951219512,28,28,0,0,0,2
noite_1,139,cw1,3,184.45,407.0,447.95,157,158,99.36708860759494,2.853184713375796,64,64,1,40,3,7
noite_1,139,cw13,3,183.05,402.0,444.55,157,158,99.36708860759494,2.831528662420382,64,64,1,40,3,7
noite_1,139,multi,3,128.8,270.0,312.8,52,158,32.91139240506329,6.015384615384615,28,28,0,0,1,1
noite_1,140,cw1,3,181.05,392.0,439.69,158,158,100.0,2.782848101265823,75,75,1,51,3,6
noite_1,140,cw13,3,180.65,393.0,438.72,158,158,100.0,2.7767088607594936,75,75,1,51,3,6
noite_1,140,multi,2,70.7,157.0,171.71,38,158,24.050632911392405,4.518684210526316,23,23,0,0,0,1
noite_1,141,cw1,4,211.15,456.0,512.79,158,158,100.0,3.245506329113924,55,55,2,32,3,6
noite_1,141,cw13,4,208.55,451.0,506.48,158,158,100.0,3.2055696202531645,55,55,2,32,3,6
noite_1,141,multi,3,105.5,237.0,256.22,54,158,34.177215189873415,4.7448148148148155,22,22,0,0,1,1
noite_1,142,cw1,3,201.25,439.0,488.76,158,158,100.0,3.0934177215189873,67,67,1,42,3,7
noite_1,142,cw13,3,201.85,433.0,490.21,158,158,100.0,3.1025949367088606,67,67,1,42,3,7
noite_1,142,multi,3,102.2,206.0,248.2,51,158,32.278481012658226,4.866666666666666,26,26,0,0,0,0
noite_1,143,cw1,3,196.25,426.0,476.62,157,158,99.36708860759494,3.035796178343949,63,63,1,41,3,7
noite_1,143,cw13,3,196.25,426.0,476.62,157,158,99.36708860759494,3.035796178343949,63,63,1,41,3,7
noite_1,143,multi,3,95.2,210.0,231.21,48,158,30.379746835443036,4.8168750000000005,31,31,0,0,0,1
noite_1,144,cw1,3,182.25,396.0,442.61,155,158,98.10126582278481,2.8555483870967744,67,67,2,44,3,5
noite_1,144,cw13,3,181.85,397.0,441.64,155,158,98.10126582278481,2.849290322580645,67,67,2,44,3,5
noite_1,144,multi,2,88.6,182.0,215.17,39,158,24.68354430379747,5.517179487179487,23,23,0,0,1,0
noite_1,145,cw1,3,160.7,354.0,390.27,158,158,100.0,2.4700632911392404,68,68,1,42,3,7
noite_1,145,cw13,3,158.7,358.0,385.42,158,158,100.0,2.439367088607595,68,68,1,42,3,7
noite_1,145,multi,3,106.95,234.0,259.74,90,158,56.962025316455694,2.886,45,45,0,9,1,3
noite_1,146,cw1,4,199.0,424.0,483.28,156,158,98.73417721518987,3.097948717948718,65,65,1,34,3,5
noite_1,146,cw13,4,198.1,424.0,481.1,156,158,98.73417721518987,3.083974358974359,65,65,1,33,3,5
noite_1,146,multi,3,100.5,225.0,244.08,56,158,35.44303797468354,4.3585714285714285,27,27,0,0,0,1
noite_1,147,cw1,3,177.3,388.0,430.59,154,158,97.46835443037975,2.7960389610389607,69,69,1,37,3,7
noite_1,147,cw13,3,176.1,384.0,427.68,154,158,97.46835443037975,2.777142857142857,69,69,1,37,3,7
noite_1,147,multi,3,107.8,226.0,261.8,55,158,34.81012658227848,4.76,24,24,0,0,0,0
noite_1,148,cw1,3,178.65,387.0,433.87,156,158,98.73417721518987,2.781217948717949,63,63,1,39,3,6
noite_1,148,cw13,3,178.15,388.0,432.66,156,158,98.73417721518987,2.7734615384615386,63,63,1,39,3,6
noite_1,148,multi,3,92.5,204.0,224.64,47,158,29.746835443037973,4.779574468085106,23,23,0,0,1,2
noite_1,149,cw1,3,175.4,390.0,425.98,155,158,98.10126582278481,2.748258064516129,72,72,1,48,3,7
noite_1,149,cw13,3,174.4,386.0,423.55,155,158,98.10126582278481,2.73258064516129,72,72,1,48,3,7
noite_1,149,multi,2,65.7,143.0,159.56,43,158,27.21518987341772,3.7106976744186047,24,24,0,0,0,1
noite_1,150,cw1,4,203.45,438.0,494.09,155,158,98.10126582278481,3.1876774193548387,55,55,2,34,3,3
noite_1,150,cw13,4,196.95,427.0,478.31,155,158,98.10126582278481,3.0858709677419354,55,55,2,34,3,3
noite_1,150,multi,3,90.3,196.0,219.3,51,158,32.278481012658226,4.3,25,25,0,0,0,0
noite_1,151,cw1,3,203.85,443.0,495.06,158,158,100.0,3.1332911392405065,67,67,2,47,3,7
noite_1,151,cw13,3,200.45,437.0,486.81,158,158,100.0,3.0810759493670887,67,67,2,47,3,7
noite_1,151,multi,3,112.4,227.0,272.97,39,158,24.68354430379747,6.99923076923077,18,18,0,0,0,1
noite_1,152,cw1,4,213.3,466.0,518.02,154,158,97.46835443037975,3.3637662337662335,58,58,1,36,3,6
noite_1,152,cw13,4,210.6,456.0,511.47,154,158,97.46835443037975,3.3212337662337665,58,58,1,36,3,6
noite_1,152,multi,3,120.3,247.0,292.15,51,158,32.278481012658226,5.728431372549019,28,28,0,0,0,7
noite_1,153,cw1,3,195.75,420.0,475.4,156,158,98.73417721518987,3.0474358974358973,59,59,2,36,3,6
noite_1,153,cw13,3,195.15,419.0,473.95,156,158,98.73417721518987,3.0381410256410257,59,59,2,36,3,6
noite_1,153,multi,3,111.2,236.0,270.06,48,158,30.379746835443036,5.62625,24,24,0,0,2,0
noite_1,154,cw1,3,193.6,416.0,470.18,155,158,98.10126582278481,3.03341935483871,68,68,1,41,3,7
noite_1,154,cw13,3,193.1,419.0,468.96,155,158,98.10126582278481,3.025548387096774,68,68,1,42,3,6
noite_1,154,multi,3,118.0,249.0,286.57,42,158,26.582278481012658,6.823095238095238,20,20,0,0,1,0
noite_1,155,cw1,3,196.95,424.0,478.31,157,158,99.36708860759494,3.04656050955414,62,62,2,45,3,5
noite_1,155,cw13,3,196.55,423.0,477.34,157,158,99.36708860759494,3.0403821656050956,62,62,2,45,3,5
noite_1,155,multi,3,99.7,219.0,242.13,40,158,25.31645569620253,6.05325,19,19,0,0,2,1
noite_1,156,cw1,3,192.6,419.0,467.74,157,158,99.36708860759494,2.979235668789809,68,68,2,45,3,8
noite_1,156,cw13,3,190.3,417.0,462.16,157,158,99.36708860759494,2.943694267515924,68,68,2,45,3,8
noite_1,156,multi,3,114.3,251.0,277.59,40,158,25.31645569620253,6.939749999999999,21,21,0,0,0,1
noite_1,157,cw1,3,181.1,389.0,439.82,154,158,97.46835443037975,2.855974025974026,69,69,1,42,3,6
noite_1,157,cw13,3,183.15,399.0,444.8,154,158,97.46835443037975,2.8883116883116884,69,69,1,43,3,6
noite_1,157,multi,3,115.2,251.0,279.78,46,158,29.11392405063291,6.082173913043477,21,21,0,0,1,2
noite_1,158,cw1,4,209.05,459.0,507.7,156,158,98.73417721518987,3.2544871794871795,59,59,1,34,3,4
noite_1,158,cw13,4,208.55,460.0,506.49,156,158,98.73417721518987,3.246730769230769,59,59,1,34,3,4
noite_1,158,multi,3,102.0,211.0,247.72,51,158,32.278481012658226,4.8572549019607845,24,24,0,0,1,0
noite_1,159,cw1,3,196.5,421.0,477.22,158,158,100.0,3.0203797468354434,63,63,1,40,3,8
noite_1,159,cw13,3,196.1,422.0,476.25,158,158,100.0,3.0142405063291138,63,63,1,40,3,8
noite_1,159,multi,3,109.6,236.0,266.18,47,158,29.746835443037973,5.663404255319149,19,19,0,0,0,1
noite_1,160,cw1,4,213.0,465.0,517.29,155,158,98.10126582278481,3.337354838709677,62,62,1,33,3,5
noite_1,160,cw13,4,212.1,460.0,515.1,155,158,98.10126582278481,3.323225806451613,62,62,1,33,3,5
noite_1,160,multi,3,108.7,227.0,263.99,52,158,32.91139240506329,5.076730769230769,20,20,0,0,0,1
noite_1,161,cw1,3,196.6,426.0,477.45,157,158,99.36708860759494,3.0410828025477707,58,58,2,40,3,6
noite_1,161,cw13,3,190.1,414.0,461.67,157,158,99.36708860759494,2.9405732484076434,58,58,2,40,3,6
noite_1,161,multi,2,82.3,174.0,199.87,45,158,28.481012658227847,4.4415555555555555,21,21,0,0,0,2
noite_1,162,cw1,3,191.6,415.0,465.32,156,158,98.73417721518987,2.982820512820513,75,75,1,49,3,6
noite_1,162,cw13,3,194.35,422.0,472.0,156,158,98.73417721518987,3.0256410256410255,75,75,1,47,3,6
noite_1,162,multi,3,115.7,240.0,280.99,38,158,24.050632911392405,7.394473684210527,20,20,0,0,0,0
noite_1,163,cw1,3,191.0,409.0,463.86,157,158,99.36708860759494,2.9545222929936306,72,72,1,47,3,4
noite_1,163,cw13,3,189.7,402.0,460.7,157,158,99.36708860759494,2.934394904458599,72,72,1,48,3,4
noite_1,163,multi,3,107.9,229.0,262.05,48,158,30.379746835443036,5.4593750000000005,23,23,0,0,0,2
noite_1,164,cw1,3,204.25,437.0,496.04,151,158,95.56962025316456,3.2850331125827816,71,71,1,44,3,5
noite_1,164,cw13,3,202.05,435.0,490.69,151,158,95.56962025316456,3.2496026490066225,71,71,1,46,3,4
noite_1,164,multi,3,102.0,217.0,247.71,35,158,22.151898734177216,7.077428571428571,18,18,0,0,0,1
noite_1,165,cw1,3,209.95,457.0,509.89,157,158,99.36708860759494,3.247707006369427,63,63,1,39,3,8
noite_1,165,cw13,3,209.25,458.0,508.19,157,158,99.36708860759494,3.2368789808917198,63,63,1,39,3,8
noite_1,165,multi,3,100.2,207.0,243.34,47,158,29.746835443037973,5.177446808510639,26,26,0,0,1,2
noite_1,166,cw1,4,217.8,462.0,528.93,153,158,96.83544303797468,3.4570588235294113,50,50,1,26,3,4
noite_1,166,cw13,4,217.3,463.0,527.72,153,158,96.83544303797468,3.449150326797386,50,50,1,26,3,4
noite_1,166,multi,2,80.3,177.0,195.02,55,158,34.81012658227848,3.545818181818182,29,29,0,0,1,3
noite_1,167,cw1,3,205.8,438.0,499.8,157,158,99.36708860759494,3.18343949044586,60,60,2,43,3,8
noite_1,167,cw13,3,204.7,439.0,497.13,157,158,99.36708860759494,3.166433121019108,60,60,2,43,3,8
noite_1,167,multi,3,116.8,232.0,283.66,42,158,26.582278481012658,6.753809523809524,26,26,0,0,1,1
noite_1,168,cw1,3,195.95,415.0,475.88,155,158,98.10126582278481,3.070193548387097,55,55,2,36,3,6
noite_1,168,cw13,3,195.45,416.0,474.67,155,158,98.10126582278481,3.0623870967741937,55,55,2,36,3,6
noite_1,168,multi,3,102.1,214.0,247.96,47,158,29.746835443037973,5.275744680851064,27,27,0,0,0,1
noite_1,169,cw1,4,195.7,416.0,475.28,158,158,100.0,3.0081012658227846,61,61,1,36,3,5
noite_1,169,cw13,4,195.7,416.0,475.29,158,158,100.0,3.0081645569620252,61,61,1,37,3,4
noite_1,169,multi,2,72.7,157.0,176.56,55,158,34.81012658227848,3.2101818181818182,27,27,0,0,0,1
noite_1,170,cw1,3,198.95,432.0,483.17,155,158,98.10126582278481,3.117225806451613,64,64,1,39,3,8
noite_1,170,cw13,3,199.05,431.0,483.41,155,158,98.10126582278481,3.1187741935483873,64,64,1,39,3,8
noite_1,170,multi,3,100.3,220.0,243.6,49,158,31.0126582278481,4.9714285714285715,21,21,0,0,0,1
noite_1,171,cw1,3,194.55,428.0,472.48,156,158,98.73417721518987,3.028717948717949,65,65,1,37,3,7
noite_1,171,cw13,3,192.95,426.0,468.59,156,158,98.73417721518987,3.0037820512820512,65,65,1,40,3,7
noite_1,171,multi,3,106.5,236.0,258.65,50,158,31.645569620253166,5.172999999999999,24,24,0,0,1,2
noite_1,172,cw1,3,195.65,424.0,475.15,156,158,98.73417721518987,3.0458333333333334,66,66,1,42,3,8
noite_1,172,cw13,3,201.15,436.0,488.51,156,158,98.73417721518987,3.131474358974359,66,66,1,42,3,7
noite_1,172,multi,3,116.5,251.0,282.94,43,158,27.21518987341772,6.58,24,24,0,0,1,2
noite_1,173,cw1,4,204.25,439.0,496.04,158,158,100.0,3.139493670886076,54,54,2,31,3,6
noite_1,173,cw13,4,203.35,436.0,493.85,158,158,100.0,3.125632911392405,54,54,2,31,3,6
noite_1,173,multi,3,106.4,239.0,258.41,55,158,34.81012658227848,4.698363636363637,28,28,0,0,0,2
noite_1,174,cw1,3,173.2,384.0,420.64,156,158,98.73417721518987,2.6964102564102563,72,72,1,48,3,5
noite_1,174,cw13,3,172.0,380.0,417.72,156,158,98.73417721518987,2.677692307692308,72,72,1,48,3,5
noite_1,174,multi,3,94.2,199.0,228.78,43,158,27.21518987341772,5.3204651162790695,23,23,0,0,1,0
noite_1,175,cw1,3,185.3,399.0,450.03,158,158,100.0,2.8482911392405064,72,72,1,48,3,6
noite_1,175,cw13,3,184.9,398.0,449.06,158,158,100.0,2.842151898734177,72,72,1,48,3,6
noite_1,175,multi,3,108.5,225.0,263.51,42,158,26.582278481012658,6.274047619047619,25,25,0,0,0,1
noite_1,176,cw1,4,209.2,457.0,508.07,156,158,98.73417721518987,3.256858974358974,69,69,1,36,3,3
noite_1,176,cw13,4,201.35,442.0,489.0,156,158,98.73417721518987,3.1346153846153846,69,69,1,39,3,3
noite_1,176,multi,3,104.9,220.0,254.77,50,158,31.645569620253166,5.095400000000001,22,22,0,0,0,0
noite_1,177,cw1,3,193.4,419.0,469.7,156,158,98.73417721518987,3.010897435897436,66,66,1,40,3,6
noite_1,177,cw13,3,197.9,424.0,480.62,156,158,98.73417721518987,3.080897435897436,66,66,1,42,3,7
noite_1,177,multi,3,122.7,263.0,297.99,52,158,32.91139240506329,5.7305769230769235,18,18,0,0,1,1
noite_1,178,cw1,4,205.05,440.0,497.98,157,158,99.36708860759494,3.1718471337579617,62,62,1,34,3,7
noite_1,178,cw13,4,202.95,437.0,492.89,157,158,99.36708860759494,3.1394267515923566,62,62,1,36,3,6
noite_1,178,multi,3,119.2,245.0,289.49,52,158,32.91139240506329,5.567115384615385,24,24,0,0,0,1
noite_1,179,cw1,3,199.05,442.0,483.41,155,158,98.10126582278481,3.1187741935483873,58,58,2,37,3,6
noite_1,179,cw13,3,198.05,435.0,480.99,155,158,98.10126582278481,3.1031612903225807,58,58,2,36,3,6
noite_1,179,multi,3,95.0,214.0,230.72,48,158,30.379746835443036,4.806666666666667,28,28,0,0,0,1
noite_1,180,cw1,3,181.65,377.0,441.15,157,158,99.36708860759494,2.809872611464968,67,67,1,39,3,6
noite_1,180,cw13,3,180.95,372.0,439.45,157,158,99.36708860759494,2.7990445859872612,67,67,1,39,3,6
noite_1,180,multi,3,107.8,228.0,261.8,50,158,31.645569620253166,5.236000000000001,31,31,0,0,0,1
noite_1,181,cw1,4,194.05,417.0,471.27,157,158,99.36708860759494,3.0017197452229296,59,59,1,32,3,6
noite_1,181,cw13,4,191.45,410.0,464.96,157,158,99.36708860759494,2.961528662420382,59,59,1,34,3,4
noite_1,181,multi,4,141.15,300.0,342.8,98,158,62.0253164556962,3.4979591836734696,44,44,0,8,1,2
noite_1,182,cw1,4,215.4,464.0,523.12,156,158,98.73417721518987,3.3533333333333335,52,52,2,31,3,5
noite_1,182,cw13,4,214.5,461.0,520.93,156,158,98.73417721518987,3.3392948717948716,52,52,2,31,3,5
noite_1,182,multi,3,89.2,196.0,216.64,53,158,33.54430379746835,4.08754716981132,31,31,0,0,1,1
noite_1,183,cw1,3,213.85,455.0,519.35,155,158,98.10126582278481,3.3506451612903225,64,64,1,40,3,9
noite_1,183,cw13,3,213.35,456.0,518.14,155,158,98.10126582278481,3.3428387096774195,64,64,1,40,3,9
noite_1,183,multi,3,108.1,246.0,262.53,44,158,27.848101265822784,5.966590909090908,17,17,0,0,1,2
noite_1,184,cw1,3,181.6,392.0,441.04,157,158,99.36708860759494,2.809171974522293,69,69,1,44,3,5
noite_1,184,cw13,3,180.3,386.0,437.88,157,158,99.36708860759494,2.789044585987261,69,69,1,44,3,5
noite_1,184,multi,4,147.9,300.0,359.19,88,158,55.69620253164557,4.081704545454546,44,44,0,8,1,1
noite_1,185,cw1,3,194.75,426.0,472.97,158,158,100.0,2.993481012658228,77,77,1,52,3,7
noite_1,185,cw13,3,193.75,422.0,470.55,158,158,100.0,2.9781645569620254,77,77,1,52,3,7
noite_1,185,multi,3,93.5,209.0,227.07,39,158,24.68354430379747,5.822307692307692,17,17,0,0,2,2
noite_1,186,cw1,4,186.45,408.0,452.81,156,158,98.73417721518987,2.902628205128205,59,59,1,35,3,5
noite_1,186,cw13,4,186.05,407.0,451.84,156,158,98.73417721518987,2.896410256410256,59,59,1,35,3,5
noite_1,186,multi,3,90.9,202.0,220.76,53,158,33.54430379746835,4.165283018867925,27,27,0,0,2,1
noite_1,187,cw1,3,168.1,362.0,408.25,156,158,98.73417721518987,2.6169871794871793,80,80,1,53,3,5
noite_1,187,cw13,3,168.8,366.0,409.95,156,158,98.73417721518987,2.627884615384615,80,80,1,55,3,5
noite_1,187,multi,3,129.5,272.0,314.5,76,158,48.10126582278481,4.1381578947368425,39,39,0,3,2,2
noite_1,188,cw1,3,183.85,404.0,446.5,157,158,99.36708860759494,2.843949044585987,73,73,1,49,3,7
noite_1,188,cw13,3,185.05,410.0,449.41,157,158,99.36708860759494,2.862484076433121,73,73,1,49,3,7
noite_1,188,multi,3,111.4,239.0,270.55,44,158,27.848101265822784,6.148863636363637,27,27,0,0,0,1
noite_1,189,cw1,3,199.8,430.0,485.23,156,158,98.73417721518987,3.110448717948718,66,66,1,38,3,7
noite_1,189,cw13,3,183.7,397.0,446.13,156,158,98.73417721518987,2.8598076923076925,66,66,1,40,3,7
noite_1,189,multi,3,121.4,257.0,294.83,51,158,32.278481012658226,5.780980392156862,21,21,0,0,1,1
noite_1,190,cw1,3,197.75,435.0,480.26,156,158,98.73417721518987,3.0785897435897436,61,61,1,36,3,9
noite_1,190,cw13,3,196.45,429.0,477.1,156,158,98.73417721518987,3.0583333333333336,61,61,1,36,3,9
noite_1,190,multi,3,114.6,242.0,278.31,49,158,31.0126582278481,5.679795918367347,27,27,0,0,1,0
noite_1,191,cw1,3,201.55,437.0,489.48,155,158,98.10126582278481,3.157935483870968,66,66,1,41,3,7
noite_1,191,cw13,3,200.25,431.0,486.32,155,158,98.10126582278481,3.137548387096774,66,66,1,41,3,7
noite_1,191,multi,3,108.7,230.0,263.98,42,158,26.582278481012658,6.285238095238095,20,20,0,0,0,1
noite_1,192,cw1,4,197.35,437.0,479.29,155,158,98.10126582278481,3.092193548387097,55,55,2,34,3,4
noite_1,192,cw13,4,196.95,436.0,478.32,155,158,98.10126582278481,3.085935483870968,55,55,2,34,3,4
noite_1,192,multi,3,96.8,216.0,235.09,51,158,32.278481012658226,4.609607843137255,25,25,0,0,2,1
noite_1,193,cw1,4,200.9,436.0,487.9,156,158,98.73417721518987,3.1275641025641026,56,56,1,32,3,5
noite_1,193,cw13,4,199.9,433.0,485.48,156,158,98.73417721518987,3.112051282051282,56,56,1,32,3,5
noite_1,193,multi,3,121.8,265.0,295.8,55,158,34.81012658227848,5.378181818181818,24,24,0,0,1,2
noite_1,194,cw1,3,213.1,460.0,517.53,157,158,99.36708860759494,3.296369426751592,68,68,1,44,3,7
noite_1,194,cw13,3,212.7,459.0,516.56,157,158,99.36708860759494,3.2901910828025476,68,68,1,44,3,7
noite_1,194,multi,3,104.0,217.0,252.58,41,158,25.949367088607595,6.160487804878049,20,20,0,0,0,0
noite_1,195,cw1,3,212.25,458.0,515.46,157,158,99.36708860759494,3.2831847133757965,61,61,2,38,3,7
noite_1,195,cw13,3,211.85,457.0,514.49,157,158,99.36708860759494,3.2770063694267515,61,61,2,38,3,7
noite_1,195,multi,3,122.3,259.0,297.02,47,158,29.746835443037973,6.319574468085106,25,25,0,0,0,0
noite_1,196,cw1,4,191.05,415.0,463.99,156,158,98.73417721518987,2.974294871794872,62,62,1,35,3,5
noite_1,196,cw13,4,189.95,411.0,461.31,156,158,98.73417721518987,2.957115384615385,62,62,1,37,3,6
noite_1,196,multi,3,95.4,205.0,231.68,49,158,31.0126582278481,4.728163265306122,28,28,0,0,0,3
noite_1,197,cw1,3,181.7,399.0,441.28,155,158,98.10126582278481,2.8469677419354835,65,65,1,39,3,6
noite_1,197,cw13,3,182.3,399.0,442.73,155,158,98.10126582278481,2.8563225806451613,65,65,1,39,3,6
noite_1,197,multi,2,72.9,158.0,177.05,55,158,34.81012658227848,3.2190909090909092,32,32,0,0,1,2
noite_1,198,cw1,3,191.2,419.0,464.35,155,158,98.10126582278481,2.9958064516129035,61,61,1,35,3,8
noite_1,198,cw13,3,189.7,417.0,460.71,155,158,98.10126582278481,2.972322580645161,61,61,1,37,3,7
noite_1,198,multi,3,123.2,265.0,299.21,50,158,31.645569620253166,5.9841999999999995,18,18,0,0,1,2
noite_1,199,cw1,3,188.05,412.0,456.7,155,158,98.10126582278481,2.9464516129032257,63,63,1,38,3,7
noite_1,199,cw13,3,186.65,407.0,453.3,155,158,98.10126582278481,2.9245161290322583,63,63,1,38,3,7
noite_1,199,multi,3,116.9,247.0,283.9,47,158,29.746835443037973,6.040425531914893,23,23,0,0,0,1
noite_1,200,cw1,3,196.25,421.0,476.61,158,158,100.0,3.0165189873417724,68,68,1,41,3,7
noite_1,200,cw13,3,196.95,426.0,478.31,158,158,100.0,3.027278481012658,68,68,1,44,3,7
noite_1,200,multi,3,106.7,232.0,259.13,45,158,28.481012658227847,5.758444444444445,22,22,0,0,1,1
noite_1,201,cw1,3,199.05,427.0,483.41,155,158,98.10126582278481,3.1187741935483873,65,65,1,40,3,7
noite_1,201,cw13,3,198.25,428.0,481.47,155,158,98.10126582278481,3.1062580645161293,65,65,1,41,3,6
noite_1,201,multi,3,122.1,260.0,296.53,44,158,27.848101265822784,6.739318181818181,21,21,0,0,1,1
noite_1,202,cw1,4,186.25,404.0,452.31,158,158,100.0,2.8627215189873416,61,61,1,37,3,5
noite_1,202,cw13,4,185.95,403.0,451.59,158,158,100.0,2.8581645569620253,61,61,1,37,3,5
noite_1,202,multi,3,102.8,227.0,249.66,51,158,32.278481012658226,4.895294117647059,21,21,0,0,1,2
noite_1,203,cw1,3,201.35,432.0,489.0,158,158,100.0,3.0949367088607596,66,66,1,43,3,7
noite_1,203,cw13,3,200.75,434.0,487.55,158,158,100.0,3.0857594936708863,66,66,1,45,3,6
noite_1,203,multi,3,105.0,221.0,255.0,48,158,30.379746835443036,5.3125,24,24,0,0,0,0
noite_1,204,cw1,3,193.65,418.0,470.29,156,158,98.73417721518987,3.0146794871794875,69,69,1,42,3,4
noite_1,204,cw13,3,192.25,412.0,466.89,156,158,98.73417721518987,2.9928846153846154,69,69,1,42,3,4
noite_1,204,multi,2,70.0,154.0,170.0,42,158,26.582278481012658,4.0476190476190474,23,23,0,0,1,2
noite_1,205,cw1,3,173.3,378.0,420.87,158,158,100.0,2.66373417721519,71,71,1,47,3,6
noite_1,205,cw13,3,172.6,375.0,419.17,158,158,100.0,2.6529746835443038,71,71,1,47,3,6
noite_1,205,multi,3,95.6,212.0,232.17,48,158,30.379746835443036,4.836875,27,27,0,0,0,1
noite_1,206,cw1,4,215.75,472.0,523.98,156,158,98.73417721518987,3.358846153846154,58,58,1,29,3,7
noite_1,206,cw13,4,213.15,465.0,517.66,156,158,98.73417721518987,3.318333333333333,58,58,1,31,3,5
noite_1,206,multi,3,126.0,261.0,306.0,57,158,36.075949367088604,5.368421052631579,27,27,0,0,0,1
noite_1,207,cw1,3,182.25,395.0,442.61,156,158,98.73417721518987,2.83724358974359,64,64,1,36,3,8
noite_1,207,cw13,3,181.25,395.0,440.18,156,158,98.73417721518987,2.8216666666666668,64,64,1,38,3,7
noite_1,207,multi,2,89.2,189.0,216.63,48,158,30.379746835443036,4.513125,26,26,0,0,2,2
noite_1,208,cw1,4,189.1,409.0,459.24,157,158,99.36708860759494,2.925095541401274,63,63,1,35,3,5
noite_1,208,cw13,4,188.3,409.0,457.29,157,158,99.36708860759494,2.9126751592356688,63,63,1,38,3,6
noite_1,208,multi,3,95.4,199.0,231.69,50,158,31.645569620253166,4.6338,28,28,0,0,1,0
noite_1,209,cw1,3,190.25,412.0,462.03,156,158,98.73417721518987,2.961730769230769,63,63,1,38,3,8
noite_1,209,cw13,3,189.55,413.0,460.33,156,158,98.73417721518987,2.950833333333333,63,63,1,38,3,8
noite_1,209,multi,3,112.4,245.0,272.98,47,158,29.746835443037973,5.808085106382979,22,22,0,0,1,2
noite_1,210,cw1,4,222.05,470.0,539.27,157,158,99.36708860759494,3.43484076433121,60,60,1,33,3,5
noite_1,210,cw13,4,217.25,467.0,527.61,157,158,99.36708860759494,3.3605732484076434,60,60,1,34,3,5
noite_1,210,multi,3,109.7,229.0,266.42,56,158,35.44303797468354,4.7575,25,25,0,0,1,0
noite_1,211,cw1,3,184.2,411.0,447.34,157,158,99.36708860759494,2.849299363057325,72,72,1,48,3,8
noite_1,211,cw13,3,183.2,407.0,444.92,157,158,99.36708860759494,2.8338853503184716,72,72,1,48,3,8
noite_1,211,multi,3,118.9,255.0,288.77,50,158,31.645569620253166,5.775399999999999,20,20,0,0,1,2
noite_1,212,cw1,3,189.95,406.0,461.31,157,158,99.36708860759494,2.93828025477707,65,65,1,40,3,8
noite_1,212,cw13,3,188.95,402.0,458.88,157,158,99.36708860759494,2.9228025477707007,65,65,1,41,3,9
noite_1,212,multi,4,157.7,337.0,382.99,92,158,58.22784810126582,4.162934782608696,41,41,0,5,2,2
noite_1,213,cw1,3,171.8,386.0,417.24,154,158,97.46835443037975,2.7093506493506494,64,64,1,39,3,8
noite_1,213,cw13,3,170.4,383.0,413.83,154,158,97.46835443037975,2.687207792207792,64,64,1,40,3,8
noite_1,213,multi,2,83.9,188.0,203.76,49,158,31.0126582278481,4.158367346938776,27,27,0,0,2,1
noite_1,214,cw1,3,192.95,425.0,468.6,155,158,98.10126582278481,3.023225806451613,64,64,1,40,3,7
noite_1,214,cw13,3,191.35,424.0,464.71,155,158,98.10126582278481,2.9981290322580643,64,64,1,40,3,7
noite_1,214,multi,3,94.2,196.0,228.77,51,158,32.278481012658226,4.4856862745098045,30,30,0,0,0,2
noite_1,215,cw1,3,183.75,395.0,446.26,157,158,99.36708860759494,2.842420382165605,69,69,2,47,3,6
noite_1,215,cw13,3,183.35,394.0,445.28,157,158,99.36708860759494,2.8361783439490442,69,69,2,47,3,6
noite_1,215,multi,2,68.7,152.0,166.85,38,158,24.050632911392405,4.390789473684211,22,22,0,0,0,1
noite_1,216,cw1,3,194.75,415.0,472.97,155,158,98.10126582278481,3.05141935483871,61,61,2,38,3,7
noite_1,216,cw13,3,194.35,416.0,472.0,155,158,98.10126582278481,3.0451612903225804,61,61,2,38,3,7
noite_1,216,multi,2,84.0,179.0,204.01,45,158,28.481012658227847,4.533555555555555,22,22,0,0,0,1
noite_1,217,cw1,3,188.1,399.0,456.82,157,158,99.36708860759494,2.9096815286624205,74,74,1,47,3,6
noite_1,217,cw13,3,187.5,400.0,455.36,157,158,99.36708860759494,2.9003821656050954,74,74,1,49,3,6
noite_1,217,multi,3,93.9,195.0,228.05,47,158,29.746835443037973,4.852127659574468,26,26,0,0,0,1
noite_1,218,cw1,4,219.25,474.0,532.47,156,158,98.73417721518987,3.413269230769231,60,60,1,34,3,6
noite_1,218,cw13,4,216.55,467.0,525.91,156,158,98.73417721518987,3.3712179487179483,60,60,1,36,3,4
noite_1,218,multi,3,131.0,282.0,318.15,52,158,32.91139240506329,6.11826923076923,28,28,0,0,2,2
noite_1,219,cw1,3,180.05,392.0,437.27,155,158,98.10126582278481,2.821096774193548,68,68,1,39,3,7
noite_1,219,cw13,3,178.95,392.0,434.6,155,158,98.10126582278481,2.803870967741936,68,68,1,42,3,7
noite_1,219,multi,2,85.0,177.0,206.43,44,158,27.848101265822784,4.691590909090909,27,27,0,0,1,1
noite_1,220,cw1,3,197.8,421.0,480.38,157,158,99.36708860759494,3.0597452229299362,63,63,1,39,3,6
noite_1,220,cw13,3,196.2,418.0,476.49,157,158,99.36708860759494,3.034968152866242,63,63,1,39,3,6
noite_1,220,multi,3,110.2,237.0,267.63,52,158,32.91139240506329,5.1467307692307696,25,25,0,0,1,1
noite_1,221,cw1,4,194.0,409.0,471.14,157,158,99.36708860759494,3.0008917197452227,62,62,1,34,3,5
noite_1,221,cw13,4,188.9,400.0,458.77,157,158,99.36708860759494,2.9221019108280255,62,62,1,33,2,5
noite_1,221,multi,3,86.9,190.0,211.04,54,158,34.177215189873415,3.908148148148148,29,29,0,0,1,1
noite_1,222,cw1,3,186.25,418.0,452.32,155,158,98.10126582278481,2.9181935483870967,65,65,1,41,3,6
noite_1,222,cw13,3,185.25,414.0,449.9,155,158,98.10126582278481,2.90258064516129,65,65,1,41,3,6
noite_1,222,multi,3,110.4,241.0,268.12,47,158,29.746835443037973,5.70468085106383,28,28,0,0,2,2
noite_1,223,cw1,3,194.1,427.0,471.4,158,158,100.0,2.9835443037974683,69,69,1,45,3,6
noite_1,223,cw13,3,187.6,416.0,455.61,158,158,100.0,2.883607594936709,69,69,1,45,3,6
noite_1,223,multi,3,124.3,253.0,301.88,41,158,25.949367088607595,7.362926829268293,21,21,0,0,0,0
noite_1,224,cw1,3,180.7,395.0,438.84,156,158,98.73417721518987,2.813076923076923,69,69,1,43,3,6
noite_1,224,cw13,3,172.4,372.0,418.69,156,158,98.73417721518987,2.6839102564102566,69,69,1,43,3,6
noite_1,224,multi,3,139.1,292.0,337.81,87,158,55.063291139240505,3.8828735632183906,39,39,0,3,2,4
noite_1,225,cw1,4,194.85,432.0,473.21,158,158,100.0,2.9949999999999997,61,61,1,35,3,5
noite_1,225,cw13,4,194.35,433.0,472.0,158,158,100.0,2.9873417721518987,61,61,1,35,3,5
noite_1,225,multi,4,145.2,303.0,352.63,97,158,61.392405063291136,3.635360824742268,45,45,0,9,2,1
noite_1,226,cw1,3,183.15,400.0,444.8,153,158,96.83544303797468,2.90718954248366,72,72,1,46,3,7
noite_1,226,cw13,3,183.15,400.0,444.8,153,158,96.83544303797468,2.90718954248366,72,72,1,46,3,7
noite_1,226,multi,3,104.9,221.0,254.75,45,158,28.481012658227847,5.661111111111111,24,24,0,0,0,1
noite_1,227,cw1,4,206.95,446.0,502.59,155,158,98.10126582278481,3.242516129032258,68,68,1,34,3,4
noite_1,227,cw13,4,206.05,446.0,500.41,155,158,98.10126582278481,3.228451612903226,68,68,1,35,3,4
noite_1,227,multi,3,90.3,197.0,219.3,49,158,31.0126582278481,4.475510204081633,26,26,0,0,1,2
noite_1,228,cw1,3,193.6,418.0,470.18,156,158,98.73417721518987,3.013974358974359,62,62,2,39,3,6
noite_1,228,cw13,3,193.2,419.0,469.21,156,158,98.73417721518987,3.0077564102564103,62,62,2,39,3,6
noite_1,228,multi,3,99.2,204.0,240.92,45,158,28.481012658227847,5.353777777777777,20,20,0,0,0,1
noite_1,229,cw1,3,196.7,422.0,477.71,155,158,98.10126582278481,3.082,61,61,1,35,3,7
noite_1,229,cw13,3,191.4,414.0,464.83,155,158,98.10126582278481,2.9989032258064516,61,61,1,37,3,6
noite_1,229,multi,3,111.5,232.0,270.79,55,158,34.81012658227848,4.923454545454546,22,22,0,0,1,1
noite_1,230,cw1,3,187.5,402.0,455.36,155,158,98.10126582278481,2.937806451612903,60,60,1,35,3,7
noite_1,230,cw13,3,187.3,402.0,454.87,155,158,98.10126582278481,2.9346451612903226,60,60,1,35,3,7
noite_1,230,multi,3,102.4,217.0,248.69,53,158,33.54430379746835,4.692264150943396,26,26,0,0,1,1
noite_1,231,cw1,4,199.5,440.0,484.51,158,158,100.0,3.066518987341772,64,64,1,37,3,5
noite_1,231,cw13,4,196.9,433.0,478.2,158,158,100.0,3.026582278481013,64,64,1,39,3,4
noite_1,231,multi,3,91.7,204.0,222.7,50,158,31.645569620253166,4.454,28,28,0,0,0,1
noite_1,232,cw1,3,180.4,392.0,438.12,154,158,97.46835443037975,2.844935064935065,70,70,1,46,3,6
noite_1,232,cw13,3,180.4,392.0,438.12,154,158,97.46835443037975,2.844935064935065,70,70,1,46,3,6
noite_1,232,multi,2,65.1,145.0,158.1,43,158,27.21518987341772,3.6767441860465113,29,29,0,0,0,1
noite_1,233,cw1,3,220.15,477.0,534.66,154,158,97.46835443037975,3.4718181818181817,60,60,2,37,3,6
noite_1,233,cw13,3,210.25,456.0,510.61,154,158,97.46835443037975,3.315649350649351,60,60,2,37,3,6
noite_1,233,multi,3,102.2,211.0,248.21,45,158,28.481012658227847,5.515777777777778,28,28,0,0,0,1
noite_1,234,cw1,3,182.2,413.0,442.49,156,158,98.73417721518987,2.836474358974359,70,70,1,42,3,7
noite_1,234,cw13,3,181.1,410.0,439.82,156,158,98.73417721518987,2.819358974358974,70,70,1,45,3,7
noite_1,234,multi,3,109.1,240.0,264.96,51,158,32.278481012658226,5.195294117647059,22,22,0,0,1,1
noite_1,235,cw1,4,207.4,455.0,503.69,158,158,100.0,3.1879113924050633,55,55,1,31,3,5
noite_1,235,cw13,4,207.0,454.0,502.72,158,158,100.0,3.1817721518987345,55,55,1,31,3,5
noite_1,235,multi,3,125.9,265.0,305.76,60,158,37.9746835443038,5.096,25,25,0,0,0,1
noite_1,236,cw1,3,193.2,419.0,469.21,157,158,99.36708860759494,2.9885987261146494,65,65,1,38,3,6
noite_1,236,cw13,3,192.8,420.0,468.24,157,158,99.36708860759494,2.9824203821656052,65,65,1,38,3,6
noite_1,236,multi,3,123.6,252.0,300.17,49,158,31.0126582278481,6.125918367346939,19,19,0,0,0,1
noite_1,237,cw1,3,183.15,411.0,444.8,156,158,98.73417721518987,2.8512820512820514,67,67,1,39,3,7
noite_1,237,cw13,3,183.05,412.0,444.55,156,158,98.73417721518987,2.849679487179487,67,67,1,41,3,7
noite_1,237,multi,3,118.0,254.0,286.58,56,158,35.44303797468354,5.1175,30,30,0,0,0,1
noite_1,238,cw1,3,187.95,405.0,456.45,155,158,98.10126582278481,2.9448387096774193,65,65,1,36,3,7
noite_1,238,cw13,3,187.15,405.0,454.51,155,158,98.10126582278481,2.9323225806451614,65,65,1,40,3,7
noite_1,238,multi,2,67.4,146.0,163.69,47,158,29.746835443037973,3.4827659574468086,27,27,0,0,0,2
noite_1,239,cw1,3,185.1,395.0,449.53,156,158,98.73417721518987,2.8816025641025638,69,69,1,43,3,6
noite_1,239,cw13,3,184.9,395.0,449.04,156,158,98.73417721518987,2.8784615384615386,69,69,1,43,3,6
noite_1,239,multi,3,119.6,248.0,290.46,44,158,27.848101265822784,6.601363636363636,23,23,0,0,0,0
noite_1,240,cw1,4,210.45,466.0,511.1,157,158,99.36708860759494,3.2554140127388536,59,59,2,36,4,5
noite_1,240,cw13,4,209.95,465.0,509.89,157,158,99.36708860759494,3.247707006369427,59,59,2,36,4,5
noite_1,240,multi,3,116.7,250.0,283.42,49,158,31.0126582278481,5.784081632653062,23,23,0,0,1,0
noite_1,241,cw1,3,174.35,380.0,423.42,158,158,100.0,2.679873417721519,68,68,1,41,3,5
noite_1,241,cw13,3,174.85,378.0,424.64,158,158,100.0,2.6875949367088605,68,68,1,44,3,5
noite_1,241,multi,2,80.4,163.0,195.26,47,158,29.746835443037973,4.154468085106383,26,26,0,0,0,1
noite_1,242,cw1,3,207.15,444.0,503.08,155,158,98.10126582278481,3.2456774193548386,63,63,2,43,3,7
noite_1,242,cw13,3,206.65,445.0,501.87,155,158,98.10126582278481,3.2378709677419355,63,63,2,43,3,7
noite_1,242,multi,3,89.9,195.0,218.34,40,158,25.31645569620253,5.4585,20,20,0,0,1,2
noite_1,243,cw1,3,173.2,381.0,420.64,151,158,95.56962025316456,2.7856953642384106,68,68,1,42,3,7
noite_1,243,cw13,3,167.4,372.0,406.55,151,158,95.56962025316456,2.692384105960265,68,68,1,42,3,7
noite_1,243,multi,2,78.8,171.0,191.37,49,158,31.0126582278481,3.905510204081633,24,24,0,0,1,3
noite_1,244,cw1,4,199.45,433.0,484.38,157,158,99.36708860759494,3.0852229299363056,62,62,1,32,3,4
noite_1,244,cw13,4,197.05,427.0,478.56,157,158,99.36708860759494,3.048152866242038,62,62,1,34,3,3
noite_1,244,multi,4,168.55,362.0,409.34,95,158,60.12658227848101,4.308842105263158,41,41,0,5,2,2
noite_1,245,cw1,4,197.95,417.0,480.73,156,158,98.73417721518987,3.0816025641025644,57,57,1,33,3,4
noite_1,245,cw13,4,197.55,416.0,479.76,156,158,98.73417721518987,3.0753846153846154,57,57,1,33,3,4
noite_1,245,multi,2,75.1,165.0,182.39,51,158,32.278481012658226,3.5762745098039215,34,34,0,0,0,3
noite_1,246,cw1,3,192.6,419.0,467.75,157,158,99.36708860759494,2.979299363057325,68,68,1,44,3,8
noite_1,246,cw13,3,190.9,412.0,463.62,157,158,99.36708860759494,2.9529936305732485,68,68,1,44,3,6
noite_1,246,multi,3,117.9,248.0,286.33,44,158,27.848101265822784,6.507499999999999,19,19,0,0,1,1
noite_1,247,cw1,3,172.4,370.0,418.69,155,158,98.10126582278481,2.701225806451613,63,63,1,39,3,5
noite_1,247,cw13,3,173.0,366.0,420.15,155,158,98.10126582278481,2.7106451612903224,63,63,1,39,3,5
noite_1,247,multi,3,122.9,258.0,298.48,92,158,58.22784810126582,3.244347826086957,45,45,0,9,1,2
noite_1,248,cw1,3,189.6,417.0,460.46,156,158,98.73417721518987,2.9516666666666667,66,66,1,41,3,8
noite_1,248,cw13,3,188.2,412.0,457.06,156,158,98.73417721518987,2.929871794871795,66,66,1,41,3,8
noite_1,248,multi,3,97.6,196.0,237.03,45,158,28.481012658227847,5.267333333333333,25,25,0,0,1,1
noite_1,249,cw1,3,183.95,385.0,446.74,155,158,98.10126582278481,2.8821935483870966,67,67,1,40,3,6
noite_1,249,cw13,3,183.55,386.0,445.76,155,158,98.10126582278481,2.8758709677419354,67,67,1,41,3,6
noite_1,249,multi,2,66.1,142.0,160.53,49,158,31.0126582278481,3.2761224489795917,29,29,0,0,0,1
noite_1,250,cw1,4,200.4,429.0,486.68,158,158,100.0,3.080253164556962,58,58,1,34,3,5
noite_1,250,cw13,4,200.0,430.0,485.71,158,158,100.0,3.074113924050633,58,58,1,34,3,5
noite_1,250,multi,3,97.6,209.0,237.03,53,158,33.54430379746835,4.4722641509433965,26,26,0,0,1,2
noite_1,251,cw1,3,207.05,444.0,502.84,156,158,98.73417721518987,3.223333333333333,68,68,1,44,3,8
noite_1,251,cw13,3,206.65,445.0,501.87,156,158,98.73417721518987,3.2171153846153846,68,68,1,44,3,8
noite_1,251,multi,3,113.6,244.0,275.89,41,158,25.949367088607595,6.729024390243902,16,16,0,0,1,0
noite_1,252,cw1,3,216.35,460.0,525.42,156,158,98.73417721518987,3.3680769230769227,67,67,1,41,3,8
noite_1,252,cw13,3,209.55,452.0,508.91,156,158,98.73417721518987,3.2622435897435897,67,67,1,39,3,8
noite_1,252,multi,3,99.1,212.0,240.67,46,158,29.11392405063291,5.23195652173913,24,24,0,0,1,3
noite_1,253,cw1,4,204.35,444.0,496.27,158,158,100.0,3.1409493670886075,66,66,1,37,3,5
noite_1,253,cw13,4,203.05,443.0,493.11,158,158,100.0,3.1209493670886075,66,66,1,37,3,5
noite_1,253,multi,3,119.3,255.0,289.73,52,158,32.91139240506329,5.571730769230769,24,24,0,0,1,1
noite_1,254,cw1,3,200.95,437.0,488.03,158,158,100.0,3.0887974683544304,70,70,1,45,3,8
noite_1,254,cw13,3,199.95,433.0,485.6,158,158,100.0,3.0734177215189873,70,70,1,45,3,8
noite_1,254,multi,3,123.1,262.0,298.96,46,158,29.11392405063291,6.499130434782608,19,19,0,0,0,1
noite_1,255,cw1,3,196.9,426.0,478.19,156,158,98.73417721518987,3.065320512820513,62,62,1,38,3,8
noite_1,255,cw13,3,196.3,427.0,476.73,156,158,98.73417721518987,3.0559615384615384,62,62,1,38,3,8
noite_1,255,multi,3,89.1,191.0,216.39,47,158,29.746835443037973,4.604042553191489,30,30,0,0,0,2
noite_1,256,cw1,3,195.45,419.0,474.66,155,158,98.10126582278481,3.0623225806451613,63,63,1,35,3,8
noite_1,256,cw13,3,193.65,415.0,470.29,155,158,98.10126582278481,3.0341290322580647,63,63,1,36,3,9
noite_1,256,multi,2,78.3,169.0,190.16,48,158,30.379746835443036,3.9616666666666664,20,20,0,0,0,2
noite_1,257,cw1,3,205.7,443.0,499.56,156,158,98.73417721518987,3.2023076923076923,63,63,1,38,3,8
noite_1,257,cw13,3,204.0,442.0,495.43,156,158,98.73417721518987,3.1758333333333333,63,63,1,38,3,8
noite_1,257,multi,3,91.3,197.0,221.73,50,158,31.645569620253166,4.4346,23,23,0,0,0,2
noite_1,258,cw1,3,186.45,407.0,452.82,157,158,99.36708860759494,2.884203821656051,74,74,1,50,3,5
noite_1,258,cw13,3,187.15,400.0,454.52,157,158,99.36708860759494,2.8950318471337577,74,74,1,50,3,5
noite_1,258,multi,3,111.7,231.0,271.28,42,158,26.582278481012658,6.4590476190476185,27,27,0,0,1,1
noite_1,259,cw1,3,200.1,428.0,485.97,158,158,100.0,3.075759493670886,64,64,1,38,3,7
noite_1,259,cw13,3,199.1,428.0,483.54,158,158,100.0,3.060379746835443,64,64,1,40,3,7
noite_1,259,multi,3,112.5,233.0,273.21,48,158,30.379746835443036,5.691875,19,19,0,0,0,1
noite_1,260,cw1,3,204.95,440.0,497.74,155,158,98.10126582278481,3.211225806451613,69,69,1,44,3,8
noite_1,260,cw13,3,204.55,440.0,496.77,155,158,98.10126582278481,3.2049677419354836,69,69,1,44,3,8
noite_1,260,multi,3,119.4,255.0,289.97,42,158,26.582278481012658,6.90404761904762,16,16,0,0,1,2
noite_1,261,cw1,3,195.15,421.0,473.94,157,158,99.36708860759494,3.0187261146496813,69,69,1,42,3,7
noite_1,261,cw13,3,193.85,420.0,470.78,157,158,99.36708860759494,2.9985987261146496,69,69,1,42,3,7
noite_1,261,multi,3,88.9,195.0,215.9,45,158,28.481012658227847,4.797777777777778,23,23,0,0,0,1
noite_1,262,cw1,3,200.65,434.0,487.3,157,158,99.36708860759494,3.1038216560509553,64,64,1,39,3,6
noite_1,262,cw13,3,200.25,433.0,486.33,157,158,99.36708860759494,3.0976433121019107,64,64,1,39,3,6
noite_1,262,multi,3,108.3,221.0,263.02,49,158,31.0126582278481,5.367755102040816,22,22,0,0,0,0
noite_1,263,cw1,4,195.9,419.0,475.76,158,158,100.0,3.011139240506329,58,58,1,34,3,5
noite_1,263,cw13,4,196.0,418.0,476.01,158,158,100.0,3.0127215189873415,58,58,1,34,3,5
noite_1,263,multi,4,147.7,315.0,358.7,100,158,63.29113924050633,3.5869999999999997,41,41,0,5,2,2
noite_1,264,cw1,3,182.55,394.0,443.34,156,158,98.73417721518987,2.8419230769230768,55,55,2,36,3,7
noite_1,264,cw13,3,182.55,394.0,443.34,156,158,98.73417721518987,2.8419230769230768,55,55,2,36,3,7
noite_1,264,multi,3,88.9,203.0,215.9,48,158,30.379746835443036,4.497916666666667,26,26,0,0,0,2
noite_1,265,cw1,3,190.25,416.0,462.04,157,158,99.36708860759494,2.9429299363057324,69,69,1,45,3,8
noite_1,265,cw13,3,189.85,417.0,461.07,157,158,99.36708860759494,2.936751592356688,69,69,1,45,3,8
noite_1,265,multi,3,95.0,200.0,230.72,40,158,25.31645569620253,5.768,21,21,0,0,2,2
noite_1,266,cw1,4,208.75,455.0,506.97,156,158,98.73417721518987,3.2498076923076926,59,59,1,35,3,4
noite_1,266,cw13,4,206.25,449.0,500.91,156,158,98.73417721518987,3.2109615384615386,59,59,1,36,3,3
noite_1,266,multi,3,104.3,239.0,253.3,55,158,34.81012658227848,4.6054545454545455,30,30,0,0,0,2
noite_1,267,cw1,3,179.3,391.0,435.44,158,158,100.0,2.7559493670886077,76,76,1,51,3,7
noite_1,267,cw13,3,178.1,387.0,432.53,158,158,100.0,2.73753164556962,76,76,1,51,3,7
noite_1,267,multi,3,94.6,213.0,229.74,40,158,25.31645569620253,5.7435,25,25,0,0,1,3
noite_1,268,cw1,3,187.35,404.0,455.0,153,158,96.83544303797468,2.973856209150327,61,61,1,38,3,6
noite_1,268,cw13,3,186.95,405.0,454.03,153,158,96.83544303797468,2.967516339869281,61,61,1,38,3,6
noite_1,268,multi,3,109.1,236.0,264.97,47,158,29.746835443037973,5.637659574468086,30,30,0,0,0,2
noite_1,269,cw1,3,169.3,368.0,411.16,153,158,96.83544303797468,2.687320261437909,69,69,1,45,3,7
noite_1,269,cw13,3,168.4,361.0,408.97,153,158,96.83544303797468,2.6730065359477124,69,69,1,45,3,7
noite_1,269,multi,3,98.7,214.0,239.7,48,158,30.379746835443036,4.9937499999999995,22,22,0,0,0,1
noite_1,270,cw1,4,211.45,462.0,513.53,157,158,99.36708860759494,3.2708917197452227,53,59,1,35,3,6
noite_1,270,cw13,4,210.45,459.0,511.1,157,158,99.36708860759494,3.2554140127388536,53,59,1,35,3,6
noite_1,270,multi,3,122.3,268.0,297.02,57,158,36.075949367088604,5.210877192982456,36,43,0,0,1,10
noite_1,271,cw1,3,181.0,391.0,439.57,156,158,98.73417721518987,2.8177564102564103,65,65,1,41,3,7
noite_1,271,cw13,3,181.0,391.0,439.57,156,158,98.73417721518987,2.8177564102564103,65,65,1,41,3,7
noite_1,271,multi,3,104.3,217.0,253.31,57,158,36.075949367088604,4.444035087719298,22,22,0,0,0,1
noite_1,272,cw1,4,216.85,470.0,526.63,157,158,99.36708860759494,3.354331210191083,53,53,2,32,3,5
noite_1,272,cw13,4,215.85,465.0,524.21,157,158,99.36708860759494,3.3389171974522296,53,53,2,32,3,5
noite_1,272,multi,3,110.2,235.0,267.63,53,158,33.54430379746835,5.049622641509434,26,26,0,0,1,1
noite_1,273,cw1,3,192.35,415.0,467.13,155,158,98.10126582278481,3.013741935483871,68,68,1,44,3,7
noite_1,273,cw13,3,194.05,417.0,471.26,155,158,98.10126582278481,3.0403870967741935,68,68,1,44,3,7
noite_1,273,multi,2,90.7,191.0,220.27,45,158,28.481012658227847,4.8948888888888895,27,27,0,0,1,1
noite_1,274,cw1,3,198.05,425.0,480.99,158,158,100.0,3.044240506329114,68,68,1,42,3,5
noite_1,274,cw13,3,198.05,425.0,480.99,158,158,100.0,3.044240506329114,68,68,1,42,3,5
noite_1,274,multi,3,120.7,261.0,293.13,51,158,32.278481012658226,5.747647058823529,26,26,0,0,0,1
noite_1,275,cw1,4,194.45,424.0,472.24,157,158,99.36708860759494,3.0078980891719747,62,62,1,35,3,4
noite_1,275,cw13,4,194.45,423.0,472.23,157,158,99.36708860759494,3.007834394904459,62,62,1,37,3,5
noite_1,275,multi,3,114.5,253.0,278.07,51,158,32.278481012658226,5.45235294117647,26,26,0,0,0,1
noite_1,276,cw1,3,203.25,441.0,493.61,156,158,98.73417721518987,3.1641666666666666,63,63,2,40,3,5
noite_1,276,cw13,3,196.75,429.0,477.83,156,158,98.73417721518987,3.0630128205128204,63,63,2,40,3,5
noite_1,276,multi,3,109.4,231.0,265.69,44,158,27.848101265822784,6.038409090909091,26,26,0,0,0,1
noite_1,277,cw1,3,185.5,405.0,450.51,157,158,99.36708860759494,2.8694904458598725,72,72,1,46,3,7
noite_1,277,cw13,3,178.0,394.0,432.29,157,158,99.36708860759494,2.75343949044586,72,72,1,46,3,7
noite_1,277,multi,3,119.3,252.0,289.73,49,158,31.0126582278481,5.912857142857143,23,23,0,0,0,1
noite_1,278,cw1,3,183.25,401.0,445.04,158,158,100.0,2.8167088607594937,65,65,1,49,3,4
noite_1,278,cw13,3,182.85,402.0,444.06,158,158,100.0,2.8105063291139243,65,65,1,49,3,4
noite_1,278,multi,4,147.2,316.0,357.5,93,158,58.860759493670884,3.8440860215053765,46,46,0,10,1,1
noite_1,279,cw1,3,187.65,405.0,455.72,158,158,100.0,2.8843037974683545,63,63,2,44,3,6
noite_1,279,cw13,3,187.25,406.0,454.75,158,158,100.0,2.8781645569620253,63,63,2,44,3,6
noite_1,279,multi,2,79.3,164.0,192.59,42,158,26.582278481012658,4.58547619047619,27,27,0,0,0,0
noite_1,280,cw1,3,186.3,408.0,452.45,152,158,96.20253164556962,2.9766447368421054,61,61,1,37,3,8
noite_1,280,cw13,3,184.9,415.0,449.05,152,158,96.20253164556962,2.954276315789474,61,61,1,37,3,8
noite_1,280,multi,3,112.0,239.0,272.0,51,158,32.278481012658226,5.333333333333333,30,30,0,0,1,2
noite_1,281,cw1,4,199.15,424.0,483.66,156,158,98.73417721518987,3.1003846153846157,58,58,1,38,3,4
noite_1,281,cw13,4,198.75,425.0,482.68,156,158,98.73417721518987,3.094102564102564,58,58,1,38,3,4
noite_1,281,multi,3,86.0,189.0,208.86,51,158,32.278481012658226,4.095294117647059,33,33,0,0,0,2
noite_1,282,cw1,4,197.7,420.0,480.13,156,158,98.73417721518987,3.07775641025641,56,56,1,33,3,3
noite_1,282,cw13,4,193.4,413.0,469.69,156,158,98.73417721518987,3.0108333333333333,56,56,1,35,3,1
noite_1,282,multi,3,113.5,250.0,275.64,55,158,34.81012658227848,5.011636363636363,27,27,0,0,1,2
noite_1,283,cw1,3,188.6,406.0,458.03,156,158,98.73417721518987,2.9360897435897435,64,64,1,39,3,6
noite_1,283,cw13,3,188.6,406.0,458.03,156,158,98.73417721518987,2.9360897435897435,64,64,1,39,3,6
noite_1,283,multi,2,71.2,149.0,172.92,50,158,31.645569620253166,3.4583999999999997,25,25,0,0,0,2
noite_1,284,cw1,3,193.65,420.0,470.3,154,158,97.46835443037975,3.053896103896104,63,63,2,51,3,6
noite_1,284,cw13,3,193.25,416.0,469.33,154,158,97.46835443037975,3.0475974025974026,63,63,2,51,3,6
noite_1,284,multi,3,114.2,237.0,277.34,31,158,19.620253164556964,8.946451612903225,17,17,0,0,0,0
noite_1,285,cw1,3,206.7,434.0,502.0,157,158,99.36708860759494,3.1974522292993632,56,56,2,43,3,6
noite_1,285,cw13,3,206.2,433.0,500.78,157,158,99.36708860759494,3.1896815286624203,56,56,2,43,3,6
noite_1,285,multi,3,104.5,216.0,253.79,46,158,29.11392405063291,5.517173913043478,24,24,0,0,0,1
noite_1,286,cw1,3,192.65,416.0,467.86,158,158,100.0,2.9611392405063293,61,61,2,42,3,7
noite_1,286,cw13,3,193.65,420.0,470.29,158,158,100.0,2.9765189873417723,61,61,2,42,3,7
noite_1,286,multi,3,92.1,210.0,223.67,48,158,30.379746835443036,4.659791666666666,26,26,0,0,1,1
noite_1,287,cw1,3,206.95,454.0,502.59,155,158,98.10126582278481,3.242516129032258,63,63,1,38,3,9
noite_1,287,cw13,3,205.65,448.0,499.43,155,158,98.10126582278481,3.2221290322580645,63,63,1,38,3,9
noite_1,287,multi,3,123.9,261.0,300.91,47,158,29.746835443037973,6.402340425531915,20,20,0,0,0,1
noite_1,288,cw1,3,187.4,410.0,455.12,155,158,98.10126582278481,2.936258064516129,66,66,1,42,3,7
noite_1,288,cw13,3,187.5,409.0,455.37,155,158,98.10126582278481,2.9378709677419357,66,66,1,42,3,7
noite_1,288,multi,3,107.0,233.0,259.86,49,158,31.0126582278481,5.303265306122449,25,25,0,0,0,1
noite_1,289,cw1,3,177.7,390.0,431.57,155,158,98.10126582278481,2.7843225806451612,68,68,1,44,3,8
noite_1,289,cw13,3,170.2,379.0,413.35,155,158,98.10126582278481,2.6667741935483873,68,68,1,44,3,8
noite_1,289,multi,2,84.8,185.0,205.95,54,158,34.177215189873415,3.8138888888888887,29,29,0,0,1,1
noite_1,290,cw1,4,200.55,430.0,487.05,158,158,100.0,3.082594936708861,60,60,1,35,3,3
noite_1,290,cw13,4,199.25,427.0,483.9,158,158,100.0,3.062658227848101,60,60,1,36,3,4
noite_1,290,multi,3,121.7,251.0,295.56,52,158,32.91139240506329,5.6838461538461535,29,29,0,0,1,2
noite_1,291,cw1,3,197.85,421.0,480.49,157,158,99.36708860759494,3.0604458598726114,59,59,2,46,3,4
noite_1,291,cw13,3,197.25,420.0,479.03,157,158,99.36708860759494,3.0511464968152864,59,59,2,46,3,4
noite_1,291,multi,3,97.1,204.0,235.82,39,158,24.68354430379747,6.046666666666667,21,21,0,0,0,0
noite_1,292,cw1,3,193.2,420.0,469.2,151,158,95.56962025316456,3.1072847682119202,61,61,1,37,3,7
noite_1,292,cw13,3,192.7,419.0,467.98,151,158,95.56962025316456,3.099205298013245,61,61,1,37,3,7
noite_1,292,multi,3,98.8,214.0,239.95,43,158,27.21518987341772,5.580232558139534,20,20,0,0,0,1
noite_1,293,cw1,4,187.1,396.0,454.4,157,158,99.36708860759494,2.8942675159235667,64,64,1,36,3,3
noite_1,293,cw13,4,186.75,393.0,453.54,157,158,99.36708860759494,2.8887898089171977,64,64,1,37,3,3
noite_1,293,multi,3,100.5,214.0,244.08,53,158,33.54430379746835,4.605283018867925,26,26,0,0,2,1
noite_1,294,cw1,3,185.7,408.0,450.99,158,158,100.0,2.854367088607595,75,75,1,49,3,7
noite_1,294,cw13,3,185.15,409.0,449.65,158,158,100.0,2.845886075949367,75,75,1,46,3,7
noite_1,294,multi,3,91.8,201.0,222.94,42,158,26.582278481012658,5.308095238095238,22,22,0,0,0,3
noite_1,295,cw1,4,199.5,423.0,484.51,154,158,97.46835443037975,3.146168831168831,48,54,0,34,3,5
noite_1,295,cw13,4,199.0,424.0,483.29,154,158,97.46835443037975,3.1382467532467535,48,54,0,34,3,5
noite_1,295,multi,3,110.6,228.0,268.61,62,158,39.24050632911393,4.33241935483871,34,34,0,0,0,1
noite_1,296,cw1,3,172.7,383.0,419.41,154,158,97.46835443037975,2.7234415584415586,67,67,1,42,3,6
noite_1,296,cw13,3,172.7,383.0,419.41,154,158,97.46835443037975,2.7234415584415586,67,67,1,42,3,6
noite_1,296,multi,2,76.7,157.0,186.27,44,158,27.848101265822784,4.233409090909091,30,30,0,0,0,0
noite_1,297,cw1,3,201.35,439.0,488.99,156,158,98.73417721518987,3.134551282051282,70,70,1,42,3,9
noite_1,297,cw13,3,199.85,437.0,485.35,156,158,98.73417721518987,3.111217948717949,70,70,1,45,3,9
noite_1,297,multi,3,117.7,252.0,285.85,43,158,27.21518987341772,6.647674418604652,25,25,0,0,0,1
noite_1,298,cw1,4,216.95,464.0,526.88,153,158,96.83544303797468,3.4436601307189543,57,57,1,29,3,5
noite_1,298,cw13,4,216.15,464.0,524.93,153,158,96.83544303797468,3.430915032679738,57,57,1,32,3,6
noite_1,298,multi,3,95.0,204.0,230.71,52,158,32.91139240506329,4.43673076923077,25,25,0,0,0,0
noite_1,299,cw1,3,171.6,377.0,416.75,156,158,98.73417721518987,2.671474358974359,69,69,1,45,3,6
noite_1,299,cw13,3,175.0,385.0,425.01,156,158,98.73417721518987,2.724423076923077,69,69,1,45,3,6
noite_1,299,multi,3,103.8,232.0,252.09,54,158,34.177215189873415,4.668333333333333,26,26,0,0,1,1
noite_1,300,cw1,3,201.15,437.0,488.51,156,158,98.73417721518987,3.131474358974359,63,63,1,39,3,8
noite_1,300,cw13,3,200.45,438.0,486.81,156,158,98.73417721518987,3.120576923076923,63,63,1,39,3,8
noite_1,300,multi,3,98.8,225.0,239.95,46,158,29.11392405063291,5.216304347826087,28,28,0,0,1,2
noite_1,301,cw1,3,199.45,436.0,484.38,157,158,99.36708860759494,3.0852229299363056,63,63,1,38,3,8
noite_1,301,cw13,3,198.85,439.0,482.92,157,158,99.36708860759494,3.075923566878981,63,63,1,38,3,8
noite_1,301,multi,3,107.5,230.0,261.07,48,158,30.379746835443036,5.438958333333333,21,21,0,0,0,1
noite_1,302,cw1,3,195.3,429.0,474.3,156,158,98.73417721518987,3.0403846153846152,61,61,1,37,3,9
noite_1,302,cw13,3,193.7,426.0,470.42,156,158,98.73417721518987,3.0155128205128205,61,61,1,37,3,9
noite_1,302,multi,3,106.2,229.0,257.92,52,158,32.91139240506329,4.96,25,25,0,0,1,2
noite_1,303,cw1,3,194.6,410.0,472.6,156,158,98.73417721518987,3.02948717948718,62,62,1,38,3,6
noite_1,303,cw13,3,194.6,410.0,472.6,156,158,98.73417721518987,3.02948717948718,62,62,1,38,3,6
noite_1,303,multi,3,112.5,227.0,273.22,52,158,32.91139240506329,5.2542307692307695,31,31,0,0,0,1
noite_1,304,cw1,3,170.8,375.0,414.8,156,158,98.73417721518987,2.658974358974359,70,70,1,44,3,6
noite_1,304,cw13,3,170.8,375.0,414.8,156,158,98.73417721518987,2.658974358974359,70,70,1,44,3,6
noite_1,304,multi,3,100.2,205.0,243.34,58,158,36.70886075949367,4.19551724137931,30,30,0,0,0,0
noite_1,305,cw1,3,193.6,419.0,470.18,156,158,98.73417721518987,3.013974358974359,67,67,1,42,3,7
noite_1,305,cw13,3,188.9,410.0,458.76,156,158,98.73417721518987,2.940769230769231,67,67,1,43,3,8
noite_1,305,multi,3,110.4,228.0,268.12,51,158,32.278481012658226,5.257254901960785,28,28,0,0,0,1
noite_1,306,cw1,4,212.55,455.0,516.2,156,158,98.73417721518987,3.308974358974359,61,61,1,34,3,6
noite_1,306,cw13,4,211.25,451.0,513.04,156,158,98.73417721518987,3.2887179487179483,61,61,1,35,3,7
noite_1,306,multi,3,114.2,237.0,277.34,50,158,31.645569620253166,5.546799999999999,25,25,0,0,1,0
noite_1,307,cw1,4,206.5,448.0,501.51,157,158,99.36708860759494,3.194331210191083,59,59,1,36,3,5
noite_1,307,cw13,4,206.1,447.0,500.54,157,158,99.36708860759494,3.188152866242038,59,59,1,36,3,5
noite_1,307,multi,3,115.7,257.0,280.98,51,158,32.278481012658226,5.509411764705883,25,25,0,0,1,2
noite_1,308,cw1,4,192.1,405.0,466.53,157,158,99.36708860759494,2.971528662420382,55,55,2,32,3,5
noite_1,308,cw13,4,191.2,400.0,464.34,157,158,99.36708860759494,2.9575796178343947,55,55,2,32,3,5
noite_1,308,multi,4,162.8,359.0,395.37,102,158,64.55696202531645,3.8761764705882356,48,48,0,12,2,9
noite_1,309,cw1,4,187.75,410.0,455.97,158,158,100.0,2.8858860759493674,61,61,1,36,3,5
noite_1,309,cw13,4,187.45,409.0,455.24,158,158,100.0,2.88126582278481,61,61,1,36,3,5
noite_1,309,multi,3,112.1,236.0,272.25,56,158,35.44303797468354,4.861607142857143,25,25,0,0,1,0
noite_1,310,cw1,3,203.95,443.0,495.31,156,158,98.73417721518987,3.1750641025641024,59,59,2,38,3,7
noite_1,310,cw13,3,203.45,442.0,494.09,156,158,98.73417721518987,3.1672435897435895,59,59,2,38,3,7
noite_1,310,multi,3,123.9,267.0,300.9,48,158,30.379746835443036,6.26875,21,21,0,0,2,1
noite_1,311,cw1,3,184.6,406.0,448.32,156,158,98.73417721518987,2.873846153846154,66,66,1,38,3,9
noite_1,311,cw13,3,182.8,402.0,443.95,156,158,98.73417721518987,2.845833333333333,66,66,1,39,3,9
noite_1,311,multi,2,79.5,169.0,193.08,46,158,29.11392405063291,4.197391304347827,23,23,0,0,0,2
noite_1,312,cw1,4,180.05,380.0,437.27,156,158,98.73417721518987,2.80301282051282,59,59,1,32,3,4
noite_1,312,cw13,4,179.15,377.0,435.08,156,158,98.73417721518987,2.7889743589743587,59,59,1,34,2,5
noite_1,312,multi,3,126.3,263.0,306.74,57,158,36.075949367088604,5.38140350877193,28,28,0,0,1,1
noite_1,313,cw1,3,184.65,404.0,448.44,158,158,100.0,2.838227848101266,67,67,1,42,3,5
noite_1,313,cw13,3,184.65,404.0,448.44,158,158,100.0,2.838227848101266,67,67,1,42,3,5
noite_1,313,multi,3,105.8,232.0,256.95,52,158,32.91139240506329,4.941346153846154,26,26,0,0,1,1
noite_1,314,cw1,3,191.5,409.0,465.07,155,158,98.10126582278481,3.000451612903226,75,75,1,49,3,6
noite_1,314,cw13,3,190.1,406.0,461.67,155,158,98.10126582278481,2.978516129032258,75,75,1,51,3,6
noite_1,314,multi,3,100.9,209.0,245.05,45,158,28.481012658227847,5.445555555555556,23,23,0,0,1,0
noite_1,315,cw1,3,207.3,453.0,503.45,158,158,100.0,3.186392405063291,69,69,1,45,3,9
noite_1,315,cw13,3,205.9,450.0,500.05,158,158,100.0,3.164873417721519,69,69,1,45,3,9
noite_1,315,multi,3,107.9,233.0,262.05,43,158,27.21518987341772,6.094186046511628,20,20,0,0,0,0
noite_1,316,cw1,4,201.9,428.0,490.33,157,158,99.36708860759494,3.12312101910828,59,59,1,35,3,5
noite_1,316,cw13,4,201.0,423.0,488.14,157,158,99.36708860759494,3.109171974522293,59,59,1,35,3,5
noite_1,316,multi,3,121.7,261.0,295.56,50,158,31.645569620253166,5.9112,22,22,0,0,1,1
noite_1,317,cw1,3,199.25,436.0,483.89,155,158,98.10126582278481,3.1218709677419354,56,56,2,40,3,8
noite_1,317,cw13,3,200.05,438.0,485.84,155,158,98.10126582278481,3.134451612903226,56,56,2,40,3,8
noite_1,317,multi,3,107.5,243.0,261.07,43,158,27.21518987341772,6.071395348837209,20,20,0,0,2,1
noite_1,318,cw1,3,190.0,409.0,461.43,157,158,99.36708860759494,2.9390445859872614,68,68,1,41,3,7
noite_1,318,cw13,3,189.4,411.0,459.97,157,158,99.36708860759494,2.9297452229299363,68,68,1,44,3,7
noite_1,318,multi,2,73.4,158.0,178.26,46,158,29.11392405063291,3.8752173913043477,27,27,0,0,0,1
noite_1,319,cw1,3,194.2,415.0,471.63,156,158,98.73417721518987,3.023269230769231,73,73,1,49,3,5
noite_1,319,cw13,3,190.85,409.0,463.5,156,158,98.73417721518987,2.9711538461538463,73,73,1,43,3,5
noite_1,319,multi,3,107.1,234.0,260.1,42,158,26.582278481012658,6.192857142857143,22,22,0,0,2,1
noite_1,320,cw1,4,201.75,433.0,489.97,156,158,98.73417721518987,3.1408333333333336,61,61,1,35,3,5
noite_1,320,cw13,4,199.15,427.0,483.65,156,158,98.73417721518987,3.1003205128205127,61,61,1,36,3,4
noite_1,320,multi,3,106.6,229.0,258.89,52,158,32.91139240506329,4.978653846153846,25,25,0,0,1,1
noite_1,321,cw1,3,198.95,435.0,483.17,154,158,97.46835443037975,3.1374675324675327,67,67,1,39,3,8
noite_1,321,cw13,3,198.15,434.0,481.22,154,158,97.46835443037975,3.124805194805195,67,67,1,43,3,8
noite_1,321,multi,3,130.0,274.0,315.72,45,158,28.481012658227847,7.016000000000001,19,19,0,0,2,1
noite_1,322,cw1,3,203.3,442.0,493.73,156,158,98.73417721518987,3.1649358974358974,65,65,2,42,3,6
noite_1,322,cw13,3,201.2,441.0,488.63,156,158,98.73417721518987,3.13224358974359,65,65,2,42,3,6
noite_1,322,multi,3,93.9,210.0,228.04,42,158,26.582278481012658,5.429523809523809,25,25,0,0,1,1
noite_1,323,cw1,3,199.4,440.0,484.26,158,158,100.0,3.0649367088607593,72,72,1,46,3,6
noite_1,323,cw13,3,196.2,433.0,476.5,158,158,100.0,3.0158227848101267,72,72,1,43,3,6
noite_1,323,multi,3,107.6,225.0,261.31,45,158,28.481012658227847,5.8068888888888885,25,25,0,0,1,0
noite_1,324,cw1,3,209.65,449.0,509.15,154,158,97.46835443037975,3.306168831168831,68,68,1,42,3,7
noite_1,324,cw13,3,209.05,452.0,507.69,154,158,97.46835443037975,3.2966883116883117,68,68,1,42,3,7
noite_1,324,multi,2,81.7,182.0,198.41,41,158,25.949367088607595,4.8392682926829265,22,22,0,0,1,3
noite_1,325,cw1,3,187.1,419.0,454.4,158,158,100.0,2.8759493670886074,71,71,1,47,3,5
noite_1,325,cw13,3,182.5,409.0,443.23,158,158,100.0,2.8052531645569623,71,71,1,47,3,5
noite_1,325,multi,3,116.8,265.0,283.66,53,158,33.54430379746835,5.352075471698114,24,24,0,0,1,2
noite_1,326,cw1,3,182.9,391.0,444.19,156,158,98.73417721518987,2.847371794871795,56,56,2,36,3,6
noite_1,326,cw13,3,182.3,390.0,442.74,156,158,98.73417721518987,2.838076923076923,56,56,2,36,3,6
noite_1,326,multi,3,109.9,225.0,266.9,48,158,30.379746835443036,5.560416666666666,24,24,0,0,1,1
noite_1,327,cw1,3,181.25,393.0,440.18,157,158,99.36708860759494,2.8036942675159238,70,70,1,46,3,6
noite_1,327,cw13,3,181.75,392.0,441.39,157,158,99.36708860759494,2.8114012738853504,70,70,1,46,3,6
noite_1,327,multi,3,88.6,205.0,215.18,54,158,34.177215189873415,3.984814814814815,26,26,0,0,0,1
noite_1,328,cw1,3,200.55,422.0,487.05,156,158,98.73417721518987,3.122115384615385,67,67,1,42,3,6
noite_1,328,cw13,3,200.05,421.0,485.83,156,158,98.73417721518987,3.1142948717948715,67,67,1,42,3,6
noite_1,328,multi,3,87.4,193.0,212.25,42,158,26.582278481012658,5.053571428571429,27,27,0,0,1,1
noite_1,329,cw1,4,202.4,437.0,491.54,153,158,96.83544303797468,3.2126797385620915,58,58,1,31,3,3
noite_1,329,cw13,4,203.2,442.0,493.49,153,158,96.83544303797468,3.225424836601307,58,58,1,31,3,4
noite_1,329,multi,2,85.4,187.0,207.4,56,158,35.44303797468354,3.7035714285714287,29,29,0,0,1,1
noite_1,330,cw1,3,184.9,398.0,449.04,158,158,100.0,2.8420253164556963,66,66,1,41,3,7
noite_1,330,cw13,3,184.4,399.0,447.83,158,158,100.0,2.834367088607595,66,66,1,41,3,7
noite_1,330,multi,3,106.9,228.0,259.62,46,158,29.11392405063291,5.643913043478261,23,23,0,0,1,1
noite_1,331,cw1,3,186.5,407.0,452.93,153,158,96.83544303797468,2.960326797385621,68,68,1,43,3,6
noite_1,331,cw13,3,185.9,408.0,451.48,153,158,96.83544303797468,2.9508496732026144,68,68,1,44,3,5
noite_1,331,multi,2,78.5,174.0,190.64,45,158,28.481012658227847,4.2364444444444445,22,22,0,0,1,2
noite_1,332,cw1,4,204.45,442.0,496.52,156,158,98.73417721518987,3.1828205128205127,53,53,1,27,3,4
noite_1,332,cw13,4,203.35,439.0,493.85,156,158,98.73417721518987,3.1657051282051283,53,53,1,27,3,4
noite_1,332,multi,3,105.2,215.0,255.48,57,158,36.075949367088604,4.482105263157894,25,25,0,0,0,0
noite_1,333,cw1,4,202.2,433.0,491.06,156,158,98.73417721518987,3.147820512820513,58,58,1,34,3,5
noite_1,333,cw13,4,202.3,432.0,491.31,156,158,98.73417721518987,3.149423076923077,58,58,1,34,3,5
noite_1,333,multi,3,125.2,273.0,304.06,57,158,36.075949367088604,5.334385964912281,21,26,0,0,2,11
noite_1,334,cw1,3,198.2,433.0,481.35,157,158,99.36708860759494,3.065923566878981,67,67,1,42,3,10
noite_1,334,cw13,3,196.7,431.0,477.71,157,158,99.36708860759494,3.0427388535031845,67,67,1,43,3,10
noite_1,334,multi,3,110.3,236.0,267.87,44,158,27.848101265822784,6.087954545454545,25,25,0,0,1,1
noite_1,335,cw1,3,188.55,399.0,457.91,157,158,99.36708860759494,2.916624203821656,61,61,1,39,3,6
noite_1,335,cw13,3,188.15,400.0,456.93,157,158,99.36708860759494,2.9103821656050957,61,61,1,39,3,6
noite_1,335,multi,2,93.2,184.0,226.35,48,158,30.379746835443036,4.715625,27,27,0,0,1,0
noite_1,336,cw1,3,198.0,428.0,480.86,156,158,98.73417721518987,3.0824358974358974,66,66,2,44,3,7
noite_1,336,cw13,3,197.5,429.0,479.65,156,158,98.73417721518987,3.074679487179487,66,66,2,44,3,7
noite_1,336,multi,2,77.8,170.0,188.94,40,158,25.31645569620253,4.7235,21,21,0,0,1,1
noite_1,337,cw1,3,183.35,393.0,445.28,156,158,98.73417721518987,2.8543589743589743,66,66,1,41,3,8
noite_1,337,cw13,3,183.75,396.0,446.25,156,158,98.73417721518987,2.860576923076923,66,66,1,41,3,8
noite_1,337,multi,3,106.3,221.0,258.16,60,158,37.9746835443038,4.302666666666667,29,29,0,0,1,1
noite_1,338,cw1,4,201.6,432.0,489.61,157,158,99.36708860759494,3.118535031847134,59,59,1,37,3,6
noite_1,338,cw13,4,199.0,427.0,483.29,157,158,99.36708860759494,3.07828025477707,59,59,1,37,3,5
noite_1,338,multi,3,131.5,275.0,319.36,54,158,34.177215189873415,5.914074074074074,30,30,0,0,1,1
noite_1,339,cw1,3,173.9,371.0,422.33,156,158,98.73417721518987,2.7072435897435896,70,70,1,45,3,7
noite_1,339,cw13,3,173.9,371.0,422.33,156,158,98.73417721518987,2.7072435897435896,70,70,1,45,3,7
noite_1,339,multi,3,121.0,262.0,293.86,86,158,54.43037974683544,3.4169767441860466,41,41,0,5,2,2
noite_1,340,cw1,3,187.9,406.0,456.33,155,158,98.10126582278481,2.944064516129032,71,71,1,47,3,8
noite_1,340,cw13,3,187.5,407.0,455.36,155,158,98.10126582278481,2.937806451612903,71,71,1,47,3,8
noite_1,340,multi,2,92.3,178.0,224.16,37,158,23.417721518987342,6.058378378378379,26,26,0,0,0,1
noite_1,341,cw1,3,198.9,432.0,483.06,155,158,98.10126582278481,3.116516129032258,69,69,1,45,3,7
noite_1,341,cw13,3,197.3,429.0,479.17,155,158,98.10126582278481,3.0914193548387097,69,69,1,45,3,7
noite_1,341,multi,3,114.4,240.0,277.84,43,158,27.21518987341772,6.4613953488372085,24,24,0,0,1,1
noite_1,342,cw1,4,211.95,454.0,514.74,158,158,100.0,3.257848101265823,57,58,1,32,3,7
noite_1,342,cw13,4,210.25,450.0,510.6,158,158,100.0,3.2316455696202535,57,57,1,32,3,6
noite_1,342,multi,3,107.1,237.0,260.1,60,158,37.9746835443038,4.335,33,33,0,0,0,1
noite_1,343,cw1,3,205.2,454.0,498.35,154,158,97.46835443037975,3.236038961038961,65,65,1,38,3,8
noite_1,343,cw13,3,203.6,452.0,494.46,154,158,97.46835443037975,3.2107792207792207,65,65,1,40,3,8
noite_1,343,multi,3,93.9,209.0,228.04,45,158,28.481012658227847,5.067555555555556,25,25,0,0,1,3
noite_1,344,cw1,3,174.85,380.0,424.64,156,158,98.73417721518987,2.722051282051282,72,72,1,48,3,6
noite_1,344,cw13,3,173.95,373.0,422.45,156,158,98.73417721518987,2.7080128205128204,72,72,1,48,3,6
noite_1,344,multi,3,96.5,195.0,234.36,45,158,28.481012658227847,5.208,26,26,0,0,0,0
noite_1,345,cw1,3,195.0,417.0,473.57,156,158,98.73417721518987,3.035705128205128,67,67,1,41,3,6
noite_1,345,cw13,3,192.9,415.0,468.47,156,158,98.73417721518987,3.003012820512821,67,67,1,41,3,6
noite_1,345,multi,3,95.0,198.0,230.72,43,158,27.21518987341772,5.365581395348837,22,22,0,0,0,1
noite_1,346,cw1,4,202.45,434.0,491.67,157,158,99.36708860759494,3.131656050955414,56,56,1,32,3,5
noite_1,346,cw13,4,201.95,430.0,490.45,157,158,99.36708860759494,3.123885350318471,56,56,1,32,3,5
noite_1,346,multi,3,94.1,204.0,228.53,59,158,37.34177215189873,3.8733898305084744,33,33,0,0,1,2
noite_1,347,cw1,3,191.0,414.0,463.86,156,158,98.73417721518987,2.9734615384615384,67,67,1,42,3,6
noite_1,347,cw13,3,190.3,413.0,462.16,156,158,98.73417721518987,2.9625641025641025,67,67,1,42,3,6
noite_1,347,multi,2,82.4,181.0,200.11,44,158,27.848101265822784,4.547954545454545,26,26,0,0,1,1
noite_1,348,cw1,4,221.6,469.0,538.17,158,158,100.0,3.4061392405063287,63,63,1,36,3,5
noite_1,348,cw13,4,220.15,474.0,534.65,158,158,100.0,3.383860759493671,63,63,1,35,3,4
noite_1,348,multi,3,123.9,254.0,300.9,55,158,34.81012658227848,5.470909090909091,26,26,0,0,1,1
noite_1,349,cw1,3,183.25,398.0,445.04,156,158,98.73417721518987,2.852820512820513,66,66,1,42,3,6
noite_1,349,cw13,3,183.25,398.0,445.04,156,158,98.73417721518987,2.852820512820513,66,66,1,42,3,6
noite_1,349,multi,2,78.9,162.0,191.61,46,158,29.11392405063291,4.165434782608696,29,29,0,0,0,2
noite_1,350,cw1,3,194.6,419.0,472.6,156,158,98.73417721518987,3.02948717948718,60,60,2,44,3,7
noite_1,350,cw13,3,193.3,413.0,469.44,156,158,98.73417721518987,3.0092307692307694,60,60,2,42,3,7
noite_1,350,multi,3,112.8,240.0,273.94,47,158,29.746835443037973,5.828510638297872,20,20,0,0,2,1
noite_1,351,cw1,3,202.1,439.0,490.83,155,158,98.10126582278481,3.1666451612903224,65,65,1,36,3,8
noite_1,351,cw13,3,203.1,444.0,493.25,155,158,98.10126582278481,3.182258064516129,65,65,1,38,3,7
noite_1,351,multi,3,123.8,265.0,300.66,47,158,29.746835443037973,6.397021276595745,23,23,0,0,1,1
noite_1,352,cw1,4,208.25,448.0,505.76,157,158,99.36708860759494,3.22140127388535,54,54,1,27,3,6
noite_1,352,cw13,4,205.65,441.0,499.44,157,158,99.36708860759494,3.1811464968152867,54,54,1,28,3,4
noite_1,352,multi,3,110.8,230.0,269.09,60,158,37.9746835443038,4.484833333333333,27,27,0,0,0,0
noite_1,353,cw1,3,199.85,437.0,485.35,157,158,99.36708860759494,3.0914012738853502,63,63,1,39,3,9
noite_1,353,cw13,3,197.75,434.0,480.25,157,158,99.36708860759494,3.0589171974522293,63,63,1,39,3,9
noite_1,353,multi,3,102.6,216.0,249.18,46,158,29.11392405063291,5.416956521739131,22,22,0,0,1,2
noite_1,354,cw1,3,204.0,443.0,495.44,155,158,98.10126582278481,3.1963870967741936,64,64,1,39,3,7
noite_1,354,cw13,3,202.4,441.0,491.55,155,158,98.10126582278481,3.1712903225806452,64,64,1,41,3,6
noite_1,354,multi,3,100.2,210.0,243.34,47,158,29.746835443037973,5.177446808510639,26,26,0,0,1,1
noite_1,355,cw1,4,195.2,426.0,474.06,157,158,99.36708860759494,3.019490445859873,57,57,1,38,3,3
noite_1,355,cw13,4,192.7,420.0,467.99,157,158,99.36708860759494,2.980828025477707,57,57,1,40,3,1
noite_1,355,multi,3,117.1,251.0,284.39,55,158,34.81012658227848,5.170727272727272,34,34,0,0,1,2
noite_1,356,cw1,3,168.9,373.0,410.19,155,158,98.10126582278481,2.6463870967741934,61,61,1,36,3,6
noite_1,356,cw13,3,168.5,371.0,409.22,155,158,98.10126582278481,2.6401290322580646,61,61,1,36,3,6
noite_1,356,multi,3,100.4,213.0,243.83,51,158,32.278481012658226,4.780980392156863,30,30,0,0,0,1
noite_1,357,cw1,3,192.8,412.0,468.23,157,158,99.36708860759494,2.9823566878980894,71,71,1,46,3,8
noite_1,357,cw13,3,191.2,411.0,464.34,157,158,99.36708860759494,2.9575796178343947,71,71,1,46,3,8
noite_1,357,multi,3,113.2,249.0,274.92,44,158,27.848101265822784,6.248181818181819,22,22,0,0,1,0
noite_1,358,cw1,3,190.6,411.0,462.89,157,158,99.36708860759494,2.948343949044586,73,73,1,49,3,5
noite_1,358,cw13,3,189.7,409.0,460.7,157,158,99.36708860759494,2.934394904458599,73,73,1,49,3,5
noite_1,358,multi,2,63.1,140.0,153.24,39,158,24.68354430379747,3.9292307692307693,24,24,0,0,0,1
noite_1,359,cw1,3,205.25,439.0,498.47,158,158,100.0,3.154873417721519,63,63,2,43,3,6
noite_1,359,cw13,3,203.15,437.0,493.37,158,158,100.0,3.1225949367088606,63,63,2,43,3,6
noite_1,359,multi,3,101.0,219.0,245.29,43,158,27.21518987341772,5.7044186046511625,26,26,0,0,0,1
noite_1,360,cw1,4,197.35,435.0,479.28,155,158,98.10126582278481,3.092129032258064,60,60,1,34,3,5
noite_1,360,cw13,4,196.65,434.0,477.58,155,158,98.10126582278481,3.0811612903225805,60,60,1,34,3,5
noite_1,360,multi,4,158.1,342.0,383.97,95,158,60.12658227848101,4.041789473684211,46,46,0,10,2,2
noite_1,361,cw1,3,205.6,448.0,499.32,157,158,99.36708860759494,3.1803821656050957,62,62,1,37,3,9
noite_1,361,cw13,3,204.2,445.0,495.92,157,158,99.36708860759494,3.1587261146496814,62,62,1,37,3,9
noite_1,361,multi,4,133.9,287.0,325.19,49,158,31.0126582278481,6.636530612244898,23,23,0,0,0,2
noite_1,362,cw1,3,210.3,449.0,510.73,156,158,98.73417721518987,3.2739102564102565,62,62,1,38,3,8
noite_1,362,cw13,3,208.7,448.0,506.85,156,158,98.73417721518987,3.2490384615384618,62,62,1,38,3,8
noite_1,362,multi,3,108.5,243.0,263.5,55,158,34.81012658227848,4.790909090909091,28,28,0,0,1,1
noite_1,363,cw1,3,206.25,443.0,500.9,154,158,97.46835443037975,3.2525974025974023,63,63,1,38,3,9
noite_1,363,cw13,3,204.65,441.0,497.01,154,158,97.46835443037975,3.2273376623376624,63,63,1,39,3,9
noite_1,363,multi,3,97.9,208.0,237.76,45,158,28.481012658227847,5.283555555555555,20,20,0,0,0,2
noite_1,364,cw1,3,194.8,417.0,473.09,158,158,100.0,2.9942405063291138,58,58,2,38,3,7
noite_1,364,cw13,3,194.2,416.0,471.63,158,158,100.0,2.985,58,58,2,38,3,7
noite_1,364,multi,3,108.7,227.0,264.0,48,158,30.379746835443036,5.5,24,24,0,0,1,2
noite_1,365,cw1,3,195.75,427.0,475.4,155,158,98.10126582278481,3.067096774193548,64,64,2,45,3,7
noite_1,365,cw13,3,189.05,417.0,459.13,155,158,98.10126582278481,2.9621290322580647,64,64,2,45,3,7
noite_1,365,multi,4,164.5,351.0,399.5,91,158,57.59493670886076,4.3901098901098905,48,48,0,12,1,10
noite_1,366,cw1,4,205.3,444.0,498.6,156,158,98.73417721518987,3.1961538461538463,59,59,1,35,3,4
noite_1,366,cw13,4,204.8,445.0,497.39,156,158,98.73417721518987,3.1883974358974356,59,59,1,35,3,4
noite_1,366,multi,3,116.7,250.0,283.41,49,158,31.0126582278481,5.783877551020408,19,19,0,0,1,0
noite_1,367,cw1,3,184.8,409.0,448.81,156,158,98.73417721518987,2.8769871794871795,71,71,1,46,3,4
noite_1,367,cw13,3,184.4,409.0,447.84,156,158,98.73417721518987,2.8707692307692305,71,71,1,44,3,5
noite_1,367,multi,3,110.4,239.0,268.11,42,158,26.582278481012658,6.383571428571429,26,26,0,0,0,2
noite_1,368,cw1,3,191.15,422.0,464.22,157,158,99.36708860759494,2.956815286624204,69,69,1,45,3,5
noite_1,368,cw13,3,191.15,422.0,464.22,157,158,99.36708860759494,2.956815286624204,69,69,1,45,3,5
noite_1,368,multi,3,100.6,210.0,244.32,51,158,32.278481012658226,4.790588235294117,34,34,0,0,0,3
noite_1,369,cw1,4,202.55,431.0,491.91,155,158,98.10126582278481,3.1736129032258065,58,58,1,32,3,5
noite_1,369,cw13,4,202.05,427.0,490.69,155,158,98.10126582278481,3.165741935483871,58,58,1,32,3,5
noite_1,369,multi,3,114.0,238.0,276.86,57,158,36.075949367088604,4.857192982456141,26,26,0,0,0,2
noite_1,370,cw1,4,214.05,459.0,519.84,157,158,99.36708860759494,3.3110828025477708,52,56,2,34,3,6
noite_1,370,cw13,4,213.15,456.0,517.66,157,158,99.36708860759494,3.297197452229299,52,56,2,34,3,6
noite_1,370,multi,3,107.7,229.0,261.56,56,158,35.44303797468354,4.670714285714285,33,33,0,0,0,2
noite_1,371,cw1,3,176.5,389.0,428.64,158,158,100.0,2.712911392405063,71,71,1,46,3,7
noite_1,371,cw13,3,177.7,397.0,431.55,158,158,100.0,2.7313291139240508,71,71,1,47,3,6
noite_1,371,multi,2,78.7,166.0,191.13,48,158,30.379746835443036,3.981875,28,28,0,0,0,3
noite_1,372,cw1,3,190.6,409.0,462.89,156,158,98.73417721518987,2.96724358974359,69,69,1,44,3,7
noite_1,372,cw13,3,190.4,409.0,462.4,156,158,98.73417721518987,2.964102564102564,69,69,1,44,3,7
noite_1,372,multi,3,94.1,191.0,228.53,48,158,30.379746835443036,4.761041666666666,24,24,0,0,0,0
noite_1,373,cw1,4,199.85,430.0,485.36,157,158,99.36708860759494,3.0914649681528665,61,61,1,34,3,5
noite_1,373,cw13,4,210.85,454.0,512.07,157,158,99.36708860759494,3.2615923566878986,61,61,1,33,4,4
noite_1,373,multi,3,119.2,253.0,289.49,54,158,34.177215189873415,5.360925925925926,24,24,0,0,0,1
noite_1,374,cw1,3,200.3,441.0,486.45,157,158,99.36708860759494,3.0984076433121017,68,68,1,44,3,8
noite_1,374,cw13,3,200.4,440.0,486.69,157,158,99.36708860759494,3.0999363057324842,68,68,1,44,3,8
noite_1,374,multi,3,102.1,228.0,247.96,46,158,29.11392405063291,5.390434782608696,23,23,0,0,0,1
noite_1,375,cw1,3,192.75,425.0,468.11,157,158,99.36708860759494,2.9815923566878983,62,62,2,47,3,4
noite_1,375,cw13,3,184.75,405.0,448.68,157,158,99.36708860759494,2.8578343949044585,62,62,2,47,3,4
noite_1,375,multi,3,106.0,214.0,257.44,38,158,24.050632911392405,6.774736842105263,21,21,0,0,1,1
noite_1,376,cw1,3,187.55,409.0,455.49,155,158,98.10126582278481,2.9386451612903226,63,63,1,35,3,5
noite_1,376,cw13,3,186.75,408.0,453.54,155,158,98.10126582278481,2.926064516129032,63,63,1,38,3,4
noite_1,376,multi,3,105.3,222.0,255.73,50,158,31.645569620253166,5.114599999999999,24,24,0,0,0,0
noite_1,377,cw1,4,223.9,478.0,543.77,155,158,98.10126582278481,3.5081935483870965,60,60,1,32,3,6
noite_1,377,cw13,4,223.5,479.0,542.79,155,158,98.10126582278481,3.5018709677419353,60,60,1,32,3,6
noite_1,377,multi,3,93.8,204.0,227.8,54,158,34.177215189873415,4.218518518518518,22,22,0,0,0,2
noite_1,378,cw1,3,190.3,411.0,462.16,156,158,98.73417721518987,2.9625641025641025,64,64,1,36,3,6
noite_1,378,cw13,3,178.5,380.0,433.51,156,158,98.73417721518987,2.7789102564102564,64,64,1,38,3,6
noite_1,378,multi,3,91.2,183.0,221.49,55,158,34.81012658227848,4.0270909090909095,25,25,0,0,0,0
noite_1,379,cw1,3,189.05,410.0,459.12,157,158,99.36708860759494,2.9243312101910828,67,67,1,41,3,7
noite_1,379,cw13,3,188.35,411.0,457.42,157,158,99.36708860759494,2.913503184713376,67,67,1,41,3,7
noite_1,379,multi,3,112.7,236.0,273.71,47,158,29.746835443037973,5.823617021276595,21,21,0,0,1,1
noite_1,380,cw1,3,188.05,412.0,456.7,154,158,97.46835443037975,2.9655844155844155,61,61,1,37,3,4
noite_1,380,cw13,3,182.95,398.0,444.32,154,158,97.46835443037975,2.8851948051948053,61,61,1,37,3,4
noite_1,380,multi,3,104.0,221.0,252.58,49,158,31.0126582278481,5.15469387755102,26,26,0,0,1,1
noite_1,381,cw1,3,189.45,405.0,460.1,156,158,98.73417721518987,2.9493589743589745,68,68,1,43,3,6
noite_1,381,cw13,3,188.45,401.0,457.66,156,158,98.73417721518987,2.9337179487179488,68,68,1,44,3,6
noite_1,381,multi,3,104.8,220.0,254.51,46,158,29.11392405063291,5.532826086956521,28,28,0,0,2,1
noite_1,382,cw1,4,201.35,423.0,489.0,156,158,98.73417721518987,3.1346153846153846,54,54,2,34,3,4
noite_1,382,cw13,4,200.95,422.0,488.03,156,158,98.73417721518987,3.1283974358974356,54,54,2,34,3,4
noite_1,382,multi,3,111.4,246.0,270.54,52,158,32.91139240506329,5.202692307692308,32,32,0,0,0,1
noite_1,383,cw1,4,200.85,426.0,487.79,158,158,100.0,3.0872784810126586,61,61,1,36,2,4
noite_1,383,cw13,4,201.75,427.0,489.97,158,158,100.0,3.1010759493670887,61,61,1,36,2,4
noite_1,383,multi,3,109.7,234.0,266.42,53,158,33.54430379746835,5.026792452830189,31,31,0,0,1,1
noite_1,384,cw1,3,190.95,416.0,463.74,157,158,99.36708860759494,2.9537579617834395,70,70,1,42,3,7
noite_1,384,cw13,3,189.0,414.0,459.0,157,158,99.36708860759494,2.9235668789808917,70,70,1,41,3,8
noite_1,384,multi,3,110.5,227.0,268.37,48,158,30.379746835443036,5.5910416666666665,23,23,0,0,0,0
noite_1,385,cw1,4,186.55,412.0,453.06,152,158,96.20253164556962,2.9806578947368423,50,50,1,28,3,6
noite_1,385,cw13,4,185.65,409.0,450.87,152,158,96.20253164556962,2.96625,50,50,1,28,3,6
noite_1,385,multi,3,108.5,226.0,263.51,57,158,36.075949367088604,4.622982456140351,29,29,0,0,1,2
noite_1,386,cw1,3,192.95,412.0,468.59,156,158,98.73417721518987,3.0037820512820512,62,62,2,41,3,6
noite_1,386,cw13,3,192.45,411.0,467.38,156,158,98.73417721518987,2.996025641025641,62,62,2,41,3,6
noite_1,386,multi,2,72.3,164.0,175.59,43,158,27.21518987341772,4.083488372093023,28,28,0,0,0,1
noite_1,387,cw1,3,176.4,386.0,428.41,156,158,98.73417721518987,2.7462179487179488,74,74,1,49,3,5
noite_1,387,cw13,3,177.1,387.0,430.11,156,158,98.73417721518987,2.7571153846153846,74,74,1,49,3,5
noite_1,387,multi,3,89.6,196.0,217.59,46,158,29.11392405063291,4.730217391304348,23,23,0,0,0,1
noite_1,388,cw1,3,203.4,437.0,493.97,156,158,98.73417721518987,3.166474358974359,71,71,1,45,3,7
noite_1,388,cw13,3,200.65,438.0,487.29,156,158,98.73417721518987,3.123653846153846,71,71,1,43,3,7
noite_1,388,multi,3,120.2,259.0,291.92,44,158,27.848101265822784,6.634545454545455,19,19,0,0,1,1
noite_1,389,cw1,3,204.3,435.0,496.16,157,158,99.36708860759494,3.160254777070064,65,65,1,38,3,7
noite_1,389,cw13,3,203.5,434.0,494.22,157,158,99.36708860759494,3.147898089171975,65,65,1,43,3,7
noite_1,389,multi,3,110.8,243.0,269.09,48,158,30.379746835443036,5.606041666666666,27,27,0,0,1,2
noite_1,390,cw1,4,217.25,476.0,527.61,156,158,98.73417721518987,3.3821153846153846,53,53,1,28,3,5
noite_1,390,cw13,4,214.55,472.0,521.06,156,158,98.73417721518987,3.3401282051282046,53,53,1,27,3,6
noite_1,390,multi,3,101.3,210.0,246.01,62,158,39.24050632911393,3.9679032258064515,27,27,0,0,1,1
noite_1,391,cw1,3,199.85,433.0,485.35,156,158,98.73417721518987,3.111217948717949,60,60,1,36,3,8
noite_1,391,cw13,3,196.95,427.0,478.31,156,158,98.73417721518987,3.0660897435897434,60,60,1,36,3,8
noite_1,391,multi,3,129.1,276.0,313.53,96,158,60.75949367088607,3.2659374999999997,48,48,0,12,1,3
noite_1,392,cw1,4,194.95,423.0,473.45,156,158,98.73417721518987,3.0349358974358975,59,59,1,34,3,5
noite_1,392,cw13,4,194.55,422.0,472.48,156,158,98.73417721518987,3.028717948717949,59,59,1,34,3,5
noite_1,392,multi,3,103.1,227.0,250.39,52,158,32.91139240506329,4.815192307692308,27,27,0,0,1,1
noite_1,393,cw1,3,200.75,433.0,487.53,156,158,98.73417721518987,3.1251923076923074,66,66,1,40,3,6
noite_1,393,cw13,3,200.85,432.0,487.78,156,158,98.73417721518987,3.1267948717948717,66,66,1,40,3,6
noite_1,393,multi,3,100.8,212.0,244.8,48,158,30.379746835443036,5.1000000000000005,24,24,0,0,1,1
noite_1,394,cw1,3,189.85,410.0,461.07,156,158,98.73417721518987,2.955576923076923,73,73,1,46,3,7
noite_1,394,cw13,3,189.85,408.0,461.07,156,158,98.73417721518987,2.955576923076923,73,73,1,46,3,7
noite_1,394,multi,3,95.7,199.0,232.42,44,158,27.848101265822784,5.282272727272727,28,28,0,0,0,2
noite_1,395,cw1,4,208.8,444.0,507.09,155,158,98.10126582278481,3.271548387096774,59,59,1,34,3,4
noite_1,395,cw13,4,206.85,445.0,502.35,155,158,98.10126582278481,3.240967741935484,59,59,1,31,3,6
noite_1,395,multi,3,109.9,232.0,266.9,54,158,34.177215189873415,4.942592592592592,26,26,0,0,1,1
noite_1,396,cw1,3,187.2,411.0,454.63,154,158,97.46835443037975,2.952142857142857,71,71,1,47,3,6
noite_1,396,cw13,3,186.2,407.0,452.2,154,158,97.46835443037975,2.9363636363636365,71,71,1,47,3,6
noite_1,396,multi,3,119.1,257.0,289.24,43,158,27.21518987341772,6.7265116279069765,19,19,0,0,1,0
noite_1,397,cw1,4,193.8,412.0,470.65,156,158,98.73417721518987,3.016987179487179,57,57,1,33,3,3
noite_1,397,cw13,4,193.4,411.0,469.68,156,158,98.73417721518987,3.0107692307692306,57,57,1,33,3,3
noite_1,397,multi,3,97.6,212.0,237.03,55,158,34.81012658227848,4.309636363636364,26,26,0,0,1,1
noite_1,398,cw1,3,188.1,399.0,456.82,152,158,96.20253164556962,3.005394736842105,67,67,1,40,3,6
noite_1,398,cw13,3,182.45,397.0,443.1,152,158,96.20253164556962,2.9151315789473684,67,67,1,36,3,6
noite_1,398,multi,3,136.65,299.0,331.87,85,158,53.79746835443038,3.904352941176471,48,48,0,12,2,1
noite_1,399,cw1,3,204.7,438.0,497.13,155,158,98.10126582278481,3.2072903225806453,72,72,1,45,3,7
noite_1,399,cw13,3,204.7,436.0,497.13,155,158,98.10126582278481,3.2072903225806453,72,72,1,45,3,7
noite_1,399,multi,3,105.9,218.0,257.19,49,158,31.0126582278481,5.248775510204082,23,23,0,0,0,1
noite_2,0,cw1,2,77.35,188.0,187.85,59,61,96.72131147540983,3.1838983050847456,34,64,0,0,1,5
noite_2,0,cw13,2,77.35,188.0,187.85,59,61,96.72131147540983,3.1838983050847456,34,64,0,0,1,5
noite_2,0,multi,2,60.1,147.0,145.95,38,61,62.295081967213115,3.84078947368421,33,33,0,0,0,1
noite_2,1,cw1,2,75.35,183.0,183.0,59,61,96.72131147540983,3.1016949152542375,34,60,0,0,1,2
noite_2,1,cw13,2,75.35,183.0,183.0,59,61,96.72131147540983,3.1016949152542375,34,60,0,0,1,2
noite_2,1,multi,3,80.15,192.0,194.66,59,61,96.72131147540983,3.299322033898305,34,34,0,0,0,2
noite_2,2,cw1,2,74.45,179.0,180.81,61,61,100.0,2.9640983606557376,42,73,0,6,1,3
noite_2,2,cw13,2,74.45,179.0,180.81,61,61,100.0,2.9640983606557376,42,73,0,6,1,3
noite_2,2,multi,3,85.35,204.0,207.28,61,61,100.0,3.398032786885246,42,42,0,6,1,2
noite_2,3,cw1,2,69.95,173.0,169.88,57,61,93.44262295081967,2.9803508771929823,29,53,0,0,0,2
noite_2,3,cw13,2,69.95,173.0,169.88,57,61,93.44262295081967,2.9803508771929823,29,53,0,0,0,2
noite_2,3,multi,2,69.95,173.0,169.88,57,61,93.44262295081967,2.9803508771929823,29,29,0,0,0,2
noite_2,4,cw1,2,71.15,174.0,172.79,59,61,96.72131147540983,2.92864406779661,34,61,0,0,0,3
noite_2,4,cw13,2,71.15,174.0,172.79,59,61,96.72131147540983,2.92864406779661,34,61,0,0,0,3
noite_2,4,multi,3,79.75,191.0,193.67,59,61,96.72131147540983,3.282542372881356,32,32,0,0,0,1
noite_2,5,cw1,2,73.3,178.0,178.01,60,61,98.36065573770492,2.966833333333333,39,72,0,3,0,3
noite_2,5,cw13,2,73.3,178.0,178.01,60,61,98.36065573770492,2.966833333333333,39,72,0,3,0,3
noite_2,5,multi,2,73.3,178.0,178.01,60,61,98.36065573770492,2.966833333333333,39,39,0,3,0,2
noite_2,6,cw1,2,71.25,174.0,173.04,56,61,91.80327868852459,3.09,33,59,0,0,1,3
noite_2,6,cw13,2,71.25,174.0,173.04,56,61,91.80327868852459,3.09,33,59,0,0,1,3
noite_2,6,multi,2,43.85,106.0,106.49,36,61,59.01639344262295,2.958055555555555,31,31,0,0,0,0
noite_2,7,cw1,2,75.25,182.0,182.75,59,61,96.72131147540983,3.097457627118644,40,71,0,4,1,4
noite_2,7,cw13,2,75.25,182.0,182.75,59,61,96.72131147540983,3.097457627118644,40,71,0,4,1,4
noite_2,7,multi,3,99.65,240.0,242.0,59,61,96.72131147540983,4.101694915254237,37,37,0,1,1,2
noite_2,8,cw1,2,75.95,186.0,184.46,58,61,95.08196721311475,3.180344827586207,33,61,0,0,1,4
noite_2,8,cw13,2,75.95,186.0,184.46,58,61,95.08196721311475,3.180344827586207,33,61,0,0,1,4
noite_2,8,multi,3,79.85,194.0,193.92,58,61,95.08196721311475,3.3434482758620687,33,33,0,0,0,2
noite_2,9,cw1,2,68.05,169.0,165.26,61,61,100.0,2.7091803278688524,34,61,0,0,0,3
noite_2,9,cw13,2,68.05,169.0,165.26,61,61,100.0,2.7091803278688524,34,61,0,0,0,3
noite_2,9,multi,2,71.55,178.0,173.76,61,61,100.0,2.8485245901639344,37,37,0,1,0,2
noite_2,10,cw1,2,70.45,172.0,171.09,60,61,98.36065573770492,2.8515,36,66,0,0,1,3
noite_2,10,cw13,2,70.45,172.0,171.09,60,61,98.36065573770492,2.8515,36,66,0,0,1,3
noite_2,10,multi,2,47.2,112.0,114.63,39,61,63.9344262295082,2.939230769230769,33,33,0,0,0,1
noite_2,11,cw1,2,75.3,181.0,182.88,60,61,98.36065573770492,3.048,37,66,0,1,1,1
noite_2,11,cw13,2,75.3,181.0,182.88,60,61,98.36065573770492,3.048,37,66,0,1,1,1
noite_2,11,multi,3,80.65,191.0,195.87,60,61,98.36065573770492,3.2645,37,37,0,1,0,1
noite_2,12,cw1,2,74.85,182.0,181.78,59,61,96.72131147540983,3.0810169491525423,29,56,0,0,1,4
noite_2,12,cw13,2,74.85,182.0,181.78,59,61,96.72131147540983,3.0810169491525423,29,56,0,0,1,4
noite_2,12,multi,3,76.15,182.0,184.94,59,61,96.72131147540983,3.1345762711864404,30,30,0,0,0,2
noite_2,13,cw1,2,79.9,190.0,194.05,58,61,95.08196721311475,3.345689655172414,32,64,0,0,1,3
noite_2,13,cw13,2,79.9,190.0,194.05,58,61,95.08196721311475,3.345689655172414,32,64,0,0,1,3
noite_2,13,multi,3,96.6,232.0,234.6,58,61,95.08196721311475,4.044827586206896,34,34,0,0,1,2
noite_2,14,cw1,2,69.05,169.0,167.69,60,61,98.36065573770492,2.7948333333333335,36,36,0,0,0,2
noite_2,14,cw13,2,69.05,169.0,167.69,60,61,98.36065573770492,2.7948333333333335,36,36,0,0,0,2
noite_2,14,multi,2,69.05,169.0,167.69,60,61,98.36065573770492,2.7948333333333335,36,36,0,0,0,1
noite_2,15,cw1,2,67.7,161.0,164.42,58,61,95.08196721311475,2.834827586206896,30,30,0,0,0,2
noite_2,15,cw13,2,67.7,161.0,164.42,58,61,95.08196721311475,2.834827586206896,30,30,0,0,0,2
noite_2,15,multi,2,72.0,175.0,174.86,58,61,95.08196721311475,3.0148275862068967,30,30,0,0,0,1
noite_2,16,cw1,2,69.8,170.0,169.52,59,61,96.72131147540983,2.873220338983051,38,67,0,2,0,1
noite_2,16,cw13,2,69.8,170.0,169.52,59,61,96.72131147540983,2.873220338983051,38,67,0,2,0,1
noite_2,16,multi,2,69.25,169.0,168.18,59,61,96.72131147540983,2.850508474576271,38,38,0,2,0,1
noite_2,17,cw1,2,73.25,178.0,177.89,61,61,100.0,2.916229508196721,37,69,0,1,0,2
noite_2,17,cw13,2,73.25,178.0,177.89,61,61,100.0,2.916229508196721,37,69,0,1,0,2
noite_2,17,multi,2,71.75,174.0,174.25,61,61,100.0,2.8565573770491803,37,37,0,1,0,1
noite_2,18,cw1,2,71.55,166.0,173.77,59,61,96.72131147540983,2.9452542372881356,33,33,0,0,0,0
noite_2,18,cw13,2,71.55,166.0,173.77,59,61,96.72131147540983,2.9452542372881356,33,33,0,0,0,0
noite_2,18,multi,2,74.25,177.0,180.32,59,61,96.72131147540983,3.0562711864406777,36,36,0,0,0,1
noite_2,19,cw1,2,75.4,183.0,183.12,61,61,100.0,3.0019672131147543,29,56,0,0,1,5
noite_2,19,cw13,2,75.4,183.0,183.12,61,61,100.0,3.0019672131147543,29,56,0,0,1,5
noite_2,19,multi,2,55.75,131.0,135.4,32,61,52.459016393442624,4.23125,29,29,0,0,0,1
noite_2,20,cw1,2,75.9,183.0,184.33,61,61,100.0,3.021803278688525,39,74,0,3,1,2
noite_2,20,cw13,2,75.9,183.0,184.33,61,61,100.0,3.021803278688525,39,74,0,3,1,2
noite_2,20,multi,3,79.55,191.0,193.2,61,61,100.0,3.167213114754098,37,37,0,1,0,0
noite_2,21,cw1,2,76.1,186.0,184.82,61,61,100.0,3.0298360655737704,38,72,0,2,1,3
noite_2,21,cw13,2,76.1,186.0,184.82,61,61,100.0,3.0298360655737704,38,72,0,2,1,3
noite_2,21,multi,2,72.2,177.0,175.34,61,61,100.0,2.8744262295081966,36,36,0,0,0,2
noite_2,22,cw1,2,68.15,164.0,165.51,58,61,95.08196721311475,2.8536206896551723,30,60,0,0,0,2
noite_2,22,cw13,2,68.15,164.0,165.51,58,61,95.08196721311475,2.8536206896551723,30,60,0,0,0,2
noite_2,22,multi,3,80.25,193.0,194.89,58,61,95.08196721311475,3.3601724137931033,30,30,0,0,1,0
noite_2,23,cw1,2,77.5,189.0,188.22,58,61,95.08196721311475,3.2451724137931035,39,74,0,3,1,4
noite_2,23,cw13,2,77.5,189.0,188.22,58,61,95.08196721311475,3.2451724137931035,39,74,0,3,1,4
noite_2,23,multi,3,79.2,189.0,192.35,58,61,95.08196721311475,3.3163793103448276,37,37,0,1,0,1
noite_2,24,cw1,2,73.9,178.0,179.48,60,61,98.36065573770492,2.991333333333333,35,65,0,0,1,3
noite_2,24,cw13,2,73.9,178.0,179.48,60,61,98.36065573770492,2.991333333333333,35,65,0,0,1,3
noite_2,24,multi,2,73.8,180.0,179.23,60,61,98.36065573770492,2.9871666666666665,34,34,0,0,0,1
noite_2,25,cw1,2,78.3,186.0,190.16,61,61,100.0,3.1173770491803277,30,47,0,0,1,4
noite_2,25,cw13,2,78.3,186.0,190.16,61,61,100.0,3.1173770491803277,30,47,0,0,1,4
noite_2,25,multi,2,67.55,166.0,164.05,61,61,100.0,2.6893442622950823,32,32,0,0,0,1
noite_2,26,cw1,2,68.7,168.0,166.85,58,61,95.08196721311475,2.8767241379310344,39,39,0,3,0,1
noite_2,26,cw13,2,68.7,168.0,166.85,58,61,95.08196721311475,2.8767241379310344,39,39,0,3,0,1
noite_2,26,multi,2,68.15,167.0,165.51,58,61,95.08196721311475,2.8536206896551723,39,39,0,3,0,1
noite_2,27,cw1,2,70.2,169.0,170.49,58,61,95.08196721311475,2.9394827586206898,38,66,0,2,0,3
noite_2,27,cw13,2,70.2,169.0,170.49,58,61,95.08196721311475,2.9394827586206898,38,66,0,2,0,3
noite_2,27,multi,3,73.9,182.0,179.47,58,61,95.08196721311475,3.094310344827586,37,37,0,1,0,1
noite_2,28,cw1,2,71.7,174.0,174.13,61,61,100.0,2.854590163934426,37,64,0,1,1,4
noite_2,28,cw13,2,71.7,174.0,174.13,61,61,100.0,2.854590163934426,37,64,0,1,1,4
noite_2,28,multi,2,75.35,177.0,183.0,61,61,100.0,3.0,33,33,0,0,0,1
noite_2,29,cw1,2,81.35,195.0,197.56,61,61,100.0,3.238688524590164,30,55,0,0,1,5
noite_2,29,cw13,2,81.35,195.0,197.56,61,61,100.0,3.238688524590164,30,55,0,0,1,5
noite_2,29,multi,3,85.75,198.0,208.25,61,61,100.0,3.4139344262295084,29,29,0,0,0,2
noite_2,30,cw1,2,70.9,175.0,172.19,59,61,96.72131147540983,2.9184745762711866,39,73,0,3,1,4
noite_2,30,cw13,2,70.9,175.0,172.19,59,61,96.72131147540983,2.9184745762711866,39,73,0,3,1,4
noite_2,30,multi,2,71.1,174.0,172.68,59,61,96.72131147540983,2.9267796610169494,39,39,0,3,0,2
noite_2,31,cw1,2,66.95,163.0,162.59,58,61,95.08196721311475,2.8032758620689657,32,32,0,0,0,1
noite_2,31,cw13,2,66.95,163.0,162.59,58,61,95.08196721311475,2.8032758620689657,32,32,0,0,0,1
noite_2,31,multi,2,74.25,181.0,180.32,58,61,95.08196721311475,3.108965517241379,33,33,0,0,1,2
noite_2,32,cw1,2,78.7,187.0,191.13,58,61,95.08196721311475,3.2953448275862067,36,64,0,0,1,3
noite_2,32,cw13,2,78.7,187.0,191.13,58,61,95.08196721311475,3.2953448275862067,36,64,0,0,1,3
noite_2,32,multi,2,73.7,178.0,178.99,58,61,95.08196721311475,3.086034482758621,35,35,0,0,0,1
noite_2,33,cw1,2,70.4,170.0,170.97,57,61,93.44262295081967,2.9994736842105265,28,50,0,0,0,1
noite_2,33,cw13,2,70.4,170.0,170.97,57,61,93.44262295081967,2.9994736842105265,28,50,0,0,0,1
noite_2,33,multi,2,74.4,180.0,180.69,57,61,93.44262295081967,3.17,28,28,0,0,1,0
noite_2,34,cw1,2,71.25,171.0,173.04,59,61,96.72131147540983,2.9328813559322033,35,70,0,0,0,1
noite_2,34,cw13,2,71.25,171.0,173.04,59,61,96.72131147540983,2.9328813559322033,35,70,0,0,0,1
noite_2,34,multi,2,72.6,174.0,176.31,59,61,96.72131147540983,2.988305084745763,36,36,0,0,0,1
noite_2,35,cw1,2,69.2,169.0,168.06,60,61,98.36065573770492,2.801,35,70,0,0,1,1
noite_2,35,cw13,2,69.2,169.0,168.06,60,61,98.36065573770492,2.801,35,70,0,0,1,1
noite_2,35,multi,2,39.85,102.0,96.78,39,61,63.9344262295082,2.4815384615384617,37,37,0,1,0,1
noite_2,36,cw1,2,73.05,177.0,177.41,58,61,95.08196721311475,3.058793103448276,39,68,0,3,0,3
noite_2,36,cw13,2,73.05,177.0,177.41,58,61,95.08196721311475,3.058793103448276,39,68,0,3,0,3
noite_2,36,multi,2,73.95,181.0,179.6,58,61,95.08196721311475,3.096551724137931,39,39,0,3,1,2
noite_2,37,cw1,2,71.05,174.0,172.56,60,61,98.36065573770492,2.876,33,60,0,0,0,3
noite_2,37,cw13,2,71.05,174.0,172.56,60,61,98.36065573770492,2.876,33,60,0,0,0,3
noite_2,37,multi,2,70.05,176.0,170.13,60,61,98.36065573770492,2.8355,32,32,0,0,0,1
noite_2,38,cw1,2,73.2,178.0,177.78,59,61,96.72131147540983,3.013220338983051,34,64,0,0,0,3
noite_2,38,cw13,2,73.2,178.0,177.78,59,61,96.72131147540983,3.013220338983051,34,64,0,0,0,3
noite_2,38,multi,2,45.2,110.0,109.77,36,61,59.01639344262295,3.0491666666666664,34,34,0,0,0,1
noite_2,39,cw1,2,65.25,156.0,158.47,60,61,98.36065573770492,2.6411666666666664,34,34,0,0,0,1
noite_2,39,cw13,2,65.25,156.0,158.47,60,61,98.36065573770492,2.6411666666666664,34,34,0,0,0,1
noite_2,39,multi,2,70.25,163.0,170.61,60,61,98.36065573770492,2.8435,35,35,0,0,0,1
noite_2,40,cw1,2,74.85,182.0,181.78,57,61,93.44262295081967,3.1891228070175437,28,50,0,0,1,3
noite_2,40,cw13,2,74.85,182.0,181.78,57,61,93.44262295081967,3.1891228070175437,28,50,0,0,1,3
noite_2,40,multi,2,73.95,175.0,179.6,57,61,93.44262295081967,3.150877192982456,29,29,0,0,0,2
noite_2,41,cw1,2,66.9,162.0,162.48,60,61,98.36065573770492,2.7079999999999997,31,31,0,0,0,1
noite_2,41,cw13,2,66.9,162.0,162.48,60,61,98.36065573770492,2.7079999999999997,31,31,0,0,0,1
noite_2,41,multi,2,66.9,162.0,162.48,60,61,98.36065573770492,2.7079999999999997,31,31,0,0,0,1
noite_2,42,cw1,2,72.65,171.0,176.43,56,61,91.80327868852459,3.150535714285714,30,30,0,0,1,2
noite_2,42,cw13,2,72.65,171.0,176.43,56,61,91.80327868852459,3.150535714285714,30,30,0,0,1,2
noite_2,42,multi,2,67.75,165.0,164.53,56,61,91.80327868852459,2.9380357142857143,29,29,0,0,0,1
noite_2,43,cw1,2,69.7,173.0,169.27,56,61,91.80327868852459,3.0226785714285715,30,54,0,0,1,2
noite_2,43,cw13,2,69.7,173.0,169.27,56,61,91.80327868852459,3.0226785714285715,30,54,0,0,1,2
noite_2,43,multi,2,57.6,136.0,139.89,36,61,59.01639344262295,3.885833333333333,32,32,0,0,0,1
noite_2,44,cw1,2,76.2,185.0,185.06,58,61,95.08196721311475,3.190689655172414,32,58,0,0,1,5
noite_2,44,cw13,2,76.2,185.0,185.06,58,61,95.08196721311475,3.190689655172414,32,58,0,0,1,5
noite_2,44,multi,3,82.0,199.0,199.14,58,61,95.08196721311475,3.4334482758620686,31,31,0,0,0,2
noite_2,45,cw1,2,75.1,184.0,182.38,57,61,93.44262295081967,3.1996491228070174,38,70,0,2,1,4
noite_2,45,cw13,2,75.1,184.0,182.38,57,61,93.44262295081967,3.1996491228070174,38,70,0,2,1,4
noite_2,45,multi,2,75.5,181.0,183.36,57,61,93.44262295081967,3.216842105263158,38,38,0,2,1,2
noite_2,46,cw1,2,69.65,168.0,169.15,59,61,96.72131147540983,2.866949152542373,36,65,0,0,0,4
noite_2,46,cw13,2,69.65,168.0,169.15,59,61,96.72131147540983,2.866949152542373,36,65,0,0,0,4
noite_2,46,multi,2,72.45,176.0,175.95,59,61,96.72131147540983,2.9822033898305085,34,34,0,0,0,0
noite_2,47,cw1,2,75.75,182.0,183.96,61,61,100.0,3.015737704918033,34,64,0,0,1,3
noite_2,47,cw13,2,75.75,182.0,183.96,61,61,100.0,3.015737704918033,34,64,0,0,1,3
noite_2,47,multi,2,57.6,137.0,139.88,36,61,59.01639344262295,3.8855555555555554,33,33,0,0,0,1
noite_2,48,cw1,2,68.75,171.0,166.96,56,61,91.80327868852459,2.9814285714285718,38,68,0,2,0,3
noite_2,48,cw13,2,68.75,171.0,166.96,56,61,91.80327868852459,2.9814285714285718,38,68,0,2,0,3
noite_2,48,multi,2,68.2,170.0,165.63,56,61,91.80327868852459,2.957678571428571,38,38,0,2,0,2
noite_2,49,cw1,2,67.6,164.0,164.17,58,61,95.08196721311475,2.8305172413793103,42,82,0,6,0,1
noite_2,49,cw13,2,67.6,164.0,164.17,58,61,95.08196721311475,2.8305172413793103,42,82,0,6,0,1
noite_2,49,multi,2,65.0,160.0,157.86,58,61,95.08196721311475,2.7217241379310346,42,42,0,6,0,1
noite_2,50,cw1,2,70.75,171.0,171.82,60,61,98.36065573770492,2.8636666666666666,38,71,0,2,1,4
noite_2,50,cw13,2,70.75,171.0,171.82,60,61,98.36065573770492,2.8636666666666666,38,71,0,2,1,4
noite_2,50,multi,2,71.75,169.0,174.25,60,61,98.36065573770492,2.904166666666667,37,37,0,1,0,2
noite_2,51,cw1,2,74.65,182.0,181.3,59,61,96.72131147540983,3.0728813559322035,30,60,0,0,1,3
noite_2,51,cw13,2,74.65,182.0,181.3,59,61,96.72131147540983,3.0728813559322035,30,60,0,0,1,3
noite_2,51,multi,3,83.45,198.0,202.67,59,61,96.72131147540983,3.435084745762712,30,30,0,0,1,1
noite_2,52,cw1,2,72.55,176.0,176.2,60,61,98.36065573770492,2.9366666666666665,35,70,0,0,0,4
noite_2,52,cw13,2,72.55,176.0,176.2,60,61,98.36065573770492,2.9366666666666665,35,70,0,0,0,4
noite_2,52,multi,3,82.65,201.0,200.72,60,61,98.36065573770492,3.3453333333333335,36,36,0,0,1,2
noite_2,53,cw1,2,71.25,174.0,173.04,61,61,100.0,2.8367213114754097,40,69,0,4,0,3
noite_2,53,cw13,2,71.25,174.0,173.04,61,61,100.0,2.8367213114754097,40,69,0,4,0,3
noite_2,53,multi,2,70.15,175.0,170.37,61,61,100.0,2.7929508196721313,37,37,0,1,0,2
noite_2,54,cw1,2,77.05,186.0,187.12,58,61,95.08196721311475,3.2262068965517243,30,51,0,0,1,3
noite_2,54,cw13,2,77.05,186.0,187.12,58,61,95.08196721311475,3.2262068965517243,30,51,0,0,1,3
noite_2,54,multi,3,78.25,187.0,190.04,58,61,95.08196721311475,3.276551724137931,29,29,0,0,0,2
noite_2,55,cw1,2,71.1,171.0,172.68,59,61,96.72131147540983,2.9267796610169494,39,73,0,3,0,4
noite_2,55,cw13,2,71.1,171.0,172.68,59,61,96.72131147540983,2.9267796610169494,39,73,0,3,0,4
noite_2,55,multi,2,70.2,172.0,170.48,59,61,96.72131147540983,2.8894915254237286,38,38,0,2,0,2
noite_2,56,cw1,2,74.4,179.0,180.69,58,61,95.08196721311475,3.115344827586207,29,54,0,0,1,3
noite_2,56,cw13,2,74.4,179.0,180.69,58,61,95.08196721311475,3.115344827586207,29,54,0,0,1,3
noite_2,56,multi,3,87.7,205.0,212.99,58,61,95.08196721311475,3.672241379310345,29,29,0,0,1,2
noite_2,57,cw1,2,71.65,170.0,174.01,58,61,95.08196721311475,3.0001724137931034,32,32,0,0,1,2
noite_2,57,cw13,2,71.65,170.0,174.01,58,61,95.08196721311475,3.0001724137931034,32,32,0,0,1,2
noite_2,57,multi,2,45.8,110.0,111.23,35,61,57.377049180327866,3.178,34,34,0,0,0,1
noite_2,58,cw1,2,70.5,175.0,171.21,56,61,91.80327868852459,3.0573214285714285,35,61,0,0,1,3
noite_2,58,cw13,2,70.5,175.0,171.21,56,61,91.80327868852459,3.0573214285714285,35,61,0,0,1,3
noite_2,58,multi,2,63.2,147.0,153.49,41,61,67.21311475409836,3.7436585365853663,36,36,0,0,0,1
noite_2,59,cw1,2,77.4,184.0,187.97,54,61,88.52459016393442,3.4809259259259258,35,65,0,0,1,3
noite_2,59,cw13,2,77.4,184.0,187.97,54,61,88.52459016393442,3.4809259259259258,35,65,0,0,1,3
noite_2,59,multi,2,70.2,169.0,170.48,54,61,88.52459016393442,3.157037037037037,35,35,0,0,0,1
noite_2,60,cw1,2,68.0,163.0,165.15,57,61,93.44262295081967,2.8973684210526316,29,29,0,0,0,1
noite_2,60,cw13,2,68.0,163.0,165.15,57,61,93.44262295081967,2.8973684210526316,29,29,0,0,0,1
noite_2,60,multi,2,75.3,180.0,182.87,57,61,93.44262295081967,3.208245614035088,28,28,0,0,0,1
noite_2,61,cw1,2,65.85,159.0,159.93,60,61,98.36065573770492,2.6655,42,42,0,6,0,1
noite_2,61,cw13,2,65.85,159.0,159.93,60,61,98.36065573770492,2.6655,42,42,0,6,0,1
noite_2,61,multi,2,68.55,169.0,166.48,60,61,98.36065573770492,2.7746666666666666,42,42,0,6,0,0
noite_2,62,cw1,2,70.25,176.0,170.61,57,61,93.44262295081967,2.9931578947368425,31,59,0,0,1,4
noite_2,62,cw13,2,70.25,176.0,170.61,57,61,93.44262295081967,2.9931578947368425,31,59,0,0,1,4
noite_2,62,multi,3,78.9,195.0,191.62,57,61,93.44262295081967,3.3617543859649124,33,33,0,0,0,2
noite_2,63,cw1,2,65.75,163.0,159.68,60,61,98.36065573770492,2.6613333333333333,40,68,0,4,0,3
noite_2,63,cw13,2,65.75,163.0,159.68,60,61,98.36065573770492,2.6613333333333333,40,68,0,4,0,3
noite_2,63,multi,2,66.85,168.0,162.35,60,61,98.36065573770492,2.705833333333333,39,39,0,3,1,2
noite_2,64,cw1,2,68.35,163.0,165.99,60,61,98.36065573770492,2.7665,35,35,0,0,1,1
noite_2,64,cw13,2,68.35,163.0,165.99,60,61,98.36065573770492,2.7665,35,35,0,0,1,1
noite_2,64,multi,2,70.45,167.0,171.1,60,61,98.36065573770492,2.8516666666666666,35,35,0,0,0,1
noite_2,65,cw1,2,73.8,177.0,179.23,60,61,98.36065573770492,2.9871666666666665,30,55,0,0,1,3
noite_2,65,cw13,2,73.8,177.0,179.23,60,61,98.36065573770492,2.9871666666666665,30,55,0,0,1,3
noite_2,65,multi,2,78.35,183.0,190.28,60,61,98.36065573770492,3.1713333333333336,30,30,0,0,1,2
noite_2,66,cw1,2,69.05,166.0,167.69,56,61,91.80327868852459,2.994464285714286,29,58,0,0,1,1
noite_2,66,cw13,2,69.05,166.0,167.69,56,61,91.80327868852459,2.994464285714286,29,58,0,0,1,1
noite_2,66,multi,3,76.25,189.0,185.17,56,61,91.80327868852459,3.3066071428571426,30,30,0,0,0,1
noite_2,67,cw1,2,68.8,168.0,167.09,61,61,100.0,2.7391803278688527,32,61,0,0,0,3
noite_2,67,cw13,2,68.8,168.0,167.09,61,61,100.0,2.7391803278688527,32,61,0,0,0,3
noite_2,67,multi,2,72.15,176.0,175.23,61,61,100.0,2.872622950819672,32,32,0,0,0,1
noite_2,68,cw1,2,73.3,176.0,178.01,61,61,100.0,2.9181967213114755,39,78,0,3,1,3
noite_2,68,cw13,2,73.3,176.0,178.01,61,61,100.0,2.9181967213114755,39,78,0,3,1,3
noite_2,68,multi,3,82.9,198.0,201.33,61,61,100.0,3.3004918032786885,40,40,0,4,1,2
noite_2,69,cw1,2,76.9,182.0,186.76,60,61,98.36065573770492,3.1126666666666667,33,33,0,0,1,2
noite_2,69,cw13,2,76.9,182.0,186.76,60,61,98.36065573770492,3.1126666666666667,33,33,0,0,1,2
noite_2,69,multi,2,42.65,98.0,103.58,36,61,59.01639344262295,2.877222222222222,33,33,0,0,0,0
noite_2,70,cw1,2,78.45,186.0,190.52,59,61,96.72131147540983,3.2291525423728817,37,64,0,1,1,1
noite_2,70,cw13,2,78.45,186.0,190.52,59,61,96.72131147540983,3.2291525423728817,37,64,0,1,1,1
noite_2,70,multi,2,73.85,180.0,179.35,59,61,96.72131147540983,3.039830508474576,37,37,0,1,0,1
noite_2,71,cw1,2,71.05,173.0,172.55,57,61,93.44262295081967,3.0271929824561408,32,61,0,0,0,4
noite_2,71,cw13,2,71.05,173.0,172.55,57,61,93.44262295081967,3.0271929824561408,32,61,0,0,0,4
noite_2,71,multi,2,66.05,164.0,160.41,57,61,93.44262295081967,2.8142105263157893,32,32,0,0,0,1
noite_2,72,cw1,2,74.35,178.0,180.57,58,61,95.08196721311475,3.1132758620689653,30,49,0,0,0,2
noite_2,72,cw13,2,74.35,178.0,180.57,58,61,95.08196721311475,3.1132758620689653,30,49,0,0,0,2
noite_2,72,multi,3,78.05,191.0,189.55,58,61,95.08196721311475,3.268103448275862,30,30,0,0,0,1
noite_2,73,cw1,2,65.7,158.0,159.56,58,61,95.08196721311475,2.751034482758621,38,71,0,2,0,3
noite_2,73,cw13,2,65.7,158.0,159.56,58,61,95.08196721311475,2.751034482758621,38,71,0,2,0,3
noite_2,73,multi,2,66.4,160.0,161.26,58,61,95.08196721311475,2.7803448275862066,38,38,0,2,0,1
noite_2,74,cw1,2,69.6,169.0,169.03,59,61,96.72131147540983,2.864915254237288,34,34,0,0,1,1
noite_2,74,cw13,2,69.6,169.0,169.03,59,61,96.72131147540983,2.864915254237288,34,34,0,0,1,1
noite_2,74,multi,1,34.25,87.0,83.18,27,61,44.26229508196721,3.080740740740741,27,27,0,0,0,1
noite_2,75,cw1,2,71.4,174.0,173.41,59,61,96.72131147540983,2.9391525423728813,33,58,0,0,1,2
noite_2,75,cw13,2,71.4,174.0,173.41,59,61,96.72131147540983,2.9391525423728813,33,58,0,0,1,2
noite_2,75,multi,3,80.55,192.0,195.62,59,61,96.72131147540983,3.3155932203389833,30,30,0,0,0,1
noite_2,76,cw1,2,74.7,178.0,181.42,58,61,95.08196721311475,3.127931034482758,31,62,0,0,1,2
noite_2,76,cw13,2,74.7,178.0,181.42,58,61,95.08196721311475,3.127931034482758,31,62,0,0,1,2
noite_2,76,multi,3,86.9,207.0,211.04,58,61,95.08196721311475,3.6386206896551725,33,33,0,0,1,2
noite_2,77,cw1,2,75.2,179.0,182.63,59,61,96.72131147540983,3.095423728813559,39,74,0,3,1,3
noite_2,77,cw13,2,75.2,179.0,182.63,59,61,96.72131147540983,3.095423728813559,39,74,0,3,1,3
noite_2,77,multi,2,71.15,173.0,172.8,59,61,96.72131147540983,2.928813559322034,38,38,0,2,0,1
noite_2,78,cw1,2,69.5,174.0,168.79,59,61,96.72131147540983,2.8608474576271186,36,66,0,0,1,2
noite_2,78,cw13,2,69.5,174.0,168.79,59,61,96.72131147540983,2.8608474576271186,36,66,0,0,1,2
noite_2,78,multi,3,71.7,177.0,174.14,59,61,96.72131147540983,2.9515254237288135,36,36,0,0,0,2
noite_2,79,cw1,2,70.8,170.0,171.95,60,61,98.36065573770492,2.8658333333333332,32,46,0,0,0,3
noite_2,79,cw13,2,70.8,170.0,171.95,60,61,98.36065573770492,2.8658333333333332,32,46,0,0,0,3
noite_2,79,multi,2,70.6,172.0,171.46,60,61,98.36065573770492,2.857666666666667,32,32,0,0,0,2
noite_2,80,cw1,2,71.25,169.0,173.04,57,61,93.44262295081967,3.0357894736842104,33,66,0,0,0,3
noite_2,80,cw13,2,71.25,169.0,173.04,57,61,93.44262295081967,3.0357894736842104,33,66,0,0,0,3
noite_2,80,multi,2,67.45,166.0,163.81,57,61,93.44262295081967,2.873859649122807,34,34,0,0,0,2
noite_2,81,cw1,2,67.8,165.0,164.66,57,61,93.44262295081967,2.8887719298245615,29,52,0,0,0,3
noite_2,81,cw13,2,67.8,165.0,164.66,57,61,93.44262295081967,2.8887719298245615,29,52,0,0,0,3
noite_2,81,multi,2,63.8,161.0,154.94,57,61,93.44262295081967,2.7182456140350877,27,27,0,0,0,2
noite_2,82,cw1,2,75.3,182.0,182.88,59,61,96.72131147540983,3.0996610169491525,34,68,0,0,1,4
noite_2,82,cw13,2,75.3,182.0,182.88,59,61,96.72131147540983,3.0996610169491525,34,68,0,0,1,4
noite_2,82,multi,2,57.4,135.0,139.4,39,61,63.9344262295082,3.5743589743589745,35,35,0,0,0,1
noite_2,83,cw1,2,76.05,181.0,184.69,58,61,95.08196721311475,3.184310344827586,38,70,0,2,1,1
noite_2,83,cw13,2,76.05,181.0,184.69,58,61,95.08196721311475,3.184310344827586,38,70,0,2,1,1
noite_2,83,multi,2,71.3,173.0,173.16,58,61,95.08196721311475,2.98551724137931,38,38,0,2,0,1
noite_2,84,cw1,2,70.85,168.0,172.07,55,61,90.1639344262295,3.1285454545454545,30,60,0,0,0,2
noite_2,84,cw13,2,70.85,168.0,172.07,55,61,90.1639344262295,3.1285454545454545,30,60,0,0,0,2
noite_2,84,multi,2,71.45,171.0,173.53,55,61,90.1639344262295,3.155090909090909,31,31,0,0,0,2
noite_2,85,cw1,2,71.3,171.0,173.16,57,61,93.44262295081967,3.037894736842105,29,29,0,0,1,3
noite_2,85,cw13,2,71.3,171.0,173.16,57,61,93.44262295081967,3.037894736842105,29,29,0,0,1,3
noite_2,85,multi,3,79.3,189.0,192.59,57,61,93.44262295081967,3.3787719298245613,30,30,0,0,0,2
noite_2,86,cw1,2,69.7,171.0,169.27,60,61,98.36065573770492,2.821166666666667,34,64,0,0,0,3
noite_2,86,cw13,2,69.7,171.0,169.27,60,61,98.36065573770492,2.821166666666667,34,64,0,0,0,3
noite_2,86,multi,2,67.9,166.0,164.9,60,61,98.36065573770492,2.7483333333333335,32,32,0,0,0,1
noite_2,87,cw1,2,67.5,166.0,163.94,58,61,95.08196721311475,2.826551724137931,30,51,0,0,0,2
noite_2,87,cw13,2,67.5,166.0,163.94,58,61,95.08196721311475,2.826551724137931,30,51,0,0,0,2
noite_2,87,multi,2,67.5,166.0,163.94,58,61,95.08196721311475,2.826551724137931,30,30,0,0,0,2
noite_2,88,cw1,2,76.6,184.0,186.03,59,61,96.72131147540983,3.153050847457627,33,59,0,0,1,3
noite_2,88,cw13,2,76.6,184.0,186.03,59,61,96.72131147540983,3.153050847457627,33,59,0,0,1,3
noite_2,88,multi,3,82.0,198.0,199.14,59,61,96.72131147540983,3.3752542372881353,32,32,0,0,0,2
noite_2,89,cw1,2,73.05,176.0,177.41,61,61,100.0,2.908360655737705,37,70,0,1,1,2
noite_2,89,cw13,2,73.05,176.0,177.41,61,61,100.0,2.908360655737705,37,70,0,1,1,2
noite_2,89,multi,2,76.05,178.0,184.7,61,61,100.0,3.027868852459016,35,35,0,0,1,1
noite_2,90,cw1,2,73.25,176.0,177.9,60,61,98.36065573770492,2.9650000000000003,34,68,0,0,1,3
noite_2,90,cw13,2,73.25,176.0,177.9,60,61,98.36065573770492,2.9650000000000003,34,68,0,0,1,3
noite_2,90,multi,2,75.6,183.0,183.6,60,61,98.36065573770492,3.06,36,36,0,0,1,1
noite_2,91,cw1,2,76.1,183.0,184.82,59,61,96.72131147540983,3.132542372881356,33,64,0,0,1,4
noite_2,91,cw13,2,76.1,183.0,184.82,59,61,96.72131147540983,3.132542372881356,33,64,0,0,1,4
noite_2,91,multi,3,93.4,223.0,226.84,59,61,96.72131147540983,3.8447457627118644,33,33,0,0,1,2
noite_2,92,cw1,2,69.75,175.0,169.39,57,61,93.44262295081967,2.9717543859649123,37,66,0,1,1,3
noite_2,92,cw13,2,69.75,175.0,169.39,57,61,93.44262295081967,2.9717543859649123,37,66,0,1,1,3
noite_2,92,multi,2,65.1,159.0,158.1,57,61,93.44262295081967,2.7736842105263158,33,33,0,0,0,1
noite_2,93,cw1,2,68.1,166.0,165.39,57,61,93.44262295081967,2.901578947368421,30,60,0,0,0,2
noite_2,93,cw13,2,68.1,166.0,165.39,57,61,93.44262295081967,2.901578947368421,30,60,0,0,0,2
noite_2,93,multi,2,72.55,179.0,176.2,57,61,93.44262295081967,3.0912280701754384,32,32,0,0,0,2
noite_2,94,cw1,2,71.85,174.0,174.5,58,61,95.08196721311475,3.0086206896551726,30,60,0,0,0,2
noite_2,94,cw13,2,71.85,174.0,174.5,58,61,95.08196721311475,3.0086206896551726,30,60,0,0,0,2
noite_2,94,multi,2,73.6,180.0,178.74,58,61,95.08196721311475,3.0817241379310345,33,33,0,0,0,1
noite_2,95,cw1,2,78.0,189.0,189.44,61,61,100.0,3.1055737704918034,32,62,0,0,1,5
noite_2,95,cw13,2,78.0,189.0,189.44,61,61,100.0,3.1055737704918034,32,62,0,0,1,5
noite_2,95,multi,3,98.3,238.0,238.73,61,61,100.0,3.913606557377049,32,32,0,0,1,2
noite_2,96,cw1,2,64.7,157.0,157.13,59,61,96.72131147540983,2.663220338983051,37,62,0,1,0,3
noite_2,96,cw13,2,64.7,157.0,157.13,59,61,96.72131147540983,2.663220338983051,37,62,0,1,0,3
noite_2,96,multi,2,65.3,160.0,158.58,59,61,96.72131147540983,2.687796610169492,35,35,0,0,0,1
noite_2,97,cw1,2,76.05,186.0,184.69,58,61,95.08196721311475,3.184310344827586,35,66,0,0,1,4
noite_2,97,cw13,2,76.05,186.0,184.69,58,61,95.08196721311475,3.184310344827586,35,66,0,0,1,4
noite_2,97,multi,2,56.4,134.0,136.97,37,61,60.65573770491803,3.7018918918918917,35,35,0,0,0,1
noite_2,98,cw1,2,72.9,177.0,177.05,61,61,100.0,2.902459016393443,39,78,0,3,1,3
noite_2,98,cw13,2,72.9,177.0,177.05,61,61,100.0,2.902459016393443,39,78,0,3,1,3
noite_2,98,multi,3,90.0,211.0,218.57,61,61,100.0,3.5831147540983603,41,41,0,5,1,2
noite_2,99,cw1,2,75.05,181.0,182.27,59,61,96.72131147540983,3.089322033898305,31,48,0,0,1,4
noite_2,99,cw13,2,75.05,181.0,182.27,59,61,96.72131147540983,3.089322033898305,31,48,0,0,1,4
noite_2,99,multi,3,79.75,188.0,193.68,59,61,96.72131147540983,3.28271186440678,29,29,0,0,0,2
noite_2,100,cw1,2,73.65,180.0,178.86,60,61,98.36065573770492,2.9810000000000003,33,63,0,0,1,3
noite_2,100,cw13,2,73.65,180.0,178.86,60,61,98.36065573770492,2.9810000000000003,33,63,0,0,1,3
noite_2,100,multi,2,71.85,177.0,174.49,60,61,98.36065573770492,2.908166666666667,33,33,0,0,0,2
noite_2,101,cw1,2,74.4,180.0,180.69,59,61,96.72131147540983,3.062542372881356,33,62,0,0,1,2
noite_2,101,cw13,2,74.4,180.0,180.69,59,61,96.72131147540983,3.062542372881356,33,62,0,0,1,2
noite_2,101,multi,2,72.65,179.0,176.44,59,61,96.72131147540983,2.9905084745762713,32,32,0,0,0,1
noite_2,102,cw1,2,76.1,181.0,184.82,58,61,95.08196721311475,3.186551724137931,30,60,0,0,1,2
noite_2,102,cw13,2,76.1,181.0,184.82,58,61,95.08196721311475,3.186551724137931,30,60,0,0,1,2
noite_2,102,multi,3,88.4,212.0,214.68,58,61,95.08196721311475,3.701379310344828,31,31,0,0,2,2
noite_2,103,cw1,2,75.6,185.0,183.6,57,61,93.44262295081967,3.221052631578947,40,75,0,4,1,2
noite_2,103,cw13,2,75.6,185.0,183.6,57,61,93.44262295081967,3.221052631578947,40,75,0,4,1,2
noite_2,103,multi,2,75.75,186.0,183.96,57,61,93.44262295081967,3.2273684210526317,40,40,0,4,1,2
noite_2,104,cw1,2,77.35,183.0,187.85,60,61,98.36065573770492,3.1308333333333334,40,68,0,4,1,4
noite_2,104,cw13,2,77.35,183.0,187.85,60,61,98.36065573770492,3.1308333333333334,40,68,0,4,1,4
noite_2,104,multi,2,73.25,178.0,177.89,60,61,98.36065573770492,2.964833333333333,36,36,0,0,0,2
noite_2,105,cw1,2,74.25,179.0,180.32,58,61,95.08196721311475,3.108965517241379,34,67,0,0,1,4
noite_2,105,cw13,2,74.25,179.0,180.32,58,61,95.08196721311475,3.108965517241379,34,67,0,0,1,4
noite_2,105,multi,2,72.75,177.0,176.68,58,61,95.08196721311475,3.046206896551724,34,34,0,0,1,2
noite_2,106,cw1,2,72.6,179.0,176.32,59,61,96.72131147540983,2.9884745762711864,29,56,0,0,1,5
noite_2,106,cw13,2,72.6,179.0,176.32,59,61,96.72131147540983,2.9884745762711864,29,56,0,0,1,5
noite_2,106,multi,3,79.1,196.0,192.1,59,61,96.72131147540983,3.2559322033898304,29,29,0,0,0,2
noite_2,107,cw1,2,73.6,182.0,178.74,56,61,91.80327868852459,3.1917857142857144,31,59,0,0,1,3
noite_2,107,cw13,2,73.6,182.0,178.74,56,61,91.80327868852459,3.1917857142857144,31,59,0,0,1,3
noite_2,107,multi,3,79.9,200.0,194.04,56,61,91.80327868852459,3.465,31,31,0,0,1,2
noite_2,108,cw1,2,75.85,181.0,184.21,57,61,93.44262295081967,3.2317543859649125,32,63,0,0,1,3
noite_2,108,cw13,2,75.85,181.0,184.21,57,61,93.44262295081967,3.2317543859649125,32,63,0,0,1,3
noite_2,108,multi,2,71.55,174.0,173.77,57,61,93.44262295081967,3.0485964912280705,32,32,0,0,0,2
noite_2,109,cw1,2,64.85,156.0,157.49,58,61,95.08196721311475,2.715344827586207,33,33,0,0,0,1
noite_2,109,cw13,2,64.85,156.0,157.49,58,61,95.08196721311475,2.715344827586207,33,33,0,0,0,1
noite_2,109,multi,2,72.45,173.0,175.95,58,61,95.08196721311475,3.033620689655172,38,38,0,2,1,1
noite_2,110,cw1,2,72.1,177.0,175.1,59,61,96.72131147540983,2.9677966101694913,29,56,0,0,1,2
noite_2,110,cw13,2,72.1,177.0,175.1,59,61,96.72131147540983,2.9677966101694913,29,56,0,0,1,2
noite_2,110,multi,2,76.0,185.0,184.57,59,61,96.72131147540983,3.1283050847457625,30,30,0,0,1,2
noite_2,111,cw1,2,71.5,177.0,173.65,59,61,96.72131147540983,2.943220338983051,38,73,0,2,0,3
noite_2,111,cw13,2,71.5,177.0,173.65,59,61,96.72131147540983,2.943220338983051,38,73,0,2,0,3
noite_2,111,multi,2,72.15,177.0,175.23,59,61,96.72131147540983,2.9699999999999998,38,38,0,2,0,2
noite_2,112,cw1,2,70.75,173.0,171.82,56,61,91.80327868852459,3.068214285714286,41,80,0,5,0,4
noite_2,112,cw13,2,70.75,173.0,171.82,56,61,91.80327868852459,3.068214285714286,41,80,0,5,0,4
noite_2,112,multi,3,76.85,186.0,186.64,56,61,91.80327868852459,3.3328571428571427,40,40,0,4,0,1
noite_2,113,cw1,2,68.55,168.0,166.48,55,61,90.1639344262295,3.0269090909090908,31,62,0,0,0,2
noite_2,113,cw13,2,68.55,168.0,166.48,55,61,90.1639344262295,3.0269090909090908,31,62,0,0,0,2
noite_2,113,multi,2,70.6,175.0,171.46,55,61,90.1639344262295,3.1174545454545455,32,32,0,0,1,2
noite_2,114,cw1,2,70.25,173.0,170.61,55,61,90.1639344262295,3.1020000000000003,30,54,0,0,0,1
noite_2,114,cw13,2,70.25,173.0,170.61,55,61,90.1639344262295,3.1020000000000003,30,54,0,0,0,1
noite_2,114,multi,2,70.25,173.0,170.61,55,61,90.1639344262295,3.1020000000000003,30,30,0,0,0,1
noite_2,115,cw1,2,74.65,177.0,181.29,59,61,96.72131147540983,3.0727118644067795,41,74,0,5,0,3
noite_2,115,cw13,2,74.65,177.0,181.29,59,61,96.72131147540983,3.0727118644067795,41,74,0,5,0,3
noite_2,115,multi,2,73.75,179.0,179.11,59,61,96.72131147540983,3.035762711864407,40,40,0,4,0,1
noite_2,116,cw1,2,76.4,184.0,185.55,61,61,100.0,3.041803278688525,39,71,0,3,1,3
noite_2,116,cw13,2,76.4,184.0,185.55,61,61,100.0,3.041803278688525,39,71,0,3,1,3
noite_2,116,multi,3,81.9,197.0,198.9,61,61,100.0,3.2606557377049183,39,39,0,3,0,2
noite_2,117,cw1,2,77.55,184.0,188.34,58,61,95.08196721311475,3.2472413793103447,30,60,0,0,1,3
noite_2,117,cw13,2,77.55,184.0,188.34,58,61,95.08196721311475,3.2472413793103447,30,60,0,0,1,3
noite_2,117,multi,3,87.45,201.0,212.38,58,61,95.08196721311475,3.6617241379310346,32,32,0,0,1,2
noite_2,118,cw1,2,74.55,179.0,181.06,59,61,96.72131147540983,3.068813559322034,36,72,0,0,1,2
noite_2,118,cw13,2,74.55,179.0,181.06,59,61,96.72131147540983,3.068813559322034,36,72,0,0,1,2
noite_2,118,multi,2,72.85,178.0,176.92,59,61,96.72131147540983,2.9986440677966097,37,37,0,1,0,2
noite_2,119,cw1,2,69.2,167.0,168.06,61,61,100.0,2.7550819672131146,38,76,0,2,0,1
noite_2,119,cw13,2,69.2,167.0,168.06,61,61,100.0,2.7550819672131146,38,76,0,2,0,1
noite_2,119,multi,2,74.6,182.0,181.17,61,61,100.0,2.9699999999999998,38,38,0,2,1,0
noite_2,120,cw1,2,72.05,177.0,174.98,60,61,98.36065573770492,2.916333333333333,35,64,0,0,0,4
noite_2,120,cw13,2,72.05,177.0,174.98,60,61,98.36065573770492,2.916333333333333,35,64,0,0,0,4
noite_2,120,multi,2,69.75,169.0,169.39,60,61,98.36065573770492,2.8231666666666664,32,32,0,0,0,1
noite_2,121,cw1,2,66.7,164.0,161.99,60,61,98.36065573770492,2.6998333333333333,29,46,0,0,0,3
noite_2,121,cw13,2,66.7,164.0,161.99,60,61,98.36065573770492,2.6998333333333333,29,46,0,0,0,3
noite_2,121,multi,3,77.6,182.0,188.46,60,61,98.36065573770492,3.141,29,29,0,0,0,0
noite_2,122,cw1,2,74.5,180.0,180.94,57,61,93.44262295081967,3.1743859649122808,37,64,0,1,1,4
noite_2,122,cw13,2,74.5,180.0,180.94,57,61,93.44262295081967,3.1743859649122808,37,64,0,1,1,4
noite_2,122,multi,3,80.5,198.0,195.5,57,61,93.44262295081967,3.4298245614035086,36,36,0,0,0,2
noite_2,123,cw1,2,68.5,169.0,166.36,60,61,98.36065573770492,2.772666666666667,37,73,0,1,0,4
noite_2,123,cw13,2,68.5,169.0,166.36,60,61,98.36065573770492,2.772666666666667,37,73,0,1,0,4
noite_2,123,multi,2,67.8,167.0,164.66,60,61,98.36065573770492,2.744333333333333,37,37,0,1,0,1
noite_2,124,cw1,2,63.35,155.0,153.85,58,61,95.08196721311475,2.652586206896552,35,70,0,0,0,1
noite_2,124,cw13,2,63.35,155.0,153.85,58,61,95.08196721311475,2.652586206896552,35,70,0,0,0,1
noite_2,124,multi,2,63.6,152.0,154.46,58,61,95.08196721311475,2.663103448275862,48,48,0,12,0,0
noite_2,125,cw1,2,73.05,178.0,177.41,60,61,98.36065573770492,2.9568333333333334,35,63,0,0,0,2
noite_2,125,cw13,2,73.05,178.0,177.41,60,61,98.36065573770492,2.9568333333333334,35,63,0,0,0,2
noite_2,125,multi,3,77.1,192.0,187.24,60,61,98.36065573770492,3.1206666666666667,34,34,0,0,0,1
noite_2,126,cw1,2,71.05,172.0,172.55,60,61,98.36065573770492,2.8758333333333335,38,38,0,2,1,3
noite_2,126,cw13,2,71.05,172.0,172.55,60,61,98.36065573770492,2.8758333333333335,38,38,0,2,1,3
noite_2,126,multi,2,71.25,171.0,173.03,60,61,98.36065573770492,2.8838333333333335,38,38,0,2,0,1
noite_2,127,cw1,2,62.2,157.0,151.06,60,61,98.36065573770492,2.5176666666666665,43,43,0,7,0,1
noite_2,127,cw13,2,62.2,157.0,151.06,60,61,98.36065573770492,2.5176666666666665,43,43,0,7,0,1
noite_2,127,multi,2,61.65,156.0,149.73,60,61,98.36065573770492,2.4955,43,43,0,7,0,1
noite_2,128,cw1,2,73.85,177.0,179.36,59,61,96.72131147540983,3.04,35,70,0,0,0,1
noite_2,128,cw13,2,73.85,177.0,179.36,59,61,96.72131147540983,3.04,35,70,0,0,0,1
noite_2,128,multi,2,74.75,180.0,181.54,59,61,96.72131147540983,3.076949152542373,36,36,0,0,0,1
noite_2,129,cw1,2,70.9,175.0,172.19,59,61,96.72131147540983,2.9184745762711866,30,53,0,0,1,4
noite_2,129,cw13,2,70.9,175.0,172.19,59,61,96.72131147540983,2.9184745762711866,30,53,0,0,1,4
noite_2,129,multi,3,80.6,196.0,195.74,59,61,96.72131147540983,3.317627118644068,30,30,0,0,0,2
noite_2,130,cw1,2,66.4,159.0,161.26,59,61,96.72131147540983,2.7332203389830507,34,63,0,0,0,3
noite_2,130,cw13,2,66.4,159.0,161.26,59,61,96.72131147540983,2.7332203389830507,34,63,0,0,0,3
noite_2,130,multi,2,71.0,178.0,172.43,59,61,96.72131147540983,2.922542372881356,33,33,0,0,0,2
noite_2,131,cw1,2,68.25,166.0,165.75,58,61,95.08196721311475,2.8577586206896552,34,64,0,0,0,4
noite_2,131,cw13,2,68.25,166.0,165.75,58,61,95.08196721311475,2.8577586206896552,34,64,0,0,0,4
noite_2,131,multi,2,65.95,164.0,160.16,58,61,95.08196721311475,2.7613793103448274,34,34,0,0,0,2
noite_2,132,cw1,2,69.4,170.0,168.55,57,61,93.44262295081967,2.9570175438596493,35,68,0,0,0,3
noite_2,132,cw13,2,69.4,170.0,168.55,57,61,93.44262295081967,2.9570175438596493,35,68,0,0,0,3
noite_2,132,multi,2,67.8,168.0,164.66,57,61,93.44262295081967,2.8887719298245615,36,36,0,0,0,2
noite_2,133,cw1,2,71.2,172.0,172.92,58,61,95.08196721311475,2.981379310344827,34,62,0,0,0,2
noite_2,133,cw13,2,71.2,172.0,172.92,58,61,95.08196721311475,2.981379310344827,34,62,0,0,0,2
noite_2,133,multi,2,70.65,171.0,171.58,58,61,95.08196721311475,2.9582758620689655,34,34,0,0,0,2
noite_2,134,cw1,2,67.2,158.0,163.2,60,61,98.36065573770492,2.7199999999999998,31,62,0,0,0,1
noite_2,134,cw13,2,67.2,158.0,163.2,60,61,98.36065573770492,2.7199999999999998,31,62,0,0,0,1
noite_2,134,multi,2,70.7,169.0,171.7,60,61,98.36065573770492,2.8616666666666664,32,32,0,0,0,1
noite_2,135,cw1,2,70.45,170.0,171.09,58,61,95.08196721311475,2.949827586206897,38,68,0,2,0,3
noite_2,135,cw13,2,70.45,170.0,171.09,58,61,95.08196721311475,2.949827586206897,38,68,0,2,0,3
noite_2,135,multi,2,70.5,172.0,171.22,58,61,95.08196721311475,2.9520689655172414,37,37,0,1,0,2
noite_2,136,cw1,2,71.2,169.0,172.92,60,61,98.36065573770492,2.8819999999999997,30,55,0,0,0,3
noite_2,136,cw13,2,71.2,169.0,172.92,60,61,98.36065573770492,2.8819999999999997,30,55,0,0,0,3
noite_2,136,multi,2,72.7,172.0,176.56,60,61,98.36065573770492,2.9426666666666668,30,30,0,0,0,2
noite_2,137,cw1,2,69.6,170.0,169.04,58,61,95.08196721311475,2.9144827586206894,31,53,0,0,0,3
noite_2,137,cw13,2,69.6,170.0,169.04,58,61,95.08196721311475,2.9144827586206894,31,53,0,0,0,3
noite_2,137,multi,2,54.4,131.0,132.12,34,61,55.73770491803279,3.885882352941177,27,27,0,0,0,0
noite_2,138,cw1,2,72.8,175.0,176.81,54,61,88.52459016393442,3.274259259259259,30,30,0,0,1,1
noite_2,138,cw13,2,72.8,175.0,176.81,54,61,88.52459016393442,3.274259259259259,30,30,0,0,1,1
noite_2,138,multi,1,36.05,90.0,87.55,25,61,40.98360655737705,3.502,25,25,0,0,0,1
noite_2,139,cw1,2,66.7,160.0,161.99,60,61,98.36065573770492,2.6998333333333333,38,76,0,2,1,3
noite_2,139,cw13,2,66.7,160.0,161.99,60,61,98.36065573770492,2.6998333333333333,38,76,0,2,1,3
noite_2,139,multi,2,65.9,161.0,160.05,60,61,98.36065573770492,2.6675,38,38,0,2,0,1
noite_2,140,cw1,2,62.25,151.0,151.18,59,61,96.72131147540983,2.562372881355932,37,37,0,1,0,0
noite_2,140,cw13,2,62.25,151.0,151.18,59,61,96.72131147540983,2.562372881355932,37,37,0,1,0,0
noite_2,140,multi,2,63.4,155.0,153.98,59,61,96.72131147540983,2.6098305084745763,37,37,0,1,0,0
noite_2,141,cw1,2,70.65,167.0,171.58,59,61,96.72131147540983,2.908135593220339,38,70,0,2,0,2
noite_2,141,cw13,2,70.65,167.0,171.58,59,61,96.72131147540983,2.908135593220339,38,70,0,2,0,2
noite_2,141,multi,2,65.65,156.0,159.44,59,61,96.72131147540983,2.7023728813559322,35,35,0,0,0,0
noite_2,142,cw1,2,67.05,166.0,162.84,58,61,95.08196721311475,2.8075862068965516,34,61,0,0,0,2
noite_2,142,cw13,2,67.05,166.0,162.84,58,61,95.08196721311475,2.8075862068965516,34,61,0,0,0,2
noite_2,142,multi,2,72.5,173.0,176.08,58,61,95.08196721311475,3.0358620689655176,34,34,0,0,0,1
noite_2,143,cw1,2,65.1,160.0,158.1,55,61,90.1639344262295,2.8745454545454545,28,54,0,0,0,1
noite_2,143,cw13,2,65.1,160.0,158.1,55,61,90.1639344262295,2.8745454545454545,28,54,0,0,0,1
noite_2,143,multi,2,70.3,170.0,170.73,55,61,90.1639344262295,3.104181818181818,29,29,0,0,0,1
noite_2,144,cw1,2,69.35,167.0,168.43,59,61,96.72131147540983,2.8547457627118646,41,76,0,5,0,2
noite_2,144,cw13,2,69.35,167.0,168.43,59,61,96.72131147540983,2.8547457627118646,41,76,0,5,0,2
noite_2,144,multi,2,72.65,172.0,176.44,59,61,96.72131147540983,2.9905084745762713,41,41,0,5,0,1
noite_2,145,cw1,2,71.15,174.0,172.8,59,61,96.72131147540983,2.928813559322034,38,72,0,2,0,3
noite_2,145,cw13,2,71.15,174.0,172.8,59,61,96.72131147540983,2.928813559322034,38,72,0,2,0,3
noite_2,145,multi,2,71.3,175.0,173.16,59,61,96.72131147540983,2.9349152542372883,37,37,0,1,0,2
noite_2,146,cw1,2,68.95,165.0,167.45,59,61,96.72131147540983,2.838135593220339,29,58,0,0,0,2
noite_2,146,cw13,2,68.95,165.0,167.45,59,61,96.72131147540983,2.838135593220339,29,58,0,0,0,2
noite_2,146,multi,2,69.0,167.0,167.57,59,61,96.72131147540983,2.8401694915254234,32,32,0,0,0,2
noite_2,147,cw1,2,69.95,166.0,169.88,59,61,96.72131147540983,2.879322033898305,36,67,0,0,0,2
noite_2,147,cw13,2,69.95,166.0,169.88,59,61,96.72131147540983,2.879322033898305,36,67,0,0,0,2
noite_2,147,multi,3,82.85,196.0,201.21,59,61,96.72131147540983,3.4103389830508477,36,36,0,0,0,1
noite_2,148,cw1,2,72.5,172.0,176.07,60,61,98.36065573770492,2.9345,36,36,0,0,1,1
noite_2,148,cw13,2,72.5,172.0,176.07,60,61,98.36065573770492,2.9345,36,36,0,0,1,1
noite_2,148,multi,2,72.3,177.0,175.59,60,61,98.36065573770492,2.9265,39,39,0,3,0,2
noite_2,149,cw1,2,64.55,160.0,156.76,59,61,96.72131147540983,2.6569491525423725,32,60,0,0,0,3
noite_2,149,cw13,2,64.55,160.0,156.76,59,61,96.72131147540983,2.6569491525423725,32,60,0,0,0,3
noite_2,149,multi,2,70.75,175.0,171.83,59,61,96.72131147540983,2.912372881355932,32,32,0,0,1,2
noite_2,150,cw1,2,73.35,180.0,178.14,61,61,100.0,2.9203278688524588,30,56,0,0,1,5
noite_2,150,cw13,2,73.35,180.0,178.14,61,61,100.0,2.9203278688524588,30,56,0,0,1,5
noite_2,150,multi,2,53.7,128.0,130.42,33,61,54.09836065573771,3.9521212121212117,30,30,0,0,0,1
noite_2,151,cw1,2,72.45,173.0,175.95,59,61,96.72131147540983,2.9822033898305085,34,64,0,0,1,3
noite_2,151,cw13,2,72.45,173.0,175.95,59,61,96.72131147540983,2.9822033898305085,34,64,0,0,1,3
noite_2,151,multi,2,68.35,163.0,166.0,59,61,96.72131147540983,2.8135593220338984,32,32,0,0,0,1
noite_2,152,cw1,2,68.35,163.0,166.0,61,61,100.0,2.721311475409836,42,42,0,6,0,1
noite_2,152,cw13,2,68.35,163.0,166.0,61,61,100.0,2.721311475409836,42,42,0,6,0,1
noite_2,152,multi,2,68.35,163.0,166.0,61,61,100.0,2.721311475409836,42,42,0,6,0,1
noite_2,153,cw1,2,67.9,161.0,164.9,59,61,96.72131147540983,2.794915254237288,40,80,0,4,1,2
noite_2,153,cw13,2,67.9,161.0,164.9,59,61,96.72131147540983,2.794915254237288,40,80,0,4,1,2
noite_2,153,multi,2,72.8,172.0,176.81,59,61,96.72131147540983,2.9967796610169493,40,40,0,4,1,1
noite_2,154,cw1,2,68.5,162.0,166.36,59,61,96.72131147540983,2.8196610169491527,40,74,0,4,0,3
noite_2,154,cw13,2,68.5,162.0,166.36,59,61,96.72131147540983,2.8196610169491527,40,74,0,4,0,3
noite_2,154,multi,2,69.1,165.0,167.82,59,61,96.72131147540983,2.844406779661017,39,39,0,3,0,2
noite_2,155,cw1,2,66.15,162.0,160.66,56,61,91.80327868852459,2.8689285714285715,33,59,0,0,0,2
noite_2,155,cw13,2,66.15,162.0,160.66,56,61,91.80327868852459,2.8689285714285715,33,59,0,0,0,2
noite_2,155,multi,2,68.2,168.0,165.63,56,61,91.80327868852459,2.957678571428571,32,32,0,0,0,1
noite_2,156,cw1,2,71.2,175.0,172.92,61,61,100.0,2.8347540983606554,33,65,0,0,0,2
noite_2,156,cw13,2,71.2,175.0,172.92,61,61,100.0,2.8347540983606554,33,65,0,0,0,2
noite_2,156,multi,3,76.2,183.0,185.06,61,61,100.0,3.0337704918032786,33,33,0,0,0,0
noite_2,157,cw1,2,71.3,175.0,173.16,57,61,93.44262295081967,3.037894736842105,28,55,0,0,0,5
noite_2,157,cw13,2,71.3,175.0,173.16,57,61,93.44262295081967,3.037894736842105,28,55,0,0,0,5
noite_2,157,multi,2,71.5,176.0,173.65,57,61,93.44262295081967,3.0464912280701757,28,28,0,0,0,2
noite_2,158,cw1,2,72.85,180.0,176.92,60,61,98.36065573770492,2.9486666666666665,33,66,0,0,1,3
noite_2,158,cw13,2,72.85,180.0,176.92,60,61,98.36065573770492,2.9486666666666665,33,66,0,0,1,3
noite_2,158,multi,2,57.8,140.0,140.37,39,61,63.9344262295082,3.5992307692307692,33,33,0,0,0,0
noite_2,159,cw1,2,71.45,171.0,173.52,57,61,93.44262295081967,3.0442105263157897,34,68,0,0,0,3
noite_2,159,cw13,2,71.45,171.0,173.52,57,61,93.44262295081967,3.0442105263157897,34,68,0,0,0,3
noite_2,159,multi,2,74.95,182.0,182.02,57,61,93.44262295081967,3.1933333333333334,36,36,0,0,1,2
noite_2,160,cw1,2,60.45,142.0,146.81,58,61,95.08196721311475,2.531206896551724,42,84,0,6,0,2
noite_2,160,cw13,2,60.45,142.0,146.81,58,61,95.08196721311475,2.531206896551724,42,84,0,6,0,2
noite_2,160,multi,2,63.95,153.0,155.31,58,61,95.08196721311475,2.677758620689655,43,43,0,7,0,2
noite_2,161,cw1,2,74.0,182.0,179.72,61,61,100.0,2.9462295081967214,39,72,0,3,1,4
noite_2,161,cw13,2,74.0,182.0,179.72,61,61,100.0,2.9462295081967214,39,72,0,3,1,4
noite_2,161,multi,3,80.4,194.0,195.26,61,61,100.0,3.2009836065573767,38,38,0,2,0,2
noite_2,162,cw1,2,62.9,149.0,152.76,58,61,95.08196721311475,2.6337931034482756,39,78,0,3,0,1
noite_2,162,cw13,2,62.9,149.0,152.76,58,61,95.08196721311475,2.6337931034482756,39,78,0,3,0,1
noite_2,162,multi,2,67.2,162.0,163.21,58,61,95.08196721311475,2.8139655172413796,39,39,0,3,0,0
noite_2,163,cw1,2,69.45,167.0,168.67,61,61,100.0,2.7650819672131144,38,70,0,2,0,4
noite_2,163,cw13,2,69.45,167.0,168.67,61,61,100.0,2.7650819672131144,38,70,0,2,0,4
noite_2,163,multi,2,70.05,170.0,170.13,61,61,100.0,2.789016393442623,37,37,0,1,0,2
noite_2,164,cw1,2,65.6,160.0,159.32,59,61,96.72131147540983,2.7003389830508473,42,70,0,6,0,1
noite_2,164,cw13,2,65.6,160.0,159.32,59,61,96.72131147540983,2.7003389830508473,42,70,0,6,0,1
noite_2,164,multi,2,69.6,176.0,169.03,59,61,96.72131147540983,2.864915254237288,41,41,0,5,0,1
noite_2,165,cw1,2,71.1,173.0,172.68,58,61,95.08196721311475,2.977241379310345,31,57,0,0,1,4
noite_2,165,cw13,2,71.1,173.0,172.68,58,61,95.08196721311475,2.977241379310345,31,57,0,0,1,4
noite_2,165,multi,3,76.7,186.0,186.27,58,61,95.08196721311475,3.211551724137931,30,30,0,0,0,2
noite_2,166,cw1,2,78.25,184.0,190.04,58,61,95.08196721311475,3.276551724137931,33,66,0,0,1,3
noite_2,166,cw13,2,78.25,184.0,190.04,58,61,95.08196721311475,3.276551724137931,33,66,0,0,1,3
noite_2,166,multi,2,77.45,187.0,188.09,58,61,95.08196721311475,3.242931034482759,35,35,0,0,2,2
noite_2,167,cw1,2,69.95,167.0,169.88,59,61,96.72131147540983,2.879322033898305,37,37,0,1,0,0
noite_2,167,cw13,2,69.95,167.0,169.88,59,61,96.72131147540983,2.879322033898305,37,37,0,1,0,0
noite_2,167,multi,2,69.95,167.0,169.88,59,61,96.72131147540983,2.879322033898305,37,37,0,1,0,0
noite_2,168,cw1,2,69.95,169.0,169.88,59,61,96.72131147540983,2.879322033898305,39,76,0,3,0,3
noite_2,168,cw13,2,69.95,169.0,169.88,59,61,96.72131147540983,2.879322033898305,39,76,0,3,0,3
noite_2,168,multi,2,69.95,169.0,169.88,59,61,96.72131147540983,2.879322033898305,39,39,0,3,0,1
noite_2,169,cw1,2,70.65,171.0,171.58,59,61,96.72131147540983,2.908135593220339,31,31,0,0,0,1
noite_2,169,cw13,2,70.65,171.0,171.58,59,61,96.72131147540983,2.908135593220339,31,31,0,0,0,1
noite_2,169,multi,2,70.1,170.0,170.24,59,61,96.72131147540983,2.8854237288135596,31,31,0,0,0,1
noite_2,170,cw1,2,78.8,186.0,191.37,60,61,98.36065573770492,3.1895000000000002,37,74,0,1,1,2
noite_2,170,cw13,2,78.8,186.0,191.37,60,61,98.36065573770492,3.1895000000000002,37,74,0,1,1,2
noite_2,170,multi,2,79.2,193.0,192.35,60,61,98.36065573770492,3.205833333333333,39,39,0,3,2,2
noite_2,171,cw1,2,65.5,163.0,159.08,59,61,96.72131147540983,2.6962711864406783,40,69,0,4,0,3
noite_2,171,cw13,2,65.5,163.0,159.08,59,61,96.72131147540983,2.6962711864406783,40,69,0,4,0,3
noite_2,171,multi,2,71.4,178.0,173.4,59,61,96.72131147540983,2.9389830508474577,39,39,0,3,0,2
noite_2,172,cw1,2,68.1,168.0,165.39,59,61,96.72131147540983,2.8032203389830506,34,64,0,0,0,2
noite_2,172,cw13,2,68.1,168.0,165.39,59,61,96.72131147540983,2.8032203389830506,34,64,0,0,0,2
noite_2,172,multi,2,68.1,168.0,165.39,59,61,96.72131147540983,2.8032203389830506,34,34,0,0,0,2
noite_2,173,cw1,2,67.4,165.0,163.69,61,61,100.0,2.6834426229508197,36,65,0,0,0,3
noite_2,173,cw13,2,67.4,165.0,163.69,61,61,100.0,2.6834426229508197,36,65,0,0,0,3
noite_2,173,multi,2,70.5,178.0,171.21,61,61,100.0,2.80672131147541,34,34,0,0,0,2
noite_2,174,cw1,2,68.3,169.0,165.88,60,61,98.36065573770492,2.7646666666666664,36,68,0,0,0,3
noite_2,174,cw13,2,68.3,169.0,165.88,60,61,98.36065573770492,2.7646666666666664,36,68,0,0,0,3
noite_2,174,multi,2,69.25,171.0,168.18,60,61,98.36065573770492,2.803,36,36,0,0,0,2
noite_2,175,cw1,2,75.1,182.0,182.39,59,61,96.72131147540983,3.0913559322033897,37,71,0,1,1,4
noite_2,175,cw13,2,75.1,182.0,182.39,59,61,96.72131147540983,3.0913559322033897,37,71,0,1,1,4
noite_2,175,multi,3,77.9,189.0,189.19,59,61,96.72131147540983,3.206610169491525,37,37,0,1,0,2
noite_2,176,cw1,2,78.2,187.0,189.92,60,61,98.36065573770492,3.1653333333333333,36,72,0,0,1,4
noite_2,176,cw13,2,78.2,187.0,189.92,60,61,98.36065573770492,3.1653333333333333,36,72,0,0,1,4
noite_2,176,multi,3,97.6,234.0,237.03,60,61,98.36065573770492,3.9505,37,37,0,1,2,2
noite_2,177,cw1,2,74.65,172.0,181.3,59,61,96.72131147540983,3.0728813559322035,32,32,0,0,1,1
noite_2,177,cw13,2,74.65,172.0,181.3,59,61,96.72131147540983,3.0728813559322035,32,32,0,0,1,1
noite_2,177,multi,2,75.15,175.0,182.51,59,61,96.72131147540983,3.0933898305084746,33,33,0,0,0,1
noite_2,178,cw1,2,64.3,155.0,156.16,57,61,93.44262295081967,2.7396491228070174,34,34,0,0,0,1
noite_2,178,cw13,2,64.3,155.0,156.16,57,61,93.44262295081967,2.7396491228070174,34,34,0,0,0,1
noite_2,178,multi,2,68.0,166.0,165.15,57,61,93.44262295081967,2.8973684210526316,35,35,0,0,0,2
noite_2,179,cw1,2,60.9,149.0,147.9,55,61,90.1639344262295,2.689090909090909,28,56,0,0,0,2
noite_2,179,cw13,2,60.9,149.0,147.9,55,61,90.1639344262295,2.689090909090909,28,56,0,0,0,2
noite_2,179,multi,3,77.8,192.0,188.95,55,61,90.1639344262295,3.435454545454545,28,28,0,0,0,0
noite_2,180,cw1,2,69.0,167.0,167.57,59,61,96.72131147540983,2.8401694915254234,36,68,0,0,0,1
noite_2,180,cw13,2,69.0,167.0,167.57,59,61,96.72131147540983,2.8401694915254234,36,68,0,0,0,1
noite_2,180,multi,2,68.45,166.0,166.23,59,61,96.72131147540983,2.817457627118644,36,36,0,0,0,1
noite_2,181,cw1,2,67.35,162.0,163.57,60,61,98.36065573770492,2.7261666666666664,43,86,0,7,0,1
noite_2,181,cw13,2,67.35,162.0,163.57,60,61,98.36065573770492,2.7261666666666664,43,86,0,7,0,1
noite_2,181,multi,2,66.95,160.0,162.59,60,61,98.36065573770492,2.7098333333333335,46,46,0,10,0,1
noite_2,182,cw1,2,68.45,169.0,166.23,60,61,98.36065573770492,2.7704999999999997,35,68,0,0,0,2
noite_2,182,cw13,2,68.45,169.0,166.23,60,61,98.36065573770492,2.7704999999999997,35,68,0,0,0,2
noite_2,182,multi,2,68.45,169.0,166.23,60,61,98.36065573770492,2.7704999999999997,35,35,0,0,0,1
noite_2,183,cw1,2,77.25,182.0,187.61,58,61,95.08196721311475,3.2346551724137935,33,66,0,0,1,2
noite_2,183,cw13,2,77.25,182.0,187.61,58,61,95.08196721311475,3.2346551724137935,33,66,0,0,1,2
noite_2,183,multi,3,85.35,199.0,207.28,58,61,95.08196721311475,3.573793103448276,34,34,0,0,0,1
noite_2,184,cw1,2,71.75,171.0,174.26,59,61,96.72131147540983,2.953559322033898,36,72,0,0,0,2
noite_2,184,cw13,2,71.75,171.0,174.26,59,61,96.72131147540983,2.953559322033898,36,72,0,0,0,2
noite_2,184,multi,2,69.85,171.0,169.64,59,61,96.72131147540983,2.8752542372881353,40,40,0,4,0,2
noite_2,185,cw1,2,69.65,167.0,169.15,57,61,93.44262295081967,2.967543859649123,35,70,0,0,0,2
noite_2,185,cw13,2,69.65,167.0,169.15,57,61,93.44262295081967,2.967543859649123,35,70,0,0,0,2
noite_2,185,multi,2,73.15,178.0,177.65,57,61,93.44262295081967,3.1166666666666667,36,36,0,0,1,1
noite_2,186,cw1,2,67.25,164.0,163.32,60,61,98.36065573770492,2.722,30,52,0,0,0,4
noite_2,186,cw13,2,67.25,164.0,163.32,60,61,98.36065573770492,2.722,30,52,0,0,0,4
noite_2,186,multi,2,71.4,171.0,173.4,60,61,98.36065573770492,2.89,30,30,0,0,0,1
noite_2,187,cw1,2,71.15,171.0,172.79,58,61,95.08196721311475,2.9791379310344825,36,36,0,0,0,2
noite_2,187,cw13,2,71.15,171.0,172.79,58,61,95.08196721311475,2.9791379310344825,36,36,0,0,0,2
noite_2,187,multi,2,54.3,126.0,131.87,38,61,62.295081967213115,3.470263157894737,36,36,0,0,0,0
noite_2,188,cw1,2,66.75,161.0,162.11,58,61,95.08196721311475,2.7950000000000004,40,80,0,4,0,2
noite_2,188,cw13,2,66.75,161.0,162.11,58,61,95.08196721311475,2.7950000000000004,40,80,0,4,0,2
noite_2,188,multi,2,67.35,164.0,163.57,58,61,95.08196721311475,2.8201724137931032,42,42,0,6,0,1
noite_2,189,cw1,2,74.55,180.0,181.05,60,61,98.36065573770492,3.0175,32,32,0,0,1,2
noite_2,189,cw13,2,74.55,180.0,181.05,60,61,98.36065573770492,3.0175,32,32,0,0,1,2
noite_2,189,multi,2,44.5,106.0,108.07,36,61,59.01639344262295,3.0019444444444443,32,32,0,0,0,0
noite_2,190,cw1,2,76.4,184.0,185.54,59,61,96.72131147540983,3.1447457627118642,34,64,0,0,1,4
noite_2,190,cw13,2,76.4,184.0,185.54,59,61,96.72131147540983,3.1447457627118642,34,64,0,0,1,4
noite_2,190,multi,3,82.0,197.0,199.14,59,61,96.72131147540983,3.3752542372881353,33,33,0,0,0,2
noite_2,191,cw1,2,75.4,183.0,183.12,60,61,98.36065573770492,3.052,32,42,0,0,1,5
noite_2,191,cw13,2,75.4,183.0,183.12,60,61,98.36065573770492,3.052,32,42,0,0,1,5
noite_2,191,multi,3,79.1,185.0,192.11,60,61,98.36065573770492,3.2018333333333335,33,33,0,0,0,2
noite_2,192,cw1,2,73.2,179.0,177.78,59,61,96.72131147540983,3.013220338983051,40,68,0,4,1,3
noite_2,192,cw13,2,73.2,179.0,177.78,59,61,96.72131147540983,3.013220338983051,40,68,0,4,1,3
noite_2,192,multi,3,79.5,197.0,193.08,59,61,96.72131147540983,3.272542372881356,40,40,0,4,1,2
noite_2,193,cw1,2,67.95,165.0,165.03,57,61,93.44262295081967,2.8952631578947368,36,36,0,0,0,0
noite_2,193,cw13,2,67.95,165.0,165.03,57,61,93.44262295081967,2.8952631578947368,36,36,0,0,0,0
noite_2,193,multi,2,75.55,183.0,183.48,57,61,93.44262295081967,3.2189473684210523,40,40,0,4,1,1
noite_2,194,cw1,2,72.35,174.0,175.71,60,61,98.36065573770492,2.9285,38,72,0,2,1,3
noite_2,194,cw13,2,72.35,174.0,175.71,60,61,98.36065573770492,2.9285,38,72,0,2,1,3
noite_2,194,multi,2,67.85,167.0,164.78,60,61,98.36065573770492,2.7463333333333333,37,37,0,1,1,2
noite_2,195,cw1,2,67.1,157.0,162.96,60,61,98.36065573770492,2.716,40,80,0,4,1,2
noite_2,195,cw13,2,67.1,157.0,162.96,60,61,98.36065573770492,2.716,40,80,0,4,1,2
noite_2,195,multi,2,70.5,168.0,171.21,60,61,98.36065573770492,2.8535,43,43,0,7,0,1
noite_2,196,cw1,2,73.1,175.0,177.53,57,61,93.44262295081967,3.114561403508772,33,66,0,0,0,3
noite_2,196,cw13,2,73.1,175.0,177.53,57,61,93.44262295081967,3.114561403508772,33,66,0,0,0,3
noite_2,196,multi,2,75.3,181.0,182.87,57,61,93.44262295081967,3.208245614035088,35,35,0,0,1,1
noite_2,197,cw1,2,67.1,165.0,162.96,59,61,96.72131147540983,2.7620338983050847,30,57,0,0,0,3
noite_2,197,cw13,2,67.1,165.0,162.96,59,61,96.72131147540983,2.7620338983050847,30,57,0,0,0,3
noite_2,197,multi,2,76.85,180.0,186.63,59,61,96.72131147540983,3.163220338983051,31,31,0,0,0,1
noite_2,198,cw1,2,74.7,178.0,181.42,55,61,90.1639344262295,3.2985454545454544,30,60,0,0,1,3
noite_2,198,cw13,2,74.7,178.0,181.42,55,61,90.1639344262295,3.2985454545454544,30,60,0,0,1,3
noite_2,198,multi,3,83.9,202.0,203.76,55,61,90.1639344262295,3.7047272727272724,31,31,0,0,1,2
noite_2,199,cw1,2,71.1,167.0,172.68,58,61,95.08196721311475,2.977241379310345,31,31,0,0,1,1
noite_2,199,cw13,2,71.1,167.0,172.68,58,61,95.08196721311475,2.977241379310345,31,31,0,0,1,1
noite_2,199,multi,2,69.0,164.0,167.58,58,61,95.08196721311475,2.8893103448275865,34,34,0,0,0,2
noite_2,200,cw1,2,72.5,175.0,176.08,56,61,91.80327868852459,3.1442857142857146,36,67,0,0,0,2
noite_2,200,cw13,2,72.5,175.0,176.08,56,61,91.80327868852459,3.1442857142857146,36,67,0,0,0,2
noite_2,200,multi,2,71.95,174.0,174.74,56,61,91.80327868852459,3.120357142857143,36,36,0,0,0,2
noite_2,201,cw1,2,67.05,164.0,162.83,59,61,96.72131147540983,2.7598305084745767,32,56,0,0,0,2
noite_2,201,cw13,2,67.05,164.0,162.83,59,61,96.72131147540983,2.7598305084745767,32,56,0,0,0,2
noite_2,201,multi,3,78.8,184.0,191.38,59,61,96.72131147540983,3.243728813559322,30,30,0,0,0,0
noite_2,202,cw1,2,82.0,198.0,199.14,61,61,100.0,3.264590163934426,32,56,0,0,1,3
noite_2,202,cw13,2,82.0,198.0,199.14,61,61,100.0,3.264590163934426,32,56,0,0,1,3
noite_2,202,multi,3,100.4,235.0,243.83,61,61,100.0,3.9972131147540986,32,32,0,0,1,2
noite_2,203,cw1,2,73.15,173.0,177.65,59,61,96.72131147540983,3.0110169491525425,33,58,0,0,0,3
noite_2,203,cw13,2,73.15,173.0,177.65,59,61,96.72131147540983,3.0110169491525425,33,58,0,0,0,3
noite_2,203,multi,2,72.35,173.0,175.71,59,61,96.72131147540983,2.978135593220339,33,33,0,0,0,2
noite_2,204,cw1,2,75.15,184.0,182.51,60,61,98.36065573770492,3.0418333333333334,34,63,0,0,1,3
noite_2,204,cw13,2,75.15,184.0,182.51,60,61,98.36065573770492,3.0418333333333334,34,63,0,0,1,3
noite_2,204,multi,3,81.15,200.0,197.08,60,61,98.36065573770492,3.284666666666667,33,33,0,0,0,2
noite_2,205,cw1,2,70.35,172.0,170.85,60,61,98.36065573770492,2.8474999999999997,31,62,0,0,0,3
noite_2,205,cw13,2,70.35,172.0,170.85,60,61,98.36065573770492,2.8474999999999997,31,62,0,0,0,3
noite_2,205,multi,2,78.45,190.0,190.52,60,61,98.36065573770492,3.1753333333333336,35,35,0,0,2,2
noite_2,206,cw1,2,73.9,177.0,179.48,60,61,98.36065573770492,2.991333333333333,30,56,0,0,1,4
noite_2,206,cw13,2,73.9,177.0,179.48,60,61,98.36065573770492,2.991333333333333,30,56,0,0,1,4
noite_2,206,multi,3,95.1,225.0,230.96,60,61,98.36065573770492,3.8493333333333335,29,29,0,0,1,2
noite_2,207,cw1,2,73.5,178.0,178.5,59,61,96.72131147540983,3.0254237288135593,34,64,0,0,0,3
noite_2,207,cw13,2,73.5,178.0,178.5,59,61,96.72131147540983,3.0254237288135593,34,64,0,0,0,3
noite_2,207,multi,2,72.7,176.0,176.56,59,61,96.72131147540983,2.992542372881356,34,34,0,0,0,2
noite_2,208,cw1,2,69.9,167.0,169.76,60,61,98.36065573770492,2.829333333333333,38,76,0,2,0,1
noite_2,208,cw13,2,69.9,167.0,169.76,60,61,98.36065573770492,2.829333333333333,38,76,0,2,0,1
noite_2,208,multi,2,70.5,170.0,171.22,60,61,98.36065573770492,2.853666666666667,39,39,0,3,0,1
noite_2,209,cw1,2,74.8,181.0,181.66,59,61,96.72131147540983,3.0789830508474574,33,66,0,0,1,2
noite_2,209,cw13,2,74.8,181.0,181.66,59,61,96.72131147540983,3.0789830508474574,33,66,0,0,1,2
noite_2,209,multi,3,81.5,194.0,197.93,59,61,96.72131147540983,3.3547457627118646,34,34,0,0,0,2
noite_2,210,cw1,2,76.2,183.0,185.06,58,61,95.08196721311475,3.190689655172414,36,72,0,0,1,3
noite_2,210,cw13,2,76.2,183.0,185.06,58,61,95.08196721311475,3.190689655172414,36,72,0,0,1,3
noite_2,210,multi,2,72.7,178.0,176.56,58,61,95.08196721311475,3.044137931034483,39,39,0,3,0,2
noite_2,211,cw1,2,62.95,153.0,152.89,61,61,100.0,2.5063934426229504,31,31,0,0,0,1
noite_2,211,cw13,2,62.95,153.0,152.89,61,61,100.0,2.5063934426229504,31,31,0,0,0,1
noite_2,211,multi,2,70.25,171.0,170.61,61,61,100.0,2.7968852459016396,31,31,0,0,0,0
noite_2,212,cw1,2,74.15,180.0,180.08,60,61,98.36065573770492,3.0013333333333336,34,66,0,0,1,2
noite_2,212,cw13,2,74.15,180.0,180.08,60,61,98.36065573770492,3.0013333333333336,34,66,0,0,1,2
noite_2,212,multi,2,66.75,161.0,162.11,60,61,98.36065573770492,2.7018333333333335,33,33,0,0,0,0
noite_2,213,cw1,2,65.85,156.0,159.92,58,61,95.08196721311475,2.7572413793103445,30,54,0,0,0,4
noite_2,213,cw13,2,65.85,156.0,159.92,58,61,95.08196721311475,2.7572413793103445,30,54,0,0,0,4
noite_2,213,multi,2,66.55,158.0,161.62,58,61,95.08196721311475,2.786551724137931,29,29,0,0,0,2
noite_2,214,cw1,2,72.45,177.0,175.95,59,61,96.72131147540983,2.9822033898305085,38,71,0,2,0,3
noite_2,214,cw13,2,72.45,177.0,175.95,59,61,96.72131147540983,2.9822033898305085,38,71,0,2,0,3
noite_2,214,multi,2,70.95,176.0,172.31,59,61,96.72131147540983,2.920508474576271,38,38,0,2,0,2
noite_2,215,cw1,2,74.8,181.0,181.66,59,61,96.72131147540983,3.0789830508474574,35,66,0,0,1,3
noite_2,215,cw13,2,74.8,181.0,181.66,59,61,96.72131147540983,3.0789830508474574,35,66,0,0,1,3
noite_2,215,multi,2,71.0,170.0,172.43,59,61,96.72131147540983,2.922542372881356,33,33,0,0,0,1
noite_2,216,cw1,2,70.8,167.0,171.95,60,61,98.36065573770492,2.8658333333333332,38,38,0,2,1,1
noite_2,216,cw13,2,70.8,167.0,171.95,60,61,98.36065573770492,2.8658333333333332,38,38,0,2,1,1
noite_2,216,multi,2,69.6,165.0,169.04,60,61,98.36065573770492,2.817333333333333,40,40,0,4,0,2
noite_2,217,cw1,2,68.4,166.0,166.12,59,61,96.72131147540983,2.8155932203389833,31,31,0,0,1,2
noite_2,217,cw13,2,68.4,166.0,166.12,59,61,96.72131147540983,2.8155932203389833,31,31,0,0,1,2
noite_2,217,multi,2,74.7,176.0,181.41,59,61,96.72131147540983,3.0747457627118644,32,32,0,0,0,2
noite_2,218,cw1,2,68.75,166.0,166.96,59,61,96.72131147540983,2.8298305084745765,41,77,0,5,0,3
noite_2,218,cw13,2,68.75,166.0,166.96,59,61,96.72131147540983,2.8298305084745765,41,77,0,5,0,3
noite_2,218,multi,2,68.75,166.0,166.96,59,61,96.72131147540983,2.8298305084745765,41,41,0,5,0,2
noite_2,219,cw1,2,72.7,177.0,176.56,59,61,96.72131147540983,2.992542372881356,36,65,0,0,1,3
noite_2,219,cw13,2,72.7,177.0,176.56,59,61,96.72131147540983,2.992542372881356,36,65,0,0,1,3
noite_2,219,multi,2,72.9,176.0,177.05,59,61,96.72131147540983,3.0008474576271187,36,36,0,0,0,1
noite_2,220,cw1,2,75.15,177.0,182.51,61,61,100.0,2.991967213114754,45,81,0,9,0,2
noite_2,220,cw13,2,75.15,177.0,182.51,61,61,100.0,2.991967213114754,45,81,0,9,0,2
noite_2,220,multi,2,74.85,176.0,181.78,61,61,100.0,2.98,45,45,0,9,0,1
noite_2,221,cw1,2,67.9,163.0,164.9,59,61,96.72131147540983,2.794915254237288,32,32,0,0,0,2
noite_2,221,cw13,2,67.9,163.0,164.9,59,61,96.72131147540983,2.794915254237288,32,32,0,0,0,2
noite_2,221,multi,2,47.95,112.0,116.45,36,61,59.01639344262295,3.2347222222222225,33,33,0,0,0,1
noite_2,222,cw1,2,73.5,176.0,178.5,58,61,95.08196721311475,3.0775862068965516,32,64,0,0,1,1
noite_2,222,cw13,2,73.5,176.0,178.5,58,61,95.08196721311475,3.0775862068965516,32,64,0,0,1,1
noite_2,222,multi,2,73.55,178.0,178.63,58,61,95.08196721311475,3.0798275862068967,33,33,0,0,0,1
noite_2,223,cw1,2,78.45,189.0,190.53,56,61,91.80327868852459,3.4023214285714287,38,76,0,2,1,3
noite_2,223,cw13,2,78.45,189.0,190.53,56,61,91.80327868852459,3.4023214285714287,38,76,0,2,1,3
noite_2,223,multi,3,85.75,198.0,208.25,56,61,91.80327868852459,3.71875,39,39,0,3,0,2
noite_2,224,cw1,2,63.65,159.0,154.59,55,61,90.1639344262295,2.8107272727272727,30,52,0,0,0,3
noite_2,224,cw13,2,63.65,159.0,154.59,55,61,90.1639344262295,2.8107272727272727,30,52,0,0,0,3
noite_2,224,multi,2,65.6,163.0,159.32,55,61,90.1639344262295,2.8967272727272726,28,28,0,0,0,2
noite_2,225,cw1,2,63.1,144.0,153.24,59,61,96.72131147540983,2.5972881355932205,34,68,0,0,0,3
noite_2,225,cw13,2,63.1,144.0,153.24,59,61,96.72131147540983,2.5972881355932205,34,68,0,0,0,3
noite_2,225,multi,2,65.9,159.0,160.04,59,61,96.72131147540983,2.7125423728813556,34,34,0,0,0,1
noite_2,226,cw1,2,60.8,148.0,147.66,59,61,96.72131147540983,2.5027118644067796,30,56,0,0,0,2
noite_2,226,cw13,2,60.8,148.0,147.66,59,61,96.72131147540983,2.5027118644067796,30,56,0,0,0,2
noite_2,226,multi,2,63.3,157.0,153.73,59,61,96.72131147540983,2.605593220338983,30,30,0,0,0,1
noite_2,227,cw1,2,68.05,167.0,165.27,58,61,95.08196721311475,2.84948275862069,28,52,0,0,1,4
noite_2,227,cw13,2,68.05,167.0,165.27,58,61,95.08196721311475,2.84948275862069,28,52,0,0,1,4
noite_2,227,multi,2,69.15,169.0,167.93,58,61,95.08196721311475,2.895344827586207,28,28,0,0,0,2
noite_2,228,cw1,2,68.3,165.0,165.87,60,61,98.36065573770492,2.7645,34,64,0,0,0,3
noite_2,228,cw13,2,68.3,165.0,165.87,60,61,98.36065573770492,2.7645,34,64,0,0,0,3
noite_2,228,multi,2,69.0,167.0,167.57,60,61,98.36065573770492,2.7928333333333333,34,34,0,0,0,1
noite_2,229,cw1,2,69.25,166.0,168.18,58,61,95.08196721311475,2.899655172413793,32,46,0,0,0,2
noite_2,229,cw13,2,69.25,166.0,168.18,58,61,95.08196721311475,2.899655172413793,32,46,0,0,0,2
noite_2,229,multi,2,59.15,146.0,143.65,58,61,95.08196721311475,2.4767241379310345,31,31,0,0,0,0
noite_2,230,cw1,2,66.1,160.0,160.53,58,61,95.08196721311475,2.7677586206896554,32,64,0,0,1,1
noite_2,230,cw13,2,66.1,160.0,160.53,58,61,95.08196721311475,2.7677586206896554,32,64,0,0,1,1
noite_2,230,multi,2,70.8,173.0,171.94,58,61,95.08196721311475,2.9644827586206897,36,36,0,0,0,1
noite_2,231,cw1,2,67.05,161.0,162.84,59,61,96.72131147540983,2.7600000000000002,33,33,0,0,0,1
noite_2,231,cw13,2,67.05,161.0,162.84,59,61,96.72131147540983,2.7600000000000002,33,33,0,0,0,1
noite_2,231,multi,2,72.3,173.0,175.58,59,61,96.72131147540983,2.9759322033898306,36,36,0,0,0,1
noite_2,232,cw1,2,70.85,173.0,172.07,61,61,100.0,2.8208196721311474,35,70,0,0,1,3
noite_2,232,cw13,2,70.85,173.0,172.07,61,61,100.0,2.8208196721311474,35,70,0,0,1,3
noite_2,232,multi,3,80.75,195.0,196.11,61,61,100.0,3.2149180327868856,36,36,0,0,0,2
noite_2,233,cw1,2,74.55,180.0,181.06,60,61,98.36065573770492,3.0176666666666665,37,66,0,1,1,3
noite_2,233,cw13,2,74.55,180.0,181.06,60,61,98.36065573770492,3.0176666666666665,37,66,0,1,1,3
noite_2,233,multi,3,78.25,182.0,190.04,60,61,98.36065573770492,3.167333333333333,37,37,0,1,0,2
noite_2,234,cw1,2,72.3,179.0,175.59,57,61,93.44262295081967,3.0805263157894736,30,56,0,0,1,3
noite_2,234,cw13,2,72.3,179.0,175.59,57,61,93.44262295081967,3.0805263157894736,30,56,0,0,1,3
noite_2,234,multi,2,72.9,182.0,177.04,57,61,93.44262295081967,3.105964912280702,29,29,0,0,1,2
noite_2,235,cw1,2,72.7,177.0,176.56,56,61,91.80327868852459,3.152857142857143,28,54,0,0,0,2
noite_2,235,cw13,2,72.7,177.0,176.56,56,61,91.80327868852459,3.152857142857143,28,54,0,0,0,2
noite_2,235,multi,3,79.05,191.0,191.98,56,61,91.80327868852459,3.4282142857142857,27,27,0,0,0,0
noite_2,236,cw1,2,64.5,158.0,156.65,60,61,98.36065573770492,2.6108333333333333,38,67,0,2,0,3
noite_2,236,cw13,2,64.5,158.0,156.65,60,61,98.36065573770492,2.6108333333333333,38,67,0,2,0,3
noite_2,236,multi,2,66.25,165.0,160.89,60,61,98.36065573770492,2.6814999999999998,37,37,0,1,0,1
noite_2,237,cw1,2,61.9,155.0,150.33,58,61,95.08196721311475,2.591896551724138,35,64,0,0,0,1
noite_2,237,cw13,2,61.9,155.0,150.33,58,61,95.08196721311475,2.591896551724138,35,64,0,0,0,1
noite_2,237,multi,2,58.8,151.0,142.8,58,61,95.08196721311475,2.4620689655172416,34,34,0,0,0,1
noite_2,238,cw1,2,70.1,170.0,170.25,61,61,100.0,2.790983606557377,36,64,0,0,0,1
noite_2,238,cw13,2,70.1,170.0,170.25,61,61,100.0,2.790983606557377,36,64,0,0,0,1
noite_2,238,multi,2,70.25,171.0,170.61,61,61,100.0,2.7968852459016396,36,36,0,0,0,1
noite_2,239,cw1,2,73.9,175.0,179.48,60,61,98.36065573770492,2.991333333333333,39,39,0,3,1,1
noite_2,239,cw13,2,73.9,175.0,179.48,60,61,98.36065573770492,2.991333333333333,39,39,0,3,1,1
noite_2,239,multi,2,71.7,175.0,174.13,60,61,98.36065573770492,2.9021666666666666,42,42,0,6,0,1
noite_2,240,cw1,2,72.1,175.0,175.1,61,61,100.0,2.8704918032786884,34,63,0,0,0,5
noite_2,240,cw13,2,72.1,175.0,175.1,61,61,100.0,2.8704918032786884,34,63,0,0,0,5
noite_2,240,multi,2,73.0,176.0,177.29,61,61,100.0,2.9063934426229507,34,34,0,0,0,2
noite_2,241,cw1,2,69.5,170.0,168.79,61,61,100.0,2.7670491803278687,31,60,0,0,0,3
noite_2,241,cw13,2,69.5,170.0,168.79,61,61,100.0,2.7670491803278687,31,60,0,0,0,3
noite_2,241,multi,2,70.65,174.0,171.58,61,61,100.0,2.812786885245902,31,31,0,0,0,1
noite_2,242,cw1,2,74.3,178.0,180.44,58,61,95.08196721311475,3.1110344827586207,36,59,0,0,1,4
noite_2,242,cw13,2,74.3,178.0,180.44,58,61,95.08196721311475,3.1110344827586207,36,59,0,0,1,4
noite_2,242,multi,3,81.4,186.0,197.69,58,61,95.08196721311475,3.408448275862069,36,36,0,0,0,2
noite_2,243,cw1,2,64.5,153.0,156.64,59,61,96.72131147540983,2.654915254237288,38,76,0,2,1,3
noite_2,243,cw13,2,64.5,153.0,156.64,59,61,96.72131147540983,2.654915254237288,38,76,0,2,1,3
noite_2,243,multi,2,71.9,176.0,174.62,59,61,96.72131147540983,2.9596610169491524,40,40,0,4,0,2
noite_2,244,cw1,2,70.15,169.0,170.36,59,61,96.72131147540983,2.8874576271186445,35,62,0,0,0,2
noite_2,244,cw13,2,70.15,169.0,170.36,59,61,96.72131147540983,2.8874576271186445,35,62,0,0,0,2
noite_2,244,multi,2,70.15,169.0,170.36,59,61,96.72131147540983,2.8874576271186445,35,35,0,0,0,1
noite_2,245,cw1,2,73.25,176.0,177.89,58,61,95.08196721311475,3.067068965517241,34,62,0,0,1,4
noite_2,245,cw13,2,73.25,176.0,177.89,58,61,95.08196721311475,3.067068965517241,34,62,0,0,1,4
noite_2,245,multi,2,74.95,178.0,182.02,58,61,95.08196721311475,3.1382758620689657,31,31,0,0,0,2
noite_2,246,cw1,2,74.6,177.0,181.17,59,61,96.72131147540983,3.0706779661016945,33,66,0,0,1,3
noite_2,246,cw13,2,74.6,177.0,181.17,59,61,96.72131147540983,3.0706779661016945,33,66,0,0,1,3
noite_2,246,multi,3,80.0,194.0,194.29,59,61,96.72131147540983,3.2930508474576268,35,35,0,0,0,2
noite_2,247,cw1,2,72.8,178.0,176.8,59,61,96.72131147540983,2.9966101694915257,36,69,0,0,1,3
noite_2,247,cw13,2,72.8,178.0,176.8,59,61,96.72131147540983,2.9966101694915257,36,69,0,0,1,3
noite_2,247,multi,3,79.1,196.0,192.1,59,61,96.72131147540983,3.2559322033898304,36,36,0,0,0,2
noite_2,248,cw1,2,65.6,157.0,159.32,59,61,96.72131147540983,2.7003389830508473,37,74,0,1,0,1
noite_2,248,cw13,2,65.6,157.0,159.32,59,61,96.72131147540983,2.7003389830508473,37,74,0,1,0,1
noite_2,248,multi,2,66.2,160.0,160.78,59,61,96.72131147540983,2.725084745762712,39,39,0,3,0,1
noite_2,249,cw1,2,74.4,178.0,180.69,60,61,98.36065573770492,3.0115,32,59,0,0,1,4
noite_2,249,cw13,2,74.4,178.0,180.69,60,61,98.36065573770492,3.0115,32,59,0,0,1,4
noite_2,249,multi,3,81.9,196.0,198.9,60,61,98.36065573770492,3.315,32,32,0,0,0,2
noite_2,250,cw1,2,72.05,174.0,174.98,59,61,96.72131147540983,2.9657627118644068,36,68,0,0,1,3
noite_2,250,cw13,2,72.05,174.0,174.98,59,61,96.72131147540983,2.9657627118644068,36,68,0,0,1,3
noite_2,250,multi,2,71.85,175.0,174.5,59,61,96.72131147540983,2.957627118644068,38,38,0,2,1,2
noite_2,251,cw1,2,66.65,161.0,161.87,57,61,93.44262295081967,2.8398245614035087,36,36,0,0,0,1
noite_2,251,cw13,2,66.65,161.0,161.87,57,61,93.44262295081967,2.8398245614035087,36,36,0,0,0,1
noite_2,251,multi,2,78.95,183.0,191.74,57,61,93.44262295081967,3.363859649122807,37,37,0,1,1,1
noite_2,252,cw1,2,73.15,176.0,177.65,60,61,98.36065573770492,2.9608333333333334,39,66,0,3,0,3
noite_2,252,cw13,2,73.15,176.0,177.65,60,61,98.36065573770492,2.9608333333333334,39,66,0,3,0,3
noite_2,252,multi,2,73.15,176.0,177.65,60,61,98.36065573770492,2.9608333333333334,39,39,0,3,0,2
noite_2,253,cw1,2,72.45,178.0,175.95,60,61,98.36065573770492,2.9324999999999997,43,76,0,7,1,5
noite_2,253,cw13,2,72.45,178.0,175.95,60,61,98.36065573770492,2.9324999999999997,43,76,0,7,1,5
noite_2,253,multi,2,77.95,185.0,189.31,60,61,98.36065573770492,3.1551666666666667,40,40,0,4,1,2
noite_2,254,cw1,2,66.4,162.0,161.26,60,61,98.36065573770492,2.6876666666666664,31,62,0,0,1,4
noite_2,254,cw13,2,66.4,162.0,161.26,60,61,98.36065573770492,2.6876666666666664,31,62,0,0,1,4
noite_2,254,multi,2,67.3,164.0,163.45,60,61,98.36065573770492,2.7241666666666666,31,31,0,0,0,1
noite_2,255,cw1,2,59.8,146.0,145.23,58,61,95.08196721311475,2.503965517241379,40,75,0,4,0,2
noite_2,255,cw13,2,59.8,146.0,145.23,58,61,95.08196721311475,2.503965517241379,40,75,0,4,0,2
noite_2,255,multi,2,70.7,174.0,171.71,58,61,95.08196721311475,2.9605172413793106,40,40,0,4,0,1
noite_2,256,cw1,2,67.0,163.0,162.71,56,61,91.80327868852459,2.9055357142857146,29,58,0,0,0,3
noite_2,256,cw13,2,67.0,163.0,162.71,56,61,91.80327868852459,2.9055357142857146,29,58,0,0,0,3
noite_2,256,multi,2,72.5,170.0,176.07,56,61,91.80327868852459,3.1441071428571425,31,31,0,0,0,1
noite_2,257,cw1,2,64.8,157.0,157.37,59,61,96.72131147540983,2.6672881355932203,33,48,0,0,0,2
noite_2,257,cw13,2,64.8,157.0,157.37,59,61,96.72131147540983,2.6672881355932203,33,48,0,0,0,2
noite_2,257,multi,2,75.4,187.0,183.12,59,61,96.72131147540983,3.103728813559322,32,32,0,0,1,1
noite_2,258,cw1,2,73.8,180.0,179.23,60,61,98.36065573770492,2.9871666666666665,35,66,0,0,1,4
noite_2,258,cw13,2,73.8,180.0,179.23,60,61,98.36065573770492,2.9871666666666665,35,66,0,0,1,4
noite_2,258,multi,3,81.1,197.0,196.96,60,61,98.36065573770492,3.2826666666666666,33,33,0,0,0,2
noite_2,259,cw1,2,76.7,186.0,186.28,58,61,95.08196721311475,3.2117241379310344,34,64,0,0,1,3
noite_2,259,cw13,2,76.7,186.0,186.28,58,61,95.08196721311475,3.2117241379310344,34,64,0,0,1,3
noite_2,259,multi,3,97.35,229.0,236.43,58,61,95.08196721311475,4.076379310344827,33,33,0,0,1,2
noite_2,260,cw1,2,71.45,172.0,173.52,57,61,93.44262295081967,3.0442105263157897,33,66,0,0,0,2
noite_2,260,cw13,2,71.45,172.0,173.52,57,61,93.44262295081967,3.0442105263157897,33,66,0,0,0,2
noite_2,260,multi,2,73.55,184.0,178.62,57,61,93.44262295081967,3.133684210526316,34,34,0,0,1,2
noite_2,261,cw1,2,73.4,175.0,178.26,58,61,95.08196721311475,3.0734482758620687,28,56,0,0,0,2
noite_2,261,cw13,2,73.4,175.0,178.26,58,61,95.08196721311475,3.0734482758620687,28,56,0,0,0,2
noite_2,261,multi,2,75.55,183.0,183.48,58,61,95.08196721311475,3.163448275862069,30,30,0,0,1,1
noite_2,262,cw1,2,59.6,142.0,144.74,57,61,93.44262295081967,2.5392982456140354,28,28,0,0,1,2
noite_2,262,cw13,2,59.6,142.0,144.74,57,61,93.44262295081967,2.5392982456140354,28,28,0,0,1,2
noite_2,262,multi,2,75.0,177.0,182.14,57,61,93.44262295081967,3.1954385964912277,28,28,0,0,0,2
noite_2,263,cw1,2,73.95,178.0,179.59,60,61,98.36065573770492,2.9931666666666668,30,30,0,0,1,3
noite_2,263,cw13,2,73.95,178.0,179.59,60,61,98.36065573770492,2.9931666666666668,30,30,0,0,1,3
noite_2,263,multi,2,54.3,126.0,131.87,31,61,50.81967213114754,4.2538709677419355,28,28,0,0,0,0
noite_2,264,cw1,2,59.7,146.0,144.99,60,61,98.36065573770492,2.4165,36,36,0,0,0,1
noite_2,264,cw13,2,59.7,146.0,144.99,60,61,98.36065573770492,2.4165,36,36,0,0,0,1
noite_2,264,multi,2,65.3,161.0,158.59,60,61,98.36065573770492,2.6431666666666667,37,37,0,1,0,2
noite_2,265,cw1,2,72.85,178.0,176.92,55,61,90.1639344262295,3.2167272727272724,31,57,0,0,0,3
noite_2,265,cw13,2,72.85,178.0,176.92,55,61,90.1639344262295,3.2167272727272724,31,57,0,0,0,3
noite_2,265,multi,2,72.8,179.0,176.8,55,61,90.1639344262295,3.214545454545455,30,30,0,0,0,2
noite_2,266,cw1,2,74.2,180.0,180.21,60,61,98.36065573770492,3.0035000000000003,35,70,0,0,1,3
noite_2,266,cw13,2,74.2,180.0,180.21,60,61,98.36065573770492,3.0035000000000003,35,70,0,0,1,3
noite_2,266,multi,3,83.3,201.0,202.3,60,61,98.36065573770492,3.371666666666667,36,36,0,0,1,2
noite_2,267,cw1,2,70.15,174.0,170.36,58,61,95.08196721311475,2.937241379310345,34,60,0,0,1,4
noite_2,267,cw13,2,70.15,174.0,170.36,58,61,95.08196721311475,2.937241379310345,34,60,0,0,1,4
noite_2,267,multi,2,71.35,178.0,173.28,58,61,95.08196721311475,2.9875862068965517,32,32,0,0,0,0
noite_2,268,cw1,2,74.1,177.0,179.96,59,61,96.72131147540983,3.050169491525424,31,62,0,0,1,2
noite_2,268,cw13,2,74.1,177.0,179.96,59,61,96.72131147540983,3.050169491525424,31,62,0,0,1,2
noite_2,268,multi,2,71.0,176.0,172.43,59,61,96.72131147540983,2.922542372881356,33,33,0,0,0,2
noite_2,269,cw1,2,71.55,174.0,173.77,59,61,96.72131147540983,2.9452542372881356,35,69,0,0,0,3
noite_2,269,cw13,2,71.55,174.0,173.77,59,61,96.72131147540983,2.9452542372881356,35,69,0,0,0,3
noite_2,269,multi,2,70.25,169.0,170.61,59,61,96.72131147540983,2.8916949152542375,35,35,0,0,0,1
noite_2,270,cw1,2,69.9,171.0,169.76,58,61,95.08196721311475,2.9268965517241377,30,57,0,0,0,2
noite_2,270,cw13,2,69.9,171.0,169.76,58,61,95.08196721311475,2.9268965517241377,30,57,0,0,0,2
noite_2,270,multi,2,75.65,179.0,183.72,58,61,95.08196721311475,3.167586206896552,30,30,0,0,0,1
noite_2,271,cw1,2,62.05,144.0,150.69,59,61,96.72131147540983,2.5540677966101692,33,33,0,0,0,1
noite_2,271,cw13,2,62.05,144.0,150.69,59,61,96.72131147540983,2.5540677966101692,33,33,0,0,0,1
noite_2,271,multi,2,71.45,166.0,173.52,59,61,96.72131147540983,2.9410169491525426,33,33,0,0,0,0
noite_2,272,cw1,2,70.5,172.0,171.21,61,61,100.0,2.80672131147541,34,66,0,0,0,3
noite_2,272,cw13,2,70.5,172.0,171.21,61,61,100.0,2.80672131147541,34,66,0,0,0,3
noite_2,272,multi,2,66.1,165.0,160.53,61,61,100.0,2.631639344262295,34,34,0,0,0,2
noite_2,273,cw1,2,70.25,167.0,170.61,60,61,98.36065573770492,2.8435,31,31,0,0,1,1
noite_2,273,cw13,2,70.25,167.0,170.61,60,61,98.36065573770492,2.8435,31,31,0,0,1,1
noite_2,273,multi,2,70.75,170.0,171.83,60,61,98.36065573770492,2.8638333333333335,32,32,0,0,0,1
noite_2,274,cw1,2,71.8,177.0,174.37,59,61,96.72131147540983,2.9554237288135594,34,63,0,0,0,3
noite_2,274,cw13,2,71.8,177.0,174.37,59,61,96.72131147540983,2.9554237288135594,34,63,0,0,0,3
noite_2,274,multi,3,80.8,198.0,196.23,59,61,96.72131147540983,3.32593220338983,34,34,0,0,1,2
noite_2,275,cw1,2,69.35,170.0,168.42,59,61,96.72131147540983,2.8545762711864406,30,43,0,0,1,4
noite_2,275,cw13,2,69.35,170.0,168.42,59,61,96.72131147540983,2.8545762711864406,30,43,0,0,1,4
noite_2,275,multi,2,69.25,168.0,168.18,59,61,96.72131147540983,2.850508474576271,28,28,0,0,0,1
noite_2,276,cw1,2,72.3,168.0,175.59,57,61,93.44262295081967,3.0805263157894736,38,38,0,2,0,1
noite_2,276,cw13,2,72.3,168.0,175.59,57,61,93.44262295081967,3.0805263157894736,38,38,0,2,0,1
noite_2,276,multi,2,72.5,172.0,176.08,57,61,93.44262295081967,3.089122807017544,38,38,0,2,1,1
noite_2,277,cw1,2,68.2,166.0,165.63,61,61,100.0,2.715245901639344,33,63,0,0,0,3
noite_2,277,cw13,2,68.2,166.0,165.63,61,61,100.0,2.715245901639344,33,63,0,0,0,3
noite_2,277,multi,2,42.55,103.0,103.33,35,61,57.377049180327866,2.9522857142857144,33,33,0,0,0,1
noite_2,278,cw1,2,64.35,156.0,156.28,60,61,98.36065573770492,2.6046666666666667,39,39,0,3,1,2
noite_2,278,cw13,2,64.35,156.0,156.28,60,61,98.36065573770492,2.6046666666666667,39,39,0,3,1,2
noite_2,278,multi,2,71.8,173.0,174.38,60,61,98.36065573770492,2.9063333333333334,39,39,0,3,1,1
noite_2,279,cw1,2,73.25,176.0,177.9,60,61,98.36065573770492,2.9650000000000003,38,76,0,2,0,3
noite_2,279,cw13,2,73.25,176.0,177.9,60,61,98.36065573770492,2.9650000000000003,38,76,0,2,0,3
noite_2,279,multi,2,70.95,172.0,172.31,60,61,98.36065573770492,2.8718333333333335,39,39,0,3,0,1
noite_2,280,cw1,2,70.65,167.0,171.58,58,61,95.08196721311475,2.9582758620689655,31,59,0,0,0,3
noite_2,280,cw13,2,70.65,167.0,171.58,58,61,95.08196721311475,2.9582758620689655,31,59,0,0,0,3
noite_2,280,multi,2,71.35,169.0,173.28,58,61,95.08196721311475,2.9875862068965517,31,31,0,0,0,1
noite_2,281,cw1,2,69.1,167.0,167.82,58,61,95.08196721311475,2.893448275862069,39,78,0,3,0,1
noite_2,281,cw13,2,69.1,167.0,167.82,58,61,95.08196721311475,2.893448275862069,39,78,0,3,0,1
noite_2,281,multi,2,70.0,170.0,170.0,58,61,95.08196721311475,2.9310344827586206,40,40,0,4,0,1
noite_2,282,cw1,2,67.1,165.0,162.96,59,61,96.72131147540983,2.7620338983050847,29,29,0,0,1,2
noite_2,282,cw13,2,67.1,165.0,162.96,59,61,96.72131147540983,2.7620338983050847,29,29,0,0,1,2
noite_2,282,multi,2,71.8,172.0,174.37,59,61,96.72131147540983,2.9554237288135594,32,32,0,0,1,2
noite_2,283,cw1,2,69.9,171.0,169.76,59,61,96.72131147540983,2.8772881355932203,27,54,0,0,0,3
noite_2,283,cw13,2,69.9,171.0,169.76,59,61,96.72131147540983,2.8772881355932203,27,54,0,0,0,3
noite_2,283,multi,2,71.05,174.0,172.55,59,61,96.72131147540983,2.924576271186441,29,29,0,0,0,1
noite_2,284,cw1,2,70.05,170.0,170.12,59,61,96.72131147540983,2.8833898305084746,40,73,0,4,0,3
noite_2,284,cw13,2,70.05,170.0,170.12,59,61,96.72131147540983,2.8833898305084746,40,73,0,4,0,3
noite_2,284,multi,2,71.85,176.0,174.49,59,61,96.72131147540983,2.9574576271186443,39,39,0,3,0,1
noite_2,285,cw1,2,74.45,178.0,180.81,60,61,98.36065573770492,3.0135,33,33,0,0,1,2
noite_2,285,cw13,2,74.45,178.0,180.81,60,61,98.36065573770492,3.0135,33,33,0,0,1,2
noite_2,285,multi,3,96.15,230.0,233.51,60,61,98.36065573770492,3.891833333333333,33,33,0,0,1,1
noite_2,286,cw1,2,67.9,166.0,164.91,56,61,91.80327868852459,2.9448214285714287,28,50,0,0,0,3
noite_2,286,cw13,2,67.9,166.0,164.91,56,61,91.80327868852459,2.9448214285714287,28,50,0,0,0,3
noite_2,286,multi,2,65.75,163.0,159.69,56,61,91.80327868852459,2.851607142857143,29,29,0,0,1,1
noite_2,287,cw1,2,66.2,162.0,160.77,57,61,93.44262295081967,2.8205263157894738,31,31,0,0,0,1
noite_2,287,cw13,2,66.2,162.0,160.77,57,61,93.44262295081967,2.8205263157894738,31,31,0,0,0,1
noite_2,287,multi,2,71.2,177.0,172.92,57,61,93.44262295081967,3.0336842105263155,32,32,0,0,0,2
noite_2,288,cw1,2,75.35,181.0,182.99,59,61,96.72131147540983,3.101525423728814,32,50,0,0,1,2
noite_2,288,cw13,2,75.35,181.0,182.99,59,61,96.72131147540983,3.101525423728814,32,50,0,0,1,2
noite_2,288,multi,2,44.55,106.0,108.19,28,61,45.90163934426229,3.863928571428571,27,27,0,0,0,1
noite_2,289,cw1,2,72.9,175.0,177.04,58,61,95.08196721311475,3.0524137931034483,32,64,0,0,0,3
noite_2,289,cw13,2,72.9,175.0,177.04,58,61,95.08196721311475,3.0524137931034483,32,64,0,0,0,3
noite_2,289,multi,2,73.5,178.0,178.5,58,61,95.08196721311475,3.0775862068965516,34,34,0,0,0,2
noite_2,290,cw1,2,65.75,155.0,159.68,58,61,95.08196721311475,2.753103448275862,31,31,0,0,0,0
noite_2,290,cw13,2,65.75,155.0,159.68,58,61,95.08196721311475,2.753103448275862,31,31,0,0,0,0
noite_2,290,multi,2,72.55,176.0,176.19,58,61,95.08196721311475,3.037758620689655,33,33,0,0,1,1
noite_2,291,cw1,2,75.4,182.0,183.12,59,61,96.72131147540983,3.103728813559322,32,64,0,0,1,2
noite_2,291,cw13,2,75.4,182.0,183.12,59,61,96.72131147540983,3.103728813559322,32,64,0,0,1,2
noite_2,291,multi,3,82.7,199.0,200.85,59,61,96.72131147540983,3.4042372881355933,33,33,0,0,1,2
noite_2,292,cw1,2,78.35,191.0,190.28,61,61,100.0,3.119344262295082,39,74,0,3,1,4
noite_2,292,cw13,2,78.35,191.0,190.28,61,61,100.0,3.119344262295082,39,74,0,3,1,4
noite_2,292,multi,3,84.75,197.0,205.82,61,61,100.0,3.3740983606557378,39,39,0,3,0,2
noite_2,293,cw1,2,69.25,168.0,168.18,61,61,100.0,2.757049180327869,37,67,0,1,0,3
noite_2,293,cw13,2,69.25,168.0,168.18,61,61,100.0,2.757049180327869,37,67,0,1,0,3
noite_2,293,multi,2,69.95,170.0,169.88,61,61,100.0,2.784918032786885,37,37,0,1,0,1
noite_2,294,cw1,2,71.7,175.0,174.13,58,61,95.08196721311475,3.0022413793103446,30,60,0,0,1,2
noite_2,294,cw13,2,71.7,175.0,174.13,58,61,95.08196721311475,3.0022413793103446,30,60,0,0,1,2
noite_2,294,multi,2,72.4,176.0,175.83,58,61,95.08196721311475,3.0315517241379313,32,32,0,0,0,2
noite_2,295,cw1,2,70.15,171.0,170.36,61,61,100.0,2.792786885245902,35,66,0,0,0,4
noite_2,295,cw13,2,70.15,171.0,170.36,61,61,100.0,2.792786885245902,35,66,0,0,0,4
noite_2,295,multi,2,72.15,178.0,175.22,61,61,100.0,2.8724590163934427,34,34,0,0,0,1
noite_2,296,cw1,2,73.75,178.0,179.11,60,61,98.36065573770492,2.9851666666666667,37,65,0,1,0,3
noite_2,296,cw13,2,73.75,178.0,179.11,60,61,98.36065573770492,2.9851666666666667,37,65,0,1,0,3
noite_2,296,multi,2,75.6,186.0,183.6,60,61,98.36065573770492,3.06,35,35,0,0,1,2
noite_2,297,cw1,2,68.7,168.0,166.85,60,61,98.36065573770492,2.7808333333333333,34,63,0,0,0,3
noite_2,297,cw13,2,68.7,168.0,166.85,60,61,98.36065573770492,2.7808333333333333,34,63,0,0,0,3
noite_2,297,multi,2,71.45,173.0,173.53,60,61,98.36065573770492,2.8921666666666668,32,32,0,0,1,1
noite_2,298,cw1,2,71.8,172.0,174.37,58,61,95.08196721311475,3.0063793103448275,31,62,0,0,1,2
noite_2,298,cw13,2,71.8,172.0,174.37,58,61,95.08196721311475,3.0063793103448275,31,62,0,0,1,2
noite_2,298,multi,3,81.25,195.0,197.32,58,61,95.08196721311475,3.402068965517241,33,33,0,0,1,2
noite_2,299,cw1,2,67.8,165.0,164.66,58,61,95.08196721311475,2.8389655172413795,40,71,0,4,0,4
noite_2,299,cw13,2,67.8,165.0,164.66,58,61,95.08196721311475,2.8389655172413795,40,71,0,4,0,4
noite_2,299,multi,2,68.5,167.0,166.36,58,61,95.08196721311475,2.8682758620689657,40,40,0,4,0,2
noite_2,300,cw1,2,73.95,179.0,179.6,58,61,95.08196721311475,3.096551724137931,38,76,0,2,1,3
noite_2,300,cw13,2,73.95,179.0,179.6,58,61,95.08196721311475,3.096551724137931,38,76,0,2,1,3
noite_2,300,multi,2,74.55,182.0,181.05,58,61,95.08196721311475,3.121551724137931,39,39,0,3,1,2
noite_2,301,cw1,2,72.6,175.0,176.32,61,61,100.0,2.8904918032786884,35,70,0,0,0,3
noite_2,301,cw13,2,72.6,175.0,176.32,61,61,100.0,2.8904918032786884,35,70,0,0,0,3
noite_2,301,multi,2,71.9,173.0,174.62,61,61,100.0,2.8626229508196723,36,36,0,0,0,1
noite_2,302,cw1,2,67.5,161.0,163.93,61,61,100.0,2.687377049180328,39,78,0,3,0,1
noite_2,302,cw13,2,67.5,161.0,163.93,61,61,100.0,2.687377049180328,39,78,0,3,0,1
noite_2,302,multi,2,70.45,171.0,171.1,61,61,100.0,2.804918032786885,40,40,0,4,1,1
noite_2,303,cw1,2,66.15,157.0,160.65,61,61,100.0,2.6336065573770493,37,37,0,1,0,2
noite_2,303,cw13,2,66.15,157.0,160.65,61,61,100.0,2.6336065573770493,37,37,0,1,0,2
noite_2,303,multi,2,73.25,172.0,177.9,61,61,100.0,2.916393442622951,37,37,0,1,0,0
noite_2,304,cw1,2,70.95,171.0,172.31,61,61,100.0,2.8247540983606556,38,71,0,2,0,3
noite_2,304,cw13,2,70.95,171.0,172.31,61,61,100.0,2.8247540983606556,38,71,0,2,0,3
noite_2,304,multi,2,70.95,171.0,172.31,61,61,100.0,2.8247540983606556,38,38,0,2,0,2
noite_2,305,cw1,2,70.45,168.0,171.09,60,61,98.36065573770492,2.8515,33,61,0,0,0,4
noite_2,305,cw13,2,70.45,168.0,171.09,60,61,98.36065573770492,2.8515,33,61,0,0,0,4
noite_2,305,multi,2,70.45,168.0,171.09,60,61,98.36065573770492,2.8515,33,33,0,0,0,2
noite_2,306,cw1,2,78.4,189.0,190.4,60,61,98.36065573770492,3.1733333333333333,37,70,0,1,1,4
noite_2,306,cw13,2,78.4,189.0,190.4,60,61,98.36065573770492,3.1733333333333333,37,70,0,1,1,4
noite_2,306,multi,3,82.65,198.0,200.72,60,61,98.36065573770492,3.3453333333333335,37,37,0,1,0,1
noite_2,307,cw1,2,60.8,147.0,147.66,60,61,98.36065573770492,2.461,34,68,0,0,0,1
noite_2,307,cw13,2,60.8,147.0,147.66,60,61,98.36065573770492,2.461,34,68,0,0,0,1
noite_2,307,multi,2,75.2,179.0,182.63,60,61,98.36065573770492,3.043833333333333,34,34,0,0,1,0
noite_2,308,cw1,2,75.1,179.0,182.38,60,61,98.36065573770492,3.0396666666666667,35,63,0,0,1,4
noite_2,308,cw13,2,75.1,179.0,182.38,60,61,98.36065573770492,3.0396666666666667,35,63,0,0,1,4
noite_2,308,multi,2,47.05,112.0,114.26,37,61,60.65573770491803,3.0881081081081083,33,33,0,0,0,1
noite_2,309,cw1,2,73.8,172.0,179.23,60,61,98.36065573770492,2.9871666666666665,38,71,0,2,0,3
noite_2,309,cw13,2,73.8,172.0,179.23,60,61,98.36065573770492,2.9871666666666665,38,71,0,2,0,3
noite_2,309,multi,2,74.5,174.0,180.93,60,61,98.36065573770492,3.0155000000000003,38,38,0,2,0,1
noite_2,310,cw1,2,66.1,162.0,160.54,59,61,96.72131147540983,2.7210169491525424,43,43,0,7,0,1
noite_2,310,cw13,2,66.1,162.0,160.54,59,61,96.72131147540983,2.7210169491525424,43,43,0,7,0,1
noite_2,310,multi,2,66.1,162.0,160.54,59,61,96.72131147540983,2.7210169491525424,43,43,0,7,0,1
noite_2,311,cw1,2,74.15,181.0,180.09,55,61,90.1639344262295,3.2743636363636366,34,60,0,0,1,3
noite_2,311,cw13,2,74.15,181.0,180.09,55,61,90.1639344262295,3.2743636363636366,34,60,0,0,1,3
noite_2,311,multi,1,34.7,87.0,84.27,35,61,57.377049180327866,2.4077142857142855,33,33,0,0,0,1
noite_2,312,cw1,2,62.4,151.0,151.54,59,61,96.72131147540983,2.5684745762711865,31,62,0,0,0,2
noite_2,312,cw13,2,62.4,151.0,151.54,59,61,96.72131147540983,2.5684745762711865,31,62,0,0,0,2
noite_2,312,multi,2,77.1,183.0,187.25,59,61,96.72131147540983,3.1737288135593222,31,31,0,0,1,0
noite_2,313,cw1,2,76.4,184.0,185.54,61,61,100.0,3.041639344262295,35,63,0,0,1,4
noite_2,313,cw13,2,76.4,184.0,185.54,61,61,100.0,3.041639344262295,35,63,0,0,1,4
noite_2,313,multi,3,80.7,189.0,195.99,61,61,100.0,3.2129508196721313,34,34,0,0,0,2
noite_2,314,cw1,2,75.9,183.0,184.34,59,61,96.72131147540983,3.124406779661017,31,48,0,0,1,2
noite_2,314,cw13,2,75.9,183.0,184.34,59,61,96.72131147540983,3.124406779661017,31,48,0,0,1,2
noite_2,314,multi,3,95.85,225.0,232.79,59,61,96.72131147540983,3.9455932203389827,28,28,0,0,1,2
noite_2,315,cw1,2,69.05,167.0,167.69,61,61,100.0,2.749016393442623,38,73,0,2,0,3
noite_2,315,cw13,2,69.05,167.0,167.69,61,61,100.0,2.749016393442623,38,73,0,2,0,3
noite_2,315,multi,2,71.35,168.0,173.29,61,61,100.0,2.8408196721311474,39,39,0,3,0,1
noite_2,316,cw1,2,75.65,184.0,183.73,60,61,98.36065573770492,3.0621666666666667,34,61,0,0,1,4
noite_2,316,cw13,2,75.65,184.0,183.73,60,61,98.36065573770492,3.0621666666666667,34,61,0,0,1,4
noite_2,316,multi,3,85.35,205.0,207.28,60,61,98.36065573770492,3.4546666666666668,34,34,0,0,1,2
noite_2,317,cw1,2,75.05,182.0,182.26,57,61,93.44262295081967,3.1975438596491226,30,55,0,0,1,4
noite_2,317,cw13,2,75.05,182.0,182.26,57,61,93.44262295081967,3.1975438596491226,30,55,0,0,1,4
noite_2,317,multi,2,73.45,178.0,178.38,57,61,93.44262295081967,3.1294736842105264,30,30,0,0,0,2
noite_2,318,cw1,2,71.45,175.0,173.53,61,61,100.0,2.8447540983606556,34,43,0,0,1,1
noite_2,318,cw13,2,71.45,175.0,173.53,61,61,100.0,2.8447540983606556,34,43,0,0,1,1
noite_2,318,multi,2,40.7,103.0,98.85,31,61,50.81967213114754,3.1887096774193546,27,27,0,0,0,1
noite_2,319,cw1,2,72.05,172.0,174.98,57,61,93.44262295081967,3.0698245614035087,29,54,0,0,0,3
noite_2,319,cw13,2,72.05,172.0,174.98,57,61,93.44262295081967,3.0698245614035087,29,54,0,0,0,3
noite_2,319,multi,2,70.55,170.0,171.34,57,61,93.44262295081967,3.0059649122807017,28,28,0,0,0,2
noite_2,320,cw1,2,79.0,191.0,191.86,59,61,96.72131147540983,3.2518644067796614,31,57,0,0,1,5
noite_2,320,cw13,2,79.0,191.0,191.86,59,61,96.72131147540983,3.2518644067796614,31,57,0,0,1,5
noite_2,320,multi,3,83.6,200.0,203.03,59,61,96.72131147540983,3.441186440677966,30,30,0,0,0,2
noite_2,321,cw1,2,67.4,164.0,163.69,58,61,95.08196721311475,2.822241379310345,36,36,0,0,0,2
noite_2,321,cw13,2,67.4,164.0,163.69,58,61,95.08196721311475,2.822241379310345,36,36,0,0,0,2
noite_2,321,multi,2,67.4,164.0,163.69,58,61,95.08196721311475,2.822241379310345,36,36,0,0,0,1
noite_2,322,cw1,2,74.4,176.0,180.69,60,61,98.36065573770492,3.0115,38,38,0,2,1,1
noite_2,322,cw13,2,74.4,176.0,180.69,60,61,98.36065573770492,3.0115,38,38,0,2,1,1
noite_2,322,multi,3,81.4,192.0,197.69,60,61,98.36065573770492,3.2948333333333335,38,38,0,2,1,1
noite_2,323,cw1,2,67.9,163.0,164.9,60,61,98.36065573770492,2.7483333333333335,32,32,0,0,1,2
noite_2,323,cw13,2,67.9,163.0,164.9,60,61,98.36065573770492,2.7483333333333335,32,32,0,0,1,2
noite_2,323,multi,2,71.2,172.0,172.92,60,61,98.36065573770492,2.8819999999999997,32,32,0,0,0,1
noite_2,324,cw1,2,71.5,176.0,173.65,61,61,100.0,2.84672131147541,39,72,0,3,0,2
noite_2,324,cw13,2,71.5,176.0,173.65,61,61,100.0,2.84672131147541,39,72,0,3,0,2
noite_2,324,multi,2,71.5,176.0,173.65,61,61,100.0,2.84672131147541,39,39,0,3,0,2
noite_2,325,cw1,2,71.0,168.0,172.44,60,61,98.36065573770492,2.874,44,86,0,8,0,2
noite_2,325,cw13,2,71.0,168.0,172.44,60,61,98.36065573770492,2.874,44,86,0,8,0,2
noite_2,325,multi,2,70.9,170.0,172.19,60,61,98.36065573770492,2.8698333333333332,44,44,0,8,0,1
noite_2,326,cw1,2,73.7,178.0,178.98,60,61,98.36065573770492,2.9829999999999997,32,54,0,0,1,3
noite_2,326,cw13,2,73.7,178.0,178.98,60,61,98.36065573770492,2.9829999999999997,32,54,0,0,1,3
noite_2,326,multi,2,63.0,148.0,153.01,37,61,60.65573770491803,4.135405405405405,31,31,0,0,0,1
noite_2,327,cw1,2,70.7,170.0,171.7,56,61,91.80327868852459,3.0660714285714286,30,53,0,0,0,3
noite_2,327,cw13,2,70.7,170.0,171.7,56,61,91.80327868852459,3.0660714285714286,30,53,0,0,0,3
noite_2,327,multi,2,70.75,172.0,171.82,56,61,91.80327868852459,3.068214285714286,28,28,0,0,0,2
noite_2,328,cw1,2,62.8,154.0,152.52,58,61,95.08196721311475,2.629655172413793,38,70,0,2,0,2
noite_2,328,cw13,2,62.8,154.0,152.52,58,61,95.08196721311475,2.629655172413793,38,70,0,2,0,2
noite_2,328,multi,2,61.6,152.0,149.6,58,61,95.08196721311475,2.579310344827586,38,38,0,2,0,2
noite_2,329,cw1,2,74.65,178.0,181.3,61,61,100.0,2.972131147540984,33,47,0,0,1,4
noite_2,329,cw13,2,74.65,178.0,181.3,61,61,100.0,2.972131147540984,33,47,0,0,1,4
noite_2,329,multi,3,83.95,201.0,203.88,61,61,100.0,3.342295081967213,32,32,0,0,1,2
noite_2,330,cw1,2,71.6,171.0,173.89,57,61,93.44262295081967,3.0507017543859645,31,62,0,0,0,2
noite_2,330,cw13,2,71.6,171.0,173.89,57,61,93.44262295081967,3.0507017543859645,31,62,0,0,0,2
noite_2,330,multi,2,71.0,171.0,172.43,57,61,93.44262295081967,3.025087719298246,33,33,0,0,0,1
noite_2,331,cw1,2,73.15,178.0,177.65,58,61,95.08196721311475,3.0629310344827587,37,67,0,1,0,5
noite_2,331,cw13,2,73.15,178.0,177.65,58,61,95.08196721311475,3.0629310344827587,37,67,0,1,0,5
noite_2,331,multi,2,72.35,178.0,175.71,58,61,95.08196721311475,3.0294827586206896,36,36,0,0,0,2
noite_2,332,cw1,2,71.45,173.0,173.53,57,61,93.44262295081967,3.044385964912281,30,51,0,0,1,2
noite_2,332,cw13,2,71.45,173.0,173.53,57,61,93.44262295081967,3.044385964912281,30,51,0,0,1,2
noite_2,332,multi,2,73.4,177.0,178.26,57,61,93.44262295081967,3.1273684210526316,28,28,0,0,0,2
noite_2,333,cw1,2,73.7,177.0,178.99,61,61,100.0,2.9342622950819672,36,72,0,0,0,1
noite_2,333,cw13,2,73.7,177.0,178.99,61,61,100.0,2.9342622950819672,36,72,0,0,0,1
noite_2,333,multi,3,80.9,198.0,196.47,61,61,100.0,3.2208196721311477,37,37,0,1,0,1
noite_2,334,cw1,2,74.65,179.0,181.3,58,61,95.08196721311475,3.1258620689655174,34,64,0,0,1,4
noite_2,334,cw13,2,74.65,179.0,181.3,58,61,95.08196721311475,3.1258620689655174,34,64,0,0,1,4
noite_2,334,multi,2,75.35,181.0,183.0,58,61,95.08196721311475,3.1551724137931036,33,33,0,0,1,2
noite_2,335,cw1,2,69.9,168.0,169.76,59,61,96.72131147540983,2.8772881355932203,30,60,0,0,0,3
noite_2,335,cw13,2,69.9,168.0,169.76,59,61,96.72131147540983,2.8772881355932203,30,60,0,0,0,3
noite_2,335,multi,2,70.25,167.0,170.61,59,61,96.72131147540983,2.8916949152542375,30,30,0,0,0,1
noite_2,336,cw1,2,78.2,188.0,189.92,59,61,96.72131147540983,3.2189830508474575,34,68,0,0,1,3
noite_2,336,cw13,2,78.2,188.0,189.92,59,61,96.72131147540983,3.2189830508474575,34,68,0,0,1,3
noite_2,336,multi,3,99.5,237.0,241.65,59,61,96.72131147540983,4.095762711864407,35,35,0,0,2,2
noite_2,337,cw1,2,71.95,176.0,174.74,61,61,100.0,2.8645901639344262,32,57,0,0,1,4
noite_2,337,cw13,2,71.95,176.0,174.74,61,61,100.0,2.8645901639344262,32,57,0,0,1,4
noite_2,337,multi,3,85.45,210.0,207.52,61,61,100.0,3.4019672131147543,32,32,0,0,1,2
noite_2,338,cw1,2,70.4,169.0,170.97,60,61,98.36065573770492,2.8495,40,67,0,4,0,4
noite_2,338,cw13,2,70.4,169.0,170.97,60,61,98.36065573770492,2.8495,40,67,0,4,0,4
noite_2,338,multi,2,71.0,172.0,172.43,60,61,98.36065573770492,2.8738333333333332,36,36,0,0,0,2
noite_2,339,cw1,2,70.35,173.0,170.85,59,61,96.72131147540983,2.8957627118644065,35,66,0,0,0,2
noite_2,339,cw13,2,70.35,173.0,170.85,59,61,96.72131147540983,2.8957627118644065,35,66,0,0,0,2
noite_2,339,multi,2,69.8,172.0,169.51,59,61,96.72131147540983,2.873050847457627,35,35,0,0,0,1
noite_2,340,cw1,2,74.6,178.0,181.17,60,61,98.36065573770492,3.0195,29,49,0,0,1,3
noite_2,340,cw13,2,74.6,178.0,181.17,60,61,98.36065573770492,3.0195,29,49,0,0,1,3
noite_2,340,multi,2,73.4,178.0,178.26,60,61,98.36065573770492,2.9709999999999996,29,29,0,0,0,2
noite_2,341,cw1,2,71.95,179.0,174.74,60,61,98.36065573770492,2.9123333333333337,33,64,0,0,1,3
noite_2,341,cw13,2,71.95,179.0,174.74,60,61,98.36065573770492,2.9123333333333337,33,64,0,0,1,3
noite_2,341,multi,3,78.25,197.0,190.04,60,61,98.36065573770492,3.167333333333333,33,33,0,0,1,2
noite_2,342,cw1,2,68.5,167.0,166.36,60,61,98.36065573770492,2.772666666666667,42,71,0,6,0,2
noite_2,342,cw13,2,68.5,167.0,166.36,60,61,98.36065573770492,2.772666666666667,42,71,0,6,0,2
noite_2,342,multi,2,68.5,167.0,166.36,60,61,98.36065573770492,2.772666666666667,42,42,0,6,0,2
noite_2,343,cw1,2,77.3,186.0,187.73,59,61,96.72131147540983,3.1818644067796606,36,65,0,0,1,3
noite_2,343,cw13,2,77.3,186.0,187.73,59,61,96.72131147540983,3.1818644067796606,36,65,0,0,1,3
noite_2,343,multi,3,82.1,196.0,199.38,59,61,96.72131147540983,3.379322033898305,36,36,0,0,0,2
noite_2,344,cw1,2,74.75,181.0,181.54,61,61,100.0,2.9760655737704917,35,65,0,0,1,5
noite_2,344,cw13,2,74.75,181.0,181.54,61,61,100.0,2.9760655737704917,35,65,0,0,1,5
noite_2,344,multi,3,80.15,195.0,194.65,61,61,100.0,3.1909836065573773,34,34,0,0,0,2
noite_2,345,cw1,2,74.75,181.0,181.53,57,61,93.44262295081967,3.1847368421052633,29,46,0,0,1,3
noite_2,345,cw13,2,74.75,181.0,181.53,57,61,93.44262295081967,3.1847368421052633,29,46,0,0,1,3
noite_2,345,multi,2,46.1,111.0,111.95,28,61,45.90163934426229,3.998214285714286,27,27,0,0,0,1
noite_2,346,cw1,2,71.45,169.0,173.52,60,61,98.36065573770492,2.8920000000000003,30,56,0,0,1,3
noite_2,346,cw13,2,71.45,169.0,173.52,60,61,98.36065573770492,2.8920000000000003,30,56,0,0,1,3
noite_2,346,multi,2,76.1,182.0,184.82,60,61,98.36065573770492,3.0803333333333334,30,30,0,0,1,1
noite_2,347,cw1,2,72.75,175.0,176.68,59,61,96.72131147540983,2.9945762711864408,38,68,0,2,0,3
noite_2,347,cw13,2,72.75,175.0,176.68,59,61,96.72131147540983,2.9945762711864408,38,68,0,2,0,3
noite_2,347,multi,2,72.45,175.0,175.95,59,61,96.72131147540983,2.9822033898305085,38,38,0,2,0,2
noite_2,348,cw1,2,75.2,184.0,182.63,61,61,100.0,2.993934426229508,33,59,0,0,1,5
noite_2,348,cw13,2,75.2,184.0,182.63,61,61,100.0,2.993934426229508,33,59,0,0,1,5
noite_2,348,multi,3,78.9,186.0,191.62,61,61,100.0,3.1413114754098364,33,33,0,0,0,2
noite_2,349,cw1,2,64.05,152.0,155.55,57,61,93.44262295081967,2.728947368421053,38,70,0,2,0,1
noite_2,349,cw13,2,64.05,152.0,155.55,57,61,93.44262295081967,2.728947368421053,38,70,0,2,0,1
noite_2,349,multi,2,64.55,162.0,156.77,57,61,93.44262295081967,2.7503508771929828,38,38,0,2,0,1
noite_2,350,cw1,2,76.3,183.0,185.3,59,61,96.72131147540983,3.1406779661016953,39,70,0,3,1,4
noite_2,350,cw13,2,76.3,183.0,185.3,59,61,96.72131147540983,3.1406779661016953,39,70,0,3,1,4
noite_2,350,multi,2,75.95,182.0,184.45,59,61,96.72131147540983,3.1262711864406776,38,38,0,2,1,2
noite_2,351,cw1,2,72.85,178.0,176.92,59,61,96.72131147540983,2.9986440677966097,38,67,0,2,0,3
noite_2,351,cw13,2,72.85,178.0,176.92,59,61,96.72131147540983,2.9986440677966097,38,67,0,2,0,3
noite_2,351,multi,2,72.8,179.0,176.8,59,61,96.72131147540983,2.9966101694915257,36,36,0,0,0,2
noite_2,352,cw1,2,72.25,174.0,175.47,61,61,100.0,2.8765573770491804,37,74,0,1,0,2
noite_2,352,cw13,2,72.25,174.0,175.47,61,61,100.0,2.8765573770491804,37,74,0,1,0,2
noite_2,352,multi,2,71.65,174.0,174.01,61,61,100.0,2.852622950819672,38,38,0,2,0,1
noite_2,353,cw1,2,73.1,179.0,177.53,60,61,98.36065573770492,2.958833333333333,34,60,0,0,1,4
noite_2,353,cw13,2,73.1,179.0,177.53,60,61,98.36065573770492,2.958833333333333,34,60,0,0,1,4
noite_2,353,multi,2,54.05,130.0,131.27,37,61,60.65573770491803,3.547837837837838,33,33,0,0,0,1
noite_2,354,cw1,2,78.35,188.0,190.28,56,61,91.80327868852459,3.3978571428571427,31,62,0,0,1,3
noite_2,354,cw13,2,78.35,188.0,190.28,56,61,91.80327868852459,3.3978571428571427,31,62,0,0,1,3
noite_2,354,multi,2,73.65,179.0,178.86,56,61,91.80327868852459,3.1939285714285717,33,33,0,0,0,1
noite_2,355,cw1,2,72.15,177.0,175.22,56,61,91.80327868852459,3.1289285714285713,31,58,0,0,1,4
noite_2,355,cw13,2,72.15,177.0,175.22,56,61,91.80327868852459,3.1289285714285713,31,58,0,0,1,4
noite_2,355,multi,2,65.8,158.0,159.8,36,61,59.01639344262295,4.438888888888889,31,31,0,0,0,1
noite_2,356,cw1,2,77.55,186.0,188.33,57,61,93.44262295081967,3.3040350877192983,34,66,0,0,1,4
noite_2,356,cw13,2,77.55,186.0,188.33,57,61,93.44262295081967,3.3040350877192983,34,66,0,0,1,4
noite_2,356,multi,2,70.35,171.0,170.85,57,61,93.44262295081967,2.9973684210526317,34,34,0,0,0,1
noite_2,357,cw1,2,67.85,162.0,164.78,57,61,93.44262295081967,2.8908771929824564,30,30,0,0,0,0
noite_2,357,cw13,2,67.85,162.0,164.78,57,61,93.44262295081967,2.8908771929824564,30,30,0,0,0,0
noite_2,357,multi,2,68.85,168.0,167.21,57,61,93.44262295081967,2.9335087719298247,34,34,0,0,0,1
noite_2,358,cw1,2,75.75,184.0,183.96,60,61,98.36065573770492,3.0660000000000003,32,59,0,0,1,3
noite_2,358,cw13,2,75.75,184.0,183.96,60,61,98.36065573770492,3.0660000000000003,32,59,0,0,1,3
noite_2,358,multi,3,79.25,195.0,192.47,60,61,98.36065573770492,3.2078333333333333,31,31,0,0,0,2
noite_2,359,cw1,2,69.65,172.0,169.15,59,61,96.72131147540983,2.866949152542373,33,62,0,0,0,3
noite_2,359,cw13,2,69.65,172.0,169.15,59,61,96.72131147540983,2.866949152542373,33,62,0,0,0,3
noite_2,359,multi,2,67.95,169.0,165.02,59,61,96.72131147540983,2.796949152542373,34,34,0,0,0,2
noite_2,360,cw1,2,73.0,177.0,177.29,60,61,98.36065573770492,2.954833333333333,32,64,0,0,1,3
noite_2,360,cw13,2,73.0,177.0,177.29,60,61,98.36065573770492,2.954833333333333,32,64,0,0,1,3
noite_2,360,multi,3,82.6,199.0,200.6,60,61,98.36065573770492,3.3433333333333333,34,34,0,0,0,2
noite_2,361,cw1,2,70.15,173.0,170.36,58,61,95.08196721311475,2.937241379310345,34,63,0,0,0,2
noite_2,361,cw13,2,70.15,173.0,170.36,58,61,95.08196721311475,2.937241379310345,34,63,0,0,0,2
noite_2,361,multi,2,75.05,177.0,182.26,58,61,95.08196721311475,3.142413793103448,34,34,0,0,0,1
noite_2,362,cw1,2,70.2,173.0,170.49,60,61,98.36065573770492,2.8415000000000004,32,62,0,0,1,3
noite_2,362,cw13,2,70.2,173.0,170.49,60,61,98.36065573770492,2.8415000000000004,32,62,0,0,1,3
noite_2,362,multi,2,78.1,184.0,189.67,60,61,98.36065573770492,3.1611666666666665,31,31,0,0,1,2
noite_2,363,cw1,2,62.6,152.0,152.03,59,61,96.72131147540983,2.5767796610169493,33,63,0,0,0,2
noite_2,363,cw13,2,62.6,152.0,152.03,59,61,96.72131147540983,2.5767796610169493,33,63,0,0,0,2
noite_2,363,multi,2,66.0,159.0,160.29,59,61,96.72131147540983,2.716779661016949,32,32,0,0,0,0
noite_2,364,cw1,2,72.1,174.0,175.11,57,61,93.44262295081967,3.072105263157895,28,28,0,0,1,3
noite_2,364,cw13,2,72.1,174.0,175.11,57,61,93.44262295081967,3.072105263157895,28,28,0,0,1,3
noite_2,364,multi,3,83.2,204.0,202.05,57,61,93.44262295081967,3.544736842105263,28,28,0,0,1,2
noite_2,365,cw1,2,70.5,172.0,171.22,57,61,93.44262295081967,3.003859649122807,32,58,0,0,0,4
noite_2,365,cw13,2,70.5,172.0,171.22,57,61,93.44262295081967,3.003859649122807,32,58,0,0,0,4
noite_2,365,multi,2,72.05,175.0,174.98,57,61,93.44262295081967,3.0698245614035087,31,31,0,0,0,2
noite_2,366,cw1,2,71.7,172.0,174.13,58,61,95.08196721311475,3.0022413793103446,36,65,0,0,0,5
noite_2,366,cw13,2,71.7,172.0,174.13,58,61,95.08196721311475,3.0022413793103446,36,65,0,0,0,5
noite_2,366,multi,2,69.7,168.0,169.27,58,61,95.08196721311475,2.9184482758620693,36,36,0,0,0,2
noite_2,367,cw1,2,74.0,178.0,179.72,59,61,96.72131147540983,3.0461016949152544,37,74,0,1,1,3
noite_2,367,cw13,2,74.0,178.0,179.72,59,61,96.72131147540983,3.0461016949152544,37,74,0,1,1,3
noite_2,367,multi,2,73.2,183.0,177.77,59,61,96.72131147540983,3.0130508474576274,40,40,0,4,1,2
noite_2,368,cw1,2,74.55,180.0,181.05,59,61,96.72131147540983,3.0686440677966105,36,65,0,0,0,1
noite_2,368,cw13,2,74.55,180.0,181.05,59,61,96.72131147540983,3.0686440677966105,36,65,0,0,0,1
noite_2,368,multi,2,73.2,177.0,177.77,59,61,96.72131147540983,3.0130508474576274,36,36,0,0,0,1
noite_2,369,cw1,2,79.35,192.0,192.71,60,61,98.36065573770492,3.2118333333333333,35,59,0,0,1,4
noite_2,369,cw13,2,79.35,192.0,192.71,60,61,98.36065573770492,3.2118333333333333,35,59,0,0,1,4
noite_2,369,multi,3,83.25,200.0,202.17,60,61,98.36065573770492,3.3695,35,35,0,0,0,2
noite_2,370,cw1,2,70.6,172.0,171.46,58,61,95.08196721311475,2.9562068965517243,33,60,0,0,0,4
noite_2,370,cw13,2,70.6,172.0,171.46,58,61,95.08196721311475,2.9562068965517243,33,60,0,0,0,4
noite_2,370,multi,2,71.2,175.0,172.92,58,61,95.08196721311475,2.981379310344827,32,32,0,0,0,2
noite_2,371,cw1,2,71.55,169.0,173.77,58,61,95.08196721311475,2.996034482758621,37,37,0,1,0,2
noite_2,371,cw13,2,71.55,169.0,173.77,58,61,95.08196721311475,2.996034482758621,37,37,0,1,0,2
noite_2,371,multi,3,78.45,187.0,190.52,58,61,95.08196721311475,3.2848275862068967,37,37,0,1,0,1
noite_2,372,cw1,2,79.65,193.0,193.44,61,61,100.0,3.1711475409836067,38,71,0,2,1,5
noite_2,372,cw13,2,79.65,193.0,193.44,61,61,100.0,3.1711475409836067,38,71,0,2,1,5
noite_2,372,multi,3,82.55,200.0,200.47,61,61,100.0,3.2863934426229506,37,37,0,1,0,2
noite_2,373,cw1,2,75.25,184.0,182.75,59,61,96.72131147540983,3.097457627118644,37,70,0,1,1,4
noite_2,373,cw13,2,75.25,184.0,182.75,59,61,96.72131147540983,3.097457627118644,37,70,0,1,1,4
noite_2,373,multi,2,74.45,183.0,180.81,59,61,96.72131147540983,3.0645762711864406,36,36,0,0,1,2
noite_2,374,cw1,2,75.2,184.0,182.63,59,61,96.72131147540983,3.095423728813559,37,70,0,1,1,3
noite_2,374,cw13,2,75.2,184.0,182.63,59,61,96.72131147540983,3.095423728813559,37,70,0,1,1,3
noite_2,374,multi,2,50.35,116.0,122.28,41,61,67.21311475409836,2.982439024390244,35,35,0,0,0,0
noite_2,375,cw1,2,71.85,174.0,174.5,59,61,96.72131147540983,2.957627118644068,29,54,0,0,1,2
noite_2,375,cw13,2,71.85,174.0,174.5,59,61,96.72131147540983,2.957627118644068,29,54,0,0,1,2
noite_2,375,multi,2,75.45,187.0,183.24,59,61,96.72131147540983,3.105762711864407,28,28,0,0,1,2
noite_2,376,cw1,2,72.85,176.0,176.92,59,61,96.72131147540983,2.9986440677966097,29,58,0,0,1,4
noite_2,376,cw13,2,72.85,176.0,176.92,59,61,96.72131147540983,2.9986440677966097,29,58,0,0,1,4
noite_2,376,multi,3,81.15,199.0,197.08,59,61,96.72131147540983,3.340338983050848,32,32,0,0,0,2
noite_2,377,cw1,2,72.4,173.0,175.83,60,61,98.36065573770492,2.9305000000000003,34,59,0,0,1,4
noite_2,377,cw13,2,72.4,173.0,175.83,60,61,98.36065573770492,2.9305000000000003,34,59,0,0,1,4
noite_2,377,multi,2,72.7,176.0,176.56,60,61,98.36065573770492,2.9426666666666668,31,31,0,0,0,1
noite_2,378,cw1,2,76.85,187.0,186.64,61,61,100.0,3.0596721311475408,38,70,0,2,1,3
noite_2,378,cw13,2,76.85,187.0,186.64,61,61,100.0,3.0596721311475408,38,70,0,2,1,3
noite_2,378,multi,2,40.5,103.0,98.35,39,61,63.9344262295082,2.5217948717948717,36,36,0,0,0,1
noite_2,379,cw1,2,76.4,184.0,185.54,61,61,100.0,3.041639344262295,34,62,0,0,1,3
noite_2,379,cw13,2,76.4,184.0,185.54,61,61,100.0,3.041639344262295,34,62,0,0,1,3
noite_2,379,multi,2,71.8,171.0,174.37,61,61,100.0,2.8585245901639347,33,33,0,0,0,1
noite_2,380,cw1,2,63.65,154.0,154.58,57,61,93.44262295081967,2.7119298245614036,35,64,0,0,0,4
noite_2,380,cw13,2,63.65,154.0,154.58,57,61,93.44262295081967,2.7119298245614036,35,64,0,0,0,4
noite_2,380,multi,2,63.65,154.0,154.58,57,61,93.44262295081967,2.7119298245614036,35,35,0,0,0,2
noite_2,381,cw1,2,69.55,170.0,168.91,59,61,96.72131147540983,2.8628813559322035,30,50,0,0,0,4
noite_2,381,cw13,2,69.55,170.0,168.91,59,61,96.72131147540983,2.8628813559322035,30,50,0,0,0,4
noite_2,381,multi,2,64.35,161.0,156.29,59,61,96.72131147540983,2.6489830508474577,27,27,0,0,0,1
noite_2,382,cw1,2,72.8,178.0,176.8,60,61,98.36065573770492,2.9466666666666668,36,68,0,0,0,2
noite_2,382,cw13,2,72.8,178.0,176.8,60,61,98.36065573770492,2.9466666666666668,36,68,0,0,0,2
noite_2,382,multi,2,72.1,174.0,175.11,60,61,98.36065573770492,2.9185000000000003,34,34,0,0,1,1
noite_2,383,cw1,2,71.6,175.0,173.88,57,61,93.44262295081967,3.0505263157894738,31,55,0,0,0,4
noite_2,383,cw13,2,71.6,175.0,173.88,57,61,93.44262295081967,3.0505263157894738,31,55,0,0,0,4
noite_2,383,multi,2,72.2,178.0,175.34,57,61,93.44262295081967,3.076140350877193,30,30,0,0,0,2
noite_2,384,cw1,2,74.4,181.0,180.69,57,61,93.44262295081967,3.17,32,55,0,0,1,4
noite_2,384,cw13,2,74.4,181.0,180.69,57,61,93.44262295081967,3.17,32,55,0,0,1,4
noite_2,384,multi,3,78.3,193.0,190.15,57,61,93.44262295081967,3.335964912280702,31,31,0,0,0,1
noite_2,385,cw1,2,70.65,172.0,171.58,60,61,98.36065573770492,2.859666666666667,40,68,0,4,0,2
noite_2,385,cw13,2,70.65,172.0,171.58,60,61,98.36065573770492,2.859666666666667,40,68,0,4,0,2
noite_2,385,multi,2,76.85,193.0,186.63,60,61,98.36065573770492,3.1105,37,37,0,1,1,1
noite_2,386,cw1,2,69.8,169.0,169.51,59,61,96.72131147540983,2.873050847457627,31,58,0,0,0,3
noite_2,386,cw13,2,69.8,169.0,169.51,59,61,96.72131147540983,2.873050847457627,31,58,0,0,0,3
noite_2,386,multi,2,75.0,177.0,182.14,59,61,96.72131147540983,3.0871186440677962,30,30,0,0,0,1
noite_2,387,cw1,2,68.95,170.0,167.45,56,61,91.80327868852459,2.9901785714285714,33,64,0,0,0,2
noite_2,387,cw13,2,68.95,170.0,167.45,56,61,91.80327868852459,2.9901785714285714,33,64,0,0,0,2
noite_2,387,multi,2,68.75,160.0,166.97,56,61,91.80327868852459,2.981607142857143,32,32,0,0,0,1
noite_2,388,cw1,2,68.55,166.0,166.48,58,61,95.08196721311475,2.870344827586207,33,33,0,0,1,1
noite_2,388,cw13,2,68.55,166.0,166.48,58,61,95.08196721311475,2.870344827586207,33,33,0,0,1,1
noite_2,388,multi,2,68.0,165.0,165.15,58,61,95.08196721311475,2.847413793103448,33,33,0,0,0,1
noite_2,389,cw1,2,65.9,157.0,160.05,57,61,93.44262295081967,2.8078947368421057,39,78,0,3,0,1
noite_2,389,cw13,2,65.9,157.0,160.05,57,61,93.44262295081967,2.8078947368421057,39,78,0,3,0,1
noite_2,389,multi,2,66.8,160.0,162.23,57,61,93.44262295081967,2.8461403508771927,41,41,0,5,0,1
noite_2,390,cw1,2,69.05,169.0,167.7,59,61,96.72131147540983,2.842372881355932,29,54,0,0,1,4
noite_2,390,cw13,2,69.05,169.0,167.7,59,61,96.72131147540983,2.842372881355932,29,54,0,0,1,4
noite_2,390,multi,2,72.75,179.0,176.68,59,61,96.72131147540983,2.9945762711864408,29,29,0,0,0,2
noite_2,391,cw1,2,68.3,168.0,165.87,58,61,95.08196721311475,2.8598275862068965,28,50,0,0,0,4
noite_2,391,cw13,2,68.3,168.0,165.87,58,61,95.08196721311475,2.8598275862068965,28,50,0,0,0,4
noite_2,391,multi,2,68.3,168.0,165.87,58,61,95.08196721311475,2.8598275862068965,27,27,0,0,0,1
noite_2,392,cw1,2,72.9,175.0,177.05,59,61,96.72131147540983,3.0008474576271187,36,72,0,0,1,3
noite_2,392,cw13,2,72.9,175.0,177.05,59,61,96.72131147540983,3.0008474576271187,36,72,0,0,1,3
noite_2,392,multi,3,84.9,203.0,206.19,59,61,96.72131147540983,3.4947457627118643,36,36,0,0,1,1
noite_2,393,cw1,2,76.75,179.0,186.39,57,61,93.44262295081967,3.2699999999999996,30,60,0,0,1,3
noite_2,393,cw13,2,76.75,179.0,186.39,57,61,93.44262295081967,3.2699999999999996,30,60,0,0,1,3
noite_2,393,multi,3,84.15,195.0,204.36,57,61,93.44262295081967,3.585263157894737,31,31,0,0,1,2
noite_2,394,cw1,2,68.9,167.0,167.33,58,61,95.08196721311475,2.8850000000000002,30,42,0,0,0,3
noite_2,394,cw13,2,68.9,167.0,167.33,58,61,95.08196721311475,2.8850000000000002,30,42,0,0,0,3
noite_2,394,multi,2,67.4,164.0,163.69,58,61,95.08196721311475,2.822241379310345,29,29,0,0,0,1
noite_2,395,cw1,2,79.2,191.0,192.35,59,61,96.72131147540983,3.260169491525424,29,51,0,0,1,4
noite_2,395,cw13,2,79.2,191.0,192.35,59,61,96.72131147540983,3.260169491525424,29,51,0,0,1,4
noite_2,395,multi,3,84.9,204.0,206.19,59,61,96.72131147540983,3.4947457627118643,29,29,0,0,1,2
noite_2,396,cw1,2,72.2,176.0,175.35,61,61,100.0,2.874590163934426,40,72,0,4,0,2
noite_2,396,cw13,2,72.2,176.0,175.35,61,61,100.0,2.874590163934426,40,72,0,4,0,2
noite_2,396,multi,2,72.2,176.0,175.35,61,61,100.0,2.874590163934426,40,40,0,4,0,1
noite_2,397,cw1,2,75.65,181.0,183.72,59,61,96.72131147540983,3.1138983050847457,33,64,0,0,1,2
noite_2,397,cw13,2,75.65,181.0,183.72,59,61,96.72131147540983,3.1138983050847457,33,64,0,0,1,2
noite_2,397,multi,2,63.75,153.0,154.83,59,61,96.72131147540983,2.6242372881355935,32,32,0,0,0,2
noite_2,398,cw1,2,67.35,162.0,163.56,61,61,100.0,2.681311475409836,41,77,0,5,0,3
noite_2,398,cw13,2,67.35,162.0,163.56,61,61,100.0,2.681311475409836,41,77,0,5,0,3
noite_2,398,multi,2,67.35,162.0,163.56,61,61,100.0,2.681311475409836,41,41,0,5,0,1
noite_2,399,cw1,2,75.95,187.0,184.46,60,61,98.36065573770492,3.0743333333333336,30,58,0,0,1,5
noite_2,399,cw13,2,75.95,187.0,184.46,60,61,98.36065573770492,3.0743333333333336,30,58,0,0,1,5
noite_2,399,multi,3,79.95,193.0,194.17,60,61,98.36065573770492,3.2361666666666666,30,30,0,0,0,2
